2026-01-20 15:07:58,464 [daml.index.db.threadpool.connection.api-server-3] DEBUG c.d.c.n.g.ApiRequestLogger:participant=sandbox tid:0f0cbbf7e79871ef3d3f034c7dd10941 - Request c.d.l.a.v.PackageService/GetPackageStatus by /127.0.0.1:49267: received a message 
  Request tid:0f0cbbf7e79871ef3d3f034c7dd10941
2026-01-20 15:07:58,466 [canton-env-ec-78] INFO  c.d.c.p.a.s.ApiPackageService:participant=sandbox tid:0f0cbbf7e79871ef3d3f034c7dd10941 - Received request for a package status: GetPackageStatusRequest(sandbox,d58cf9939847921b2aab78eaa7b427dc4c649d25e6bee3c749ace4c3f52f5c97), packageId -> 'd58cf9939847921b2aab78eaa7b427dc4c649d25e6bee3c749ace4c3f52f5c97'.
2026-01-20 15:07:58,478 [daml.index.db.threadpool.connection.api-server-3] ERROR c.d.c.p.s.d.DbDispatcherImpl:participant=sandbox tid:0f0cbbf7e79871ef3d3f034c7dd10941 - INDEX_DB_SQL_NON_TRANSIENT_ERROR(4,0f0cbbf7): Processing the request failed due to a non-transient database error: Table "PACKAGES" not found (this database is empty); SQL statement:

      select packages.package_id, packages.source_description, packages.known_since, packages.package_size
      from packages
      where packages.ledger_offset <= ?
     [42104-210] err-context:{location=DatabaseSelfServiceError.scala:53} 
org.h2.jdbc.JdbcSQLSyntaxErrorException: Table "PACKAGES" not found (this database is empty); SQL statement:

      select packages.package_id, packages.source_description, packages.known_since, packages.package_size
      from packages
      where packages.ledger_offset <= ?
     [42104-210]
	at org.h2.message.DbException.getJdbcSQLException(DbException.java:521)
	at org.h2.message.DbException.getJdbcSQLException(DbException.java:496)
	at org.h2.message.DbException.get(DbException.java:227)
	at org.h2.message.DbException.get(DbException.java:203)
	at org.h2.command.Parser.getTableOrViewNotFoundDbException(Parser.java:8397)
	at org.h2.command.Parser.getTableOrViewNotFoundDbException(Parser.java:8381)
	at org.h2.command.Parser.readTableOrView(Parser.java:8370)
	at org.h2.command.Parser.readTablePrimary(Parser.java:1866)
	at org.h2.command.Parser.readTableReference(Parser.java:2342)
	at org.h2.command.Parser.parseSelectFromPart(Parser.java:2793)
	at org.h2.command.Parser.parseSelect(Parser.java:2900)
	at org.h2.command.Parser.parseQueryPrimary(Parser.java:2783)
	at org.h2.command.Parser.parseQueryTerm(Parser.java:2650)
	at org.h2.command.Parser.parseQueryExpressionBody(Parser.java:2629)
	at org.h2.command.Parser.parseQueryExpressionBodyAndEndOfQuery(Parser.java:2622)
	at org.h2.command.Parser.parseQueryExpression(Parser.java:2615)
	at org.h2.command.Parser.parseQuery(Parser.java:2576)
	at org.h2.command.Parser.parsePrepared(Parser.java:707)
	at org.h2.command.Parser.parse(Parser.java:674)
	at org.h2.command.Parser.parse(Parser.java:644)
	at org.h2.command.Parser.prepareCommand(Parser.java:551)
	at org.h2.engine.SessionLocal.prepareLocal(SessionLocal.java:615)
	at org.h2.engine.SessionLocal.prepareCommand(SessionLocal.java:553)
	at org.h2.jdbc.JdbcConnection.prepareCommand(JdbcConnection.java:1116)
	at org.h2.jdbc.JdbcPreparedStatement.<init>(JdbcPreparedStatement.java:92)
	at org.h2.jdbc.JdbcConnection.prepareStatement(JdbcConnection.java:288)
	at com.zaxxer.hikari.pool.ProxyConnection.prepareStatement(ProxyConnection.java:311)
	at com.zaxxer.hikari.pool.HikariProxyConnection.prepareStatement(HikariProxyConnection.java)
	at anorm.SimpleSql.$anonfun$prepareNoGeneratedKeys$1(SimpleSql.scala:55)
	at anorm.SimpleSql.unsafeStatement(SimpleSql.scala:85)
	at anorm.SimpleSql.unsafeStatement(SimpleSql.scala:68)
	at anorm.Sql.$anonfun$preparedStatement$1(Anorm.scala:77)
	at resource.DefaultManagedResource.open(AbstractManagedResource.scala:107)
	at resource.AbstractManagedResource.acquireFor(AbstractManagedResource.scala:84)
	at resource.ManagedResourceOperations$$anon$1.acquireFor(ManagedResourceOperations.scala:47)
	at resource.DeferredExtractableManagedResource.acquireFor(AbstractManagedResource.scala:25)
	at resource.ManagedResourceOperations.apply(ManagedResourceOperations.scala:31)
	at resource.ManagedResourceOperations.apply$(ManagedResourceOperations.scala:31)
	at resource.DeferredExtractableManagedResource.apply(AbstractManagedResource.scala:22)
	at resource.ManagedResourceOperations.acquireAndGet(ManagedResourceOperations.scala:29)
	at resource.ManagedResourceOperations.acquireAndGet$(ManagedResourceOperations.scala:29)
	at resource.DeferredExtractableManagedResource.acquireAndGet(AbstractManagedResource.scala:22)
	at anorm.Sql$.$anonfun$asTry$1(Anorm.scala:263)
	at scala.util.Try$.apply(Try.scala:210)
	at anorm.Sql$.asTry(Anorm.scala:263)
	at anorm.WithResult.asTry(SqlResult.scala:215)
	at anorm.WithResult.asTry$(SqlResult.scala:213)
	at anorm.SimpleSql.asTry(SimpleSql.scala:6)
	at anorm.WithResult.as(SqlResult.scala:205)
	at anorm.WithResult.as$(SqlResult.scala:204)
	at anorm.SimpleSql.as(SimpleSql.scala:6)
	at com.digitalasset.canton.platform.store.backend.common.PackageStorageBackendTemplate.lfPackages(PackageStorageBackendTemplate.scala:54)
	at com.digitalasset.canton.platform.store.dao.JdbcLedgerDao.$anonfun$listLfPackages$1(JdbcLedgerDao.scala:311)
	at com.digitalasset.canton.platform.store.dao.DataSourceConnectionProvider$$anon$1.$anonfun$runSQL$1(HikariJdbcConnectionProvider.scala:80)
	at com.daml.metrics.api.opentelemetry.OpenTelemetryTimer.time(OpenTelemetryMetricsFactory.scala:180)
	at com.daml.metrics.Timed$.value(Timed.scala:18)
	at com.digitalasset.canton.platform.store.dao.DataSourceConnectionProvider$$anon$1.runSQL(HikariJdbcConnectionProvider.scala:80)
	at com.digitalasset.canton.platform.store.dao.DbDispatcherImpl.$anonfun$executeSql$2(DbDispatcher.scala:87)
	at scala.concurrent.Future$.$anonfun$apply$1(Future.scala:687)
	at scala.concurrent.impl.Promise$Transformation.run(Promise.scala:467)
	at com.daml.executors.QueueAwareExecutorService$TrackingRunnable.run(QueueAwareExecutorService.scala:98)
	at com.daml.metrics.InstrumentedExecutorServiceMetrics$InstrumentedExecutorService$InstrumentedRunnable.run(InstrumentedExecutorServiceMetrics.scala:202)
	at java.base/java.util.concurrent.ThreadPoolExecutor.runWorker(ThreadPoolExecutor.java:1136)
	at java.base/java.util.concurrent.ThreadPoolExecutor$Worker.run(ThreadPoolExecutor.java:635)
	at java.base/java.lang.Thread.run(Thread.java:840)
2026-01-20 15:07:58,465 [daml.index.db.threadpool.connection.api-server-0] DEBUG c.d.c.n.g.ApiRequestLogger:participant=sandbox tid:c70d3e18ed6e64128ff383e1bafe6e3d - Request c.d.l.a.v.PackageService/GetPackageStatus by /127.0.0.1:49267: received a message 
  Request tid:c70d3e18ed6e64128ff383e1bafe6e3d
2026-01-20 15:07:58,466 [canton-env-ec-21] INFO  c.d.c.p.a.s.ApiPackageService:participant=sandbox tid:c70d3e18ed6e64128ff383e1bafe6e3d - Received request for a package status: GetPackageStatusRequest(sandbox,86828b9843465f419db1ef8a8ee741d1eef645df02375ebf509cdc8c3ddd16cb), packageId -> '86828b9843465f419db1ef8a8ee741d1eef645df02375ebf509cdc8c3ddd16cb'.
2026-01-20 15:07:58,478 [daml.index.db.threadpool.connection.api-server-0] ERROR c.d.c.p.s.d.DbDispatcherImpl:participant=sandbox tid:c70d3e18ed6e64128ff383e1bafe6e3d - INDEX_DB_SQL_NON_TRANSIENT_ERROR(4,c70d3e18): Processing the request failed due to a non-transient database error: Table "PACKAGES" not found (this database is empty); SQL statement:

      select packages.package_id, packages.source_description, packages.known_since, packages.package_size
      from packages
      where packages.ledger_offset <= ?
     [42104-210] err-context:{location=DatabaseSelfServiceError.scala:53} 
org.h2.jdbc.JdbcSQLSyntaxErrorException: Table "PACKAGES" not found (this database is empty); SQL statement:

      select packages.package_id, packages.source_description, packages.known_since, packages.package_size
      from packages
      where packages.ledger_offset <= ?
     [42104-210]
	at org.h2.message.DbException.getJdbcSQLException(DbException.java:521)
	at org.h2.message.DbException.getJdbcSQLException(DbException.java:496)
	at org.h2.message.DbException.get(DbException.java:227)
	at org.h2.message.DbException.get(DbException.java:203)
	at org.h2.command.Parser.getTableOrViewNotFoundDbException(Parser.java:8397)
	at org.h2.command.Parser.getTableOrViewNotFoundDbException(Parser.java:8381)
	at org.h2.command.Parser.readTableOrView(Parser.java:8370)
	at org.h2.command.Parser.readTablePrimary(Parser.java:1866)
	at org.h2.command.Parser.readTableReference(Parser.java:2342)
	at org.h2.command.Parser.parseSelectFromPart(Parser.java:2793)
	at org.h2.command.Parser.parseSelect(Parser.java:2900)
	at org.h2.command.Parser.parseQueryPrimary(Parser.java:2783)
	at org.h2.command.Parser.parseQueryTerm(Parser.java:2650)
	at org.h2.command.Parser.parseQueryExpressionBody(Parser.java:2629)
	at org.h2.command.Parser.parseQueryExpressionBodyAndEndOfQuery(Parser.java:2622)
	at org.h2.command.Parser.parseQueryExpression(Parser.java:2615)
	at org.h2.command.Parser.parseQuery(Parser.java:2576)
	at org.h2.command.Parser.parsePrepared(Parser.java:707)
	at org.h2.command.Parser.parse(Parser.java:674)
	at org.h2.command.Parser.parse(Parser.java:644)
	at org.h2.command.Parser.prepareCommand(Parser.java:551)
	at org.h2.engine.SessionLocal.prepareLocal(SessionLocal.java:615)
	at org.h2.engine.SessionLocal.prepareCommand(SessionLocal.java:553)
	at org.h2.jdbc.JdbcConnection.prepareCommand(JdbcConnection.java:1116)
	at org.h2.jdbc.JdbcPreparedStatement.<init>(JdbcPreparedStatement.java:92)
	at org.h2.jdbc.JdbcConnection.prepareStatement(JdbcConnection.java:288)
	at com.zaxxer.hikari.pool.ProxyConnection.prepareStatement(ProxyConnection.java:311)
	at com.zaxxer.hikari.pool.HikariProxyConnection.prepareStatement(HikariProxyConnection.java)
	at anorm.SimpleSql.$anonfun$prepareNoGeneratedKeys$1(SimpleSql.scala:55)
	at anorm.SimpleSql.unsafeStatement(SimpleSql.scala:85)
	at anorm.SimpleSql.unsafeStatement(SimpleSql.scala:68)
	at anorm.Sql.$anonfun$preparedStatement$1(Anorm.scala:77)
	at resource.DefaultManagedResource.open(AbstractManagedResource.scala:107)
	at resource.AbstractManagedResource.acquireFor(AbstractManagedResource.scala:84)
	at resource.ManagedResourceOperations$$anon$1.acquireFor(ManagedResourceOperations.scala:47)
	at resource.DeferredExtractableManagedResource.acquireFor(AbstractManagedResource.scala:25)
	at resource.ManagedResourceOperations.apply(ManagedResourceOperations.scala:31)
	at resource.ManagedResourceOperations.apply$(ManagedResourceOperations.scala:31)
	at resource.DeferredExtractableManagedResource.apply(AbstractManagedResource.scala:22)
	at resource.ManagedResourceOperations.acquireAndGet(ManagedResourceOperations.scala:29)
	at resource.ManagedResourceOperations.acquireAndGet$(ManagedResourceOperations.scala:29)
	at resource.DeferredExtractableManagedResource.acquireAndGet(AbstractManagedResource.scala:22)
	at anorm.Sql$.$anonfun$asTry$1(Anorm.scala:263)
	at scala.util.Try$.apply(Try.scala:210)
	at anorm.Sql$.asTry(Anorm.scala:263)
	at anorm.WithResult.asTry(SqlResult.scala:215)
	at anorm.WithResult.asTry$(SqlResult.scala:213)
	at anorm.SimpleSql.asTry(SimpleSql.scala:6)
	at anorm.WithResult.as(SqlResult.scala:205)
	at anorm.WithResult.as$(SqlResult.scala:204)
	at anorm.SimpleSql.as(SimpleSql.scala:6)
	at com.digitalasset.canton.platform.store.backend.common.PackageStorageBackendTemplate.lfPackages(PackageStorageBackendTemplate.scala:54)
	at com.digitalasset.canton.platform.store.dao.JdbcLedgerDao.$anonfun$listLfPackages$1(JdbcLedgerDao.scala:311)
	at com.digitalasset.canton.platform.store.dao.DataSourceConnectionProvider$$anon$1.$anonfun$runSQL$1(HikariJdbcConnectionProvider.scala:80)
	at com.daml.metrics.api.opentelemetry.OpenTelemetryTimer.time(OpenTelemetryMetricsFactory.scala:180)
	at com.daml.metrics.Timed$.value(Timed.scala:18)
	at com.digitalasset.canton.platform.store.dao.DataSourceConnectionProvider$$anon$1.runSQL(HikariJdbcConnectionProvider.scala:80)
	at com.digitalasset.canton.platform.store.dao.DbDispatcherImpl.$anonfun$executeSql$2(DbDispatcher.scala:87)
	at scala.concurrent.Future$.$anonfun$apply$1(Future.scala:687)
	at scala.concurrent.impl.Promise$Transformation.run(Promise.scala:467)
	at com.daml.executors.QueueAwareExecutorService$TrackingRunnable.run(QueueAwareExecutorService.scala:98)
	at com.daml.metrics.InstrumentedExecutorServiceMetrics$InstrumentedExecutorService$InstrumentedRunnable.run(InstrumentedExecutorServiceMetrics.scala:202)
	at java.base/java.util.concurrent.ThreadPoolExecutor.runWorker(ThreadPoolExecutor.java:1136)
	at java.base/java.util.concurrent.ThreadPoolExecutor$Worker.run(ThreadPoolExecutor.java:635)
	at java.base/java.lang.Thread.run(Thread.java:840)
2026-01-20 15:07:58,464 [daml.index.db.threadpool.connection.api-server-2] DEBUG c.d.c.n.g.ApiRequestLogger:participant=sandbox tid:137293f096dc5d749f406334d4f9a3ec - Request c.d.l.a.v.PackageService/GetPackageStatus by /127.0.0.1:49267: received a message 
  Request tid:137293f096dc5d749f406334d4f9a3ec
2026-01-20 15:07:58,467 [canton-env-ec-28] INFO  c.d.c.p.a.s.ApiPackageService:participant=sandbox tid:137293f096dc5d749f406334d4f9a3ec - Received request for a package status: GetPackageStatusRequest(sandbox,99a2705ed38c1c26cbb8fe7acf36bbf626668e167a33335de932599219e0a235), packageId -> '99a2705ed38c1c26cbb8fe7acf36bbf626668e167a33335de932599219e0a235'.
2026-01-20 15:07:58,478 [daml.index.db.threadpool.connection.api-server-2] ERROR c.d.c.p.s.d.DbDispatcherImpl:participant=sandbox tid:137293f096dc5d749f406334d4f9a3ec - INDEX_DB_SQL_NON_TRANSIENT_ERROR(4,137293f0): Processing the request failed due to a non-transient database error: Table "PACKAGES" not found (this database is empty); SQL statement:

      select packages.package_id, packages.source_description, packages.known_since, packages.package_size
      from packages
      where packages.ledger_offset <= ?
     [42104-210] err-context:{location=DatabaseSelfServiceError.scala:53} 
org.h2.jdbc.JdbcSQLSyntaxErrorException: Table "PACKAGES" not found (this database is empty); SQL statement:

      select packages.package_id, packages.source_description, packages.known_since, packages.package_size
      from packages
      where packages.ledger_offset <= ?
     [42104-210]
	at org.h2.message.DbException.getJdbcSQLException(DbException.java:521)
	at org.h2.message.DbException.getJdbcSQLException(DbException.java:496)
	at org.h2.message.DbException.get(DbException.java:227)
	at org.h2.message.DbException.get(DbException.java:203)
	at org.h2.command.Parser.getTableOrViewNotFoundDbException(Parser.java:8397)
	at org.h2.command.Parser.getTableOrViewNotFoundDbException(Parser.java:8381)
	at org.h2.command.Parser.readTableOrView(Parser.java:8370)
	at org.h2.command.Parser.readTablePrimary(Parser.java:1866)
	at org.h2.command.Parser.readTableReference(Parser.java:2342)
	at org.h2.command.Parser.parseSelectFromPart(Parser.java:2793)
	at org.h2.command.Parser.parseSelect(Parser.java:2900)
	at org.h2.command.Parser.parseQueryPrimary(Parser.java:2783)
	at org.h2.command.Parser.parseQueryTerm(Parser.java:2650)
	at org.h2.command.Parser.parseQueryExpressionBody(Parser.java:2629)
	at org.h2.command.Parser.parseQueryExpressionBodyAndEndOfQuery(Parser.java:2622)
	at org.h2.command.Parser.parseQueryExpression(Parser.java:2615)
	at org.h2.command.Parser.parseQuery(Parser.java:2576)
	at org.h2.command.Parser.parsePrepared(Parser.java:707)
	at org.h2.command.Parser.parse(Parser.java:674)
	at org.h2.command.Parser.parse(Parser.java:644)
	at org.h2.command.Parser.prepareCommand(Parser.java:551)
	at org.h2.engine.SessionLocal.prepareLocal(SessionLocal.java:615)
	at org.h2.engine.SessionLocal.prepareCommand(SessionLocal.java:553)
	at org.h2.jdbc.JdbcConnection.prepareCommand(JdbcConnection.java:1116)
	at org.h2.jdbc.JdbcPreparedStatement.<init>(JdbcPreparedStatement.java:92)
	at org.h2.jdbc.JdbcConnection.prepareStatement(JdbcConnection.java:288)
	at com.zaxxer.hikari.pool.ProxyConnection.prepareStatement(ProxyConnection.java:311)
	at com.zaxxer.hikari.pool.HikariProxyConnection.prepareStatement(HikariProxyConnection.java)
	at anorm.SimpleSql.$anonfun$prepareNoGeneratedKeys$1(SimpleSql.scala:55)
	at anorm.SimpleSql.unsafeStatement(SimpleSql.scala:85)
	at anorm.SimpleSql.unsafeStatement(SimpleSql.scala:68)
	at anorm.Sql.$anonfun$preparedStatement$1(Anorm.scala:77)
	at resource.DefaultManagedResource.open(AbstractManagedResource.scala:107)
	at resource.AbstractManagedResource.acquireFor(AbstractManagedResource.scala:84)
	at resource.ManagedResourceOperations$$anon$1.acquireFor(ManagedResourceOperations.scala:47)
	at resource.DeferredExtractableManagedResource.acquireFor(AbstractManagedResource.scala:25)
	at resource.ManagedResourceOperations.apply(ManagedResourceOperations.scala:31)
	at resource.ManagedResourceOperations.apply$(ManagedResourceOperations.scala:31)
	at resource.DeferredExtractableManagedResource.apply(AbstractManagedResource.scala:22)
	at resource.ManagedResourceOperations.acquireAndGet(ManagedResourceOperations.scala:29)
	at resource.ManagedResourceOperations.acquireAndGet$(ManagedResourceOperations.scala:29)
	at resource.DeferredExtractableManagedResource.acquireAndGet(AbstractManagedResource.scala:22)
	at anorm.Sql$.$anonfun$asTry$1(Anorm.scala:263)
	at scala.util.Try$.apply(Try.scala:210)
	at anorm.Sql$.asTry(Anorm.scala:263)
	at anorm.WithResult.asTry(SqlResult.scala:215)
	at anorm.WithResult.asTry$(SqlResult.scala:213)
	at anorm.SimpleSql.asTry(SimpleSql.scala:6)
	at anorm.WithResult.as(SqlResult.scala:205)
	at anorm.WithResult.as$(SqlResult.scala:204)
	at anorm.SimpleSql.as(SimpleSql.scala:6)
	at com.digitalasset.canton.platform.store.backend.common.PackageStorageBackendTemplate.lfPackages(PackageStorageBackendTemplate.scala:54)
	at com.digitalasset.canton.platform.store.dao.JdbcLedgerDao.$anonfun$listLfPackages$1(JdbcLedgerDao.scala:311)
	at com.digitalasset.canton.platform.store.dao.DataSourceConnectionProvider$$anon$1.$anonfun$runSQL$1(HikariJdbcConnectionProvider.scala:80)
	at com.daml.metrics.api.opentelemetry.OpenTelemetryTimer.time(OpenTelemetryMetricsFactory.scala:180)
	at com.daml.metrics.Timed$.value(Timed.scala:18)
	at com.digitalasset.canton.platform.store.dao.DataSourceConnectionProvider$$anon$1.runSQL(HikariJdbcConnectionProvider.scala:80)
	at com.digitalasset.canton.platform.store.dao.DbDispatcherImpl.$anonfun$executeSql$2(DbDispatcher.scala:87)
	at scala.concurrent.Future$.$anonfun$apply$1(Future.scala:687)
	at scala.concurrent.impl.Promise$Transformation.run(Promise.scala:467)
	at com.daml.executors.QueueAwareExecutorService$TrackingRunnable.run(QueueAwareExecutorService.scala:98)
	at com.daml.metrics.InstrumentedExecutorServiceMetrics$InstrumentedExecutorService$InstrumentedRunnable.run(InstrumentedExecutorServiceMetrics.scala:202)
	at java.base/java.util.concurrent.ThreadPoolExecutor.runWorker(ThreadPoolExecutor.java:1136)
	at java.base/java.util.concurrent.ThreadPoolExecutor$Worker.run(ThreadPoolExecutor.java:635)
	at java.base/java.lang.Thread.run(Thread.java:840)
2026-01-20 15:07:58,464 [daml.index.db.threadpool.connection.api-server-4] DEBUG c.d.c.n.g.ApiRequestLogger:participant=sandbox tid:497abc87829902fbbe84da5ce85b702c - Request c.d.l.a.v.PackageService/GetPackageStatus by /127.0.0.1:49267: received a message 
  Request tid:497abc87829902fbbe84da5ce85b702c
2026-01-20 15:07:58,466 [canton-env-ec-31] INFO  c.d.c.p.a.s.ApiPackageService:participant=sandbox tid:497abc87829902fbbe84da5ce85b702c - Received request for a package status: GetPackageStatusRequest(sandbox,7748754b5e4d9392d6b485367e7b4d5e1b0142ff4d4ce3327911166633c5da04), packageId -> '7748754b5e4d9392d6b485367e7b4d5e1b0142ff4d4ce3327911166633c5da04'.
2026-01-20 15:07:58,478 [daml.index.db.threadpool.connection.api-server-4] ERROR c.d.c.p.s.d.DbDispatcherImpl:participant=sandbox tid:497abc87829902fbbe84da5ce85b702c - INDEX_DB_SQL_NON_TRANSIENT_ERROR(4,497abc87): Processing the request failed due to a non-transient database error: Table "PACKAGES" not found (this database is empty); SQL statement:

      select packages.package_id, packages.source_description, packages.known_since, packages.package_size
      from packages
      where packages.ledger_offset <= ?
     [42104-210] err-context:{location=DatabaseSelfServiceError.scala:53} 
org.h2.jdbc.JdbcSQLSyntaxErrorException: Table "PACKAGES" not found (this database is empty); SQL statement:

      select packages.package_id, packages.source_description, packages.known_since, packages.package_size
      from packages
      where packages.ledger_offset <= ?
     [42104-210]
	at org.h2.message.DbException.getJdbcSQLException(DbException.java:521)
	at org.h2.message.DbException.getJdbcSQLException(DbException.java:496)
	at org.h2.message.DbException.get(DbException.java:227)
	at org.h2.message.DbException.get(DbException.java:203)
	at org.h2.command.Parser.getTableOrViewNotFoundDbException(Parser.java:8397)
	at org.h2.command.Parser.getTableOrViewNotFoundDbException(Parser.java:8381)
	at org.h2.command.Parser.readTableOrView(Parser.java:8370)
	at org.h2.command.Parser.readTablePrimary(Parser.java:1866)
	at org.h2.command.Parser.readTableReference(Parser.java:2342)
	at org.h2.command.Parser.parseSelectFromPart(Parser.java:2793)
	at org.h2.command.Parser.parseSelect(Parser.java:2900)
	at org.h2.command.Parser.parseQueryPrimary(Parser.java:2783)
	at org.h2.command.Parser.parseQueryTerm(Parser.java:2650)
	at org.h2.command.Parser.parseQueryExpressionBody(Parser.java:2629)
	at org.h2.command.Parser.parseQueryExpressionBodyAndEndOfQuery(Parser.java:2622)
	at org.h2.command.Parser.parseQueryExpression(Parser.java:2615)
	at org.h2.command.Parser.parseQuery(Parser.java:2576)
	at org.h2.command.Parser.parsePrepared(Parser.java:707)
	at org.h2.command.Parser.parse(Parser.java:674)
	at org.h2.command.Parser.parse(Parser.java:644)
	at org.h2.command.Parser.prepareCommand(Parser.java:551)
	at org.h2.engine.SessionLocal.prepareLocal(SessionLocal.java:615)
	at org.h2.engine.SessionLocal.prepareCommand(SessionLocal.java:553)
	at org.h2.jdbc.JdbcConnection.prepareCommand(JdbcConnection.java:1116)
	at org.h2.jdbc.JdbcPreparedStatement.<init>(JdbcPreparedStatement.java:92)
	at org.h2.jdbc.JdbcConnection.prepareStatement(JdbcConnection.java:288)
	at com.zaxxer.hikari.pool.ProxyConnection.prepareStatement(ProxyConnection.java:311)
	at com.zaxxer.hikari.pool.HikariProxyConnection.prepareStatement(HikariProxyConnection.java)
	at anorm.SimpleSql.$anonfun$prepareNoGeneratedKeys$1(SimpleSql.scala:55)
	at anorm.SimpleSql.unsafeStatement(SimpleSql.scala:85)
	at anorm.SimpleSql.unsafeStatement(SimpleSql.scala:68)
	at anorm.Sql.$anonfun$preparedStatement$1(Anorm.scala:77)
	at resource.DefaultManagedResource.open(AbstractManagedResource.scala:107)
	at resource.AbstractManagedResource.acquireFor(AbstractManagedResource.scala:84)
	at resource.ManagedResourceOperations$$anon$1.acquireFor(ManagedResourceOperations.scala:47)
	at resource.DeferredExtractableManagedResource.acquireFor(AbstractManagedResource.scala:25)
	at resource.ManagedResourceOperations.apply(ManagedResourceOperations.scala:31)
	at resource.ManagedResourceOperations.apply$(ManagedResourceOperations.scala:31)
	at resource.DeferredExtractableManagedResource.apply(AbstractManagedResource.scala:22)
	at resource.ManagedResourceOperations.acquireAndGet(ManagedResourceOperations.scala:29)
	at resource.ManagedResourceOperations.acquireAndGet$(ManagedResourceOperations.scala:29)
	at resource.DeferredExtractableManagedResource.acquireAndGet(AbstractManagedResource.scala:22)
	at anorm.Sql$.$anonfun$asTry$1(Anorm.scala:263)
	at scala.util.Try$.apply(Try.scala:210)
	at anorm.Sql$.asTry(Anorm.scala:263)
	at anorm.WithResult.asTry(SqlResult.scala:215)
	at anorm.WithResult.asTry$(SqlResult.scala:213)
	at anorm.SimpleSql.asTry(SimpleSql.scala:6)
	at anorm.WithResult.as(SqlResult.scala:205)
	at anorm.WithResult.as$(SqlResult.scala:204)
	at anorm.SimpleSql.as(SimpleSql.scala:6)
	at com.digitalasset.canton.platform.store.backend.common.PackageStorageBackendTemplate.lfPackages(PackageStorageBackendTemplate.scala:54)
	at com.digitalasset.canton.platform.store.dao.JdbcLedgerDao.$anonfun$listLfPackages$1(JdbcLedgerDao.scala:311)
	at com.digitalasset.canton.platform.store.dao.DataSourceConnectionProvider$$anon$1.$anonfun$runSQL$1(HikariJdbcConnectionProvider.scala:80)
	at com.daml.metrics.api.opentelemetry.OpenTelemetryTimer.time(OpenTelemetryMetricsFactory.scala:180)
	at com.daml.metrics.Timed$.value(Timed.scala:18)
	at com.digitalasset.canton.platform.store.dao.DataSourceConnectionProvider$$anon$1.runSQL(HikariJdbcConnectionProvider.scala:80)
	at com.digitalasset.canton.platform.store.dao.DbDispatcherImpl.$anonfun$executeSql$2(DbDispatcher.scala:87)
	at scala.concurrent.Future$.$anonfun$apply$1(Future.scala:687)
	at scala.concurrent.impl.Promise$Transformation.run(Promise.scala:467)
	at com.daml.executors.QueueAwareExecutorService$TrackingRunnable.run(QueueAwareExecutorService.scala:98)
	at com.daml.metrics.InstrumentedExecutorServiceMetrics$InstrumentedExecutorService$InstrumentedRunnable.run(InstrumentedExecutorServiceMetrics.scala:202)
	at java.base/java.util.concurrent.ThreadPoolExecutor.runWorker(ThreadPoolExecutor.java:1136)
	at java.base/java.util.concurrent.ThreadPoolExecutor$Worker.run(ThreadPoolExecutor.java:635)
	at java.base/java.lang.Thread.run(Thread.java:840)
2026-01-20 15:07:58,465 [daml.index.db.threadpool.connection.api-server-1] DEBUG c.d.c.n.g.ApiRequestLogger:participant=sandbox tid:c121f6bc9b51b60a8b94af68b9354fe1 - Request c.d.l.a.v.PackageService/GetPackageStatus by /127.0.0.1:49267: received a message 
  Request tid:c121f6bc9b51b60a8b94af68b9354fe1
2026-01-20 15:07:58,466 [canton-env-ec-82] INFO  c.d.c.p.a.s.ApiPackageService:participant=sandbox tid:c121f6bc9b51b60a8b94af68b9354fe1 - Received request for a package status: GetPackageStatusRequest(sandbox,8a7806365bbd98d88b4c13832ebfa305f6abaeaf32cfa2b7dd25c4fa489b79fb), packageId -> '8a7806365bbd98d88b4c13832ebfa305f6abaeaf32cfa2b7dd25c4fa489b79fb'.
2026-01-20 15:07:58,478 [daml.index.db.threadpool.connection.api-server-1] ERROR c.d.c.p.s.d.DbDispatcherImpl:participant=sandbox tid:c121f6bc9b51b60a8b94af68b9354fe1 - INDEX_DB_SQL_NON_TRANSIENT_ERROR(4,c121f6bc): Processing the request failed due to a non-transient database error: Table "PACKAGES" not found (this database is empty); SQL statement:

      select packages.package_id, packages.source_description, packages.known_since, packages.package_size
      from packages
      where packages.ledger_offset <= ?
     [42104-210] err-context:{location=DatabaseSelfServiceError.scala:53} 
org.h2.jdbc.JdbcSQLSyntaxErrorException: Table "PACKAGES" not found (this database is empty); SQL statement:

      select packages.package_id, packages.source_description, packages.known_since, packages.package_size
      from packages
      where packages.ledger_offset <= ?
     [42104-210]
	at org.h2.message.DbException.getJdbcSQLException(DbException.java:521)
	at org.h2.message.DbException.getJdbcSQLException(DbException.java:496)
	at org.h2.message.DbException.get(DbException.java:227)
	at org.h2.message.DbException.get(DbException.java:203)
	at org.h2.command.Parser.getTableOrViewNotFoundDbException(Parser.java:8397)
	at org.h2.command.Parser.getTableOrViewNotFoundDbException(Parser.java:8381)
	at org.h2.command.Parser.readTableOrView(Parser.java:8370)
	at org.h2.command.Parser.readTablePrimary(Parser.java:1866)
	at org.h2.command.Parser.readTableReference(Parser.java:2342)
	at org.h2.command.Parser.parseSelectFromPart(Parser.java:2793)
	at org.h2.command.Parser.parseSelect(Parser.java:2900)
	at org.h2.command.Parser.parseQueryPrimary(Parser.java:2783)
	at org.h2.command.Parser.parseQueryTerm(Parser.java:2650)
	at org.h2.command.Parser.parseQueryExpressionBody(Parser.java:2629)
	at org.h2.command.Parser.parseQueryExpressionBodyAndEndOfQuery(Parser.java:2622)
	at org.h2.command.Parser.parseQueryExpression(Parser.java:2615)
	at org.h2.command.Parser.parseQuery(Parser.java:2576)
	at org.h2.command.Parser.parsePrepared(Parser.java:707)
	at org.h2.command.Parser.parse(Parser.java:674)
	at org.h2.command.Parser.parse(Parser.java:644)
	at org.h2.command.Parser.prepareCommand(Parser.java:551)
	at org.h2.engine.SessionLocal.prepareLocal(SessionLocal.java:615)
	at org.h2.engine.SessionLocal.prepareCommand(SessionLocal.java:553)
	at org.h2.jdbc.JdbcConnection.prepareCommand(JdbcConnection.java:1116)
	at org.h2.jdbc.JdbcPreparedStatement.<init>(JdbcPreparedStatement.java:92)
	at org.h2.jdbc.JdbcConnection.prepareStatement(JdbcConnection.java:288)
	at com.zaxxer.hikari.pool.ProxyConnection.prepareStatement(ProxyConnection.java:311)
	at com.zaxxer.hikari.pool.HikariProxyConnection.prepareStatement(HikariProxyConnection.java)
	at anorm.SimpleSql.$anonfun$prepareNoGeneratedKeys$1(SimpleSql.scala:55)
	at anorm.SimpleSql.unsafeStatement(SimpleSql.scala:85)
	at anorm.SimpleSql.unsafeStatement(SimpleSql.scala:68)
	at anorm.Sql.$anonfun$preparedStatement$1(Anorm.scala:77)
	at resource.DefaultManagedResource.open(AbstractManagedResource.scala:107)
	at resource.AbstractManagedResource.acquireFor(AbstractManagedResource.scala:84)
	at resource.ManagedResourceOperations$$anon$1.acquireFor(ManagedResourceOperations.scala:47)
	at resource.DeferredExtractableManagedResource.acquireFor(AbstractManagedResource.scala:25)
	at resource.ManagedResourceOperations.apply(ManagedResourceOperations.scala:31)
	at resource.ManagedResourceOperations.apply$(ManagedResourceOperations.scala:31)
	at resource.DeferredExtractableManagedResource.apply(AbstractManagedResource.scala:22)
	at resource.ManagedResourceOperations.acquireAndGet(ManagedResourceOperations.scala:29)
	at resource.ManagedResourceOperations.acquireAndGet$(ManagedResourceOperations.scala:29)
	at resource.DeferredExtractableManagedResource.acquireAndGet(AbstractManagedResource.scala:22)
	at anorm.Sql$.$anonfun$asTry$1(Anorm.scala:263)
	at scala.util.Try$.apply(Try.scala:210)
	at anorm.Sql$.asTry(Anorm.scala:263)
	at anorm.WithResult.asTry(SqlResult.scala:215)
	at anorm.WithResult.asTry$(SqlResult.scala:213)
	at anorm.SimpleSql.asTry(SimpleSql.scala:6)
	at anorm.WithResult.as(SqlResult.scala:205)
	at anorm.WithResult.as$(SqlResult.scala:204)
	at anorm.SimpleSql.as(SimpleSql.scala:6)
	at com.digitalasset.canton.platform.store.backend.common.PackageStorageBackendTemplate.lfPackages(PackageStorageBackendTemplate.scala:54)
	at com.digitalasset.canton.platform.store.dao.JdbcLedgerDao.$anonfun$listLfPackages$1(JdbcLedgerDao.scala:311)
	at com.digitalasset.canton.platform.store.dao.DataSourceConnectionProvider$$anon$1.$anonfun$runSQL$1(HikariJdbcConnectionProvider.scala:80)
	at com.daml.metrics.api.opentelemetry.OpenTelemetryTimer.time(OpenTelemetryMetricsFactory.scala:180)
	at com.daml.metrics.Timed$.value(Timed.scala:18)
	at com.digitalasset.canton.platform.store.dao.DataSourceConnectionProvider$$anon$1.runSQL(HikariJdbcConnectionProvider.scala:80)
	at com.digitalasset.canton.platform.store.dao.DbDispatcherImpl.$anonfun$executeSql$2(DbDispatcher.scala:87)
	at scala.concurrent.Future$.$anonfun$apply$1(Future.scala:687)
	at scala.concurrent.impl.Promise$Transformation.run(Promise.scala:467)
	at com.daml.executors.QueueAwareExecutorService$TrackingRunnable.run(QueueAwareExecutorService.scala:98)
	at com.daml.metrics.InstrumentedExecutorServiceMetrics$InstrumentedExecutorService$InstrumentedRunnable.run(InstrumentedExecutorServiceMetrics.scala:202)
	at java.base/java.util.concurrent.ThreadPoolExecutor.runWorker(ThreadPoolExecutor.java:1136)
	at java.base/java.util.concurrent.ThreadPoolExecutor$Worker.run(ThreadPoolExecutor.java:635)
	at java.base/java.lang.Thread.run(Thread.java:840)
2026-01-20 15:07:58,465 [daml.index.db.threadpool.connection.api-server-2] DEBUG c.d.c.n.g.ApiRequestLogger:participant=sandbox tid:a6c7f137dcd4e7c74b83c727d6906017 - Request c.d.l.a.v.PackageService/GetPackageStatus by /127.0.0.1:49267: received a message 
  Request tid:a6c7f137dcd4e7c74b83c727d6906017
2026-01-20 15:07:58,467 [canton-env-ec-68] INFO  c.d.c.p.a.s.ApiPackageService:participant=sandbox tid:a6c7f137dcd4e7c74b83c727d6906017 - Received request for a package status: GetPackageStatusRequest(sandbox,65921e553a353588e950cbc87e98a127730e63295f7ad8d3adae952ef0133b3e), packageId -> '65921e553a353588e950cbc87e98a127730e63295f7ad8d3adae952ef0133b3e'.
2026-01-20 15:07:58,512 [daml.index.db.threadpool.connection.api-server-2] ERROR c.d.c.p.s.d.DbDispatcherImpl:participant=sandbox tid:a6c7f137dcd4e7c74b83c727d6906017 - INDEX_DB_SQL_NON_TRANSIENT_ERROR(4,a6c7f137): Processing the request failed due to a non-transient database error: Table "PACKAGES" not found (this database is empty); SQL statement:

      select packages.package_id, packages.source_description, packages.known_since, packages.package_size
      from packages
      where packages.ledger_offset <= ?
     [42104-210] err-context:{location=DatabaseSelfServiceError.scala:53} 
org.h2.jdbc.JdbcSQLSyntaxErrorException: Table "PACKAGES" not found (this database is empty); SQL statement:

      select packages.package_id, packages.source_description, packages.known_since, packages.package_size
      from packages
      where packages.ledger_offset <= ?
     [42104-210]
	at org.h2.message.DbException.getJdbcSQLException(DbException.java:521)
	at org.h2.message.DbException.getJdbcSQLException(DbException.java:496)
	at org.h2.message.DbException.get(DbException.java:227)
	at org.h2.message.DbException.get(DbException.java:203)
	at org.h2.command.Parser.getTableOrViewNotFoundDbException(Parser.java:8397)
	at org.h2.command.Parser.getTableOrViewNotFoundDbException(Parser.java:8381)
	at org.h2.command.Parser.readTableOrView(Parser.java:8370)
	at org.h2.command.Parser.readTablePrimary(Parser.java:1866)
	at org.h2.command.Parser.readTableReference(Parser.java:2342)
	at org.h2.command.Parser.parseSelectFromPart(Parser.java:2793)
	at org.h2.command.Parser.parseSelect(Parser.java:2900)
	at org.h2.command.Parser.parseQueryPrimary(Parser.java:2783)
	at org.h2.command.Parser.parseQueryTerm(Parser.java:2650)
	at org.h2.command.Parser.parseQueryExpressionBody(Parser.java:2629)
	at org.h2.command.Parser.parseQueryExpressionBodyAndEndOfQuery(Parser.java:2622)
	at org.h2.command.Parser.parseQueryExpression(Parser.java:2615)
	at org.h2.command.Parser.parseQuery(Parser.java:2576)
	at org.h2.command.Parser.parsePrepared(Parser.java:707)
	at org.h2.command.Parser.parse(Parser.java:674)
	at org.h2.command.Parser.parse(Parser.java:644)
	at org.h2.command.Parser.prepareCommand(Parser.java:551)
	at org.h2.engine.SessionLocal.prepareLocal(SessionLocal.java:615)
	at org.h2.engine.SessionLocal.prepareCommand(SessionLocal.java:553)
	at org.h2.jdbc.JdbcConnection.prepareCommand(JdbcConnection.java:1116)
	at org.h2.jdbc.JdbcPreparedStatement.<init>(JdbcPreparedStatement.java:92)
	at org.h2.jdbc.JdbcConnection.prepareStatement(JdbcConnection.java:288)
	at com.zaxxer.hikari.pool.ProxyConnection.prepareStatement(ProxyConnection.java:311)
	at com.zaxxer.hikari.pool.HikariProxyConnection.prepareStatement(HikariProxyConnection.java)
	at anorm.SimpleSql.$anonfun$prepareNoGeneratedKeys$1(SimpleSql.scala:55)
	at anorm.SimpleSql.unsafeStatement(SimpleSql.scala:85)
	at anorm.SimpleSql.unsafeStatement(SimpleSql.scala:68)
	at anorm.Sql.$anonfun$preparedStatement$1(Anorm.scala:77)
	at resource.DefaultManagedResource.open(AbstractManagedResource.scala:107)
	at resource.AbstractManagedResource.acquireFor(AbstractManagedResource.scala:84)
	at resource.ManagedResourceOperations$$anon$1.acquireFor(ManagedResourceOperations.scala:47)
	at resource.DeferredExtractableManagedResource.acquireFor(AbstractManagedResource.scala:25)
	at resource.ManagedResourceOperations.apply(ManagedResourceOperations.scala:31)
	at resource.ManagedResourceOperations.apply$(ManagedResourceOperations.scala:31)
	at resource.DeferredExtractableManagedResource.apply(AbstractManagedResource.scala:22)
	at resource.ManagedResourceOperations.acquireAndGet(ManagedResourceOperations.scala:29)
	at resource.ManagedResourceOperations.acquireAndGet$(ManagedResourceOperations.scala:29)
	at resource.DeferredExtractableManagedResource.acquireAndGet(AbstractManagedResource.scala:22)
	at anorm.Sql$.$anonfun$asTry$1(Anorm.scala:263)
	at scala.util.Try$.apply(Try.scala:210)
	at anorm.Sql$.asTry(Anorm.scala:263)
	at anorm.WithResult.asTry(SqlResult.scala:215)
	at anorm.WithResult.asTry$(SqlResult.scala:213)
	at anorm.SimpleSql.asTry(SimpleSql.scala:6)
	at anorm.WithResult.as(SqlResult.scala:205)
	at anorm.WithResult.as$(SqlResult.scala:204)
	at anorm.SimpleSql.as(SimpleSql.scala:6)
	at com.digitalasset.canton.platform.store.backend.common.PackageStorageBackendTemplate.lfPackages(PackageStorageBackendTemplate.scala:54)
	at com.digitalasset.canton.platform.store.dao.JdbcLedgerDao.$anonfun$listLfPackages$1(JdbcLedgerDao.scala:311)
	at com.digitalasset.canton.platform.store.dao.DataSourceConnectionProvider$$anon$1.$anonfun$runSQL$1(HikariJdbcConnectionProvider.scala:80)
	at com.daml.metrics.api.opentelemetry.OpenTelemetryTimer.time(OpenTelemetryMetricsFactory.scala:180)
	at com.daml.metrics.Timed$.value(Timed.scala:18)
	at com.digitalasset.canton.platform.store.dao.DataSourceConnectionProvider$$anon$1.runSQL(HikariJdbcConnectionProvider.scala:80)
	at com.digitalasset.canton.platform.store.dao.DbDispatcherImpl.$anonfun$executeSql$2(DbDispatcher.scala:87)
	at scala.concurrent.Future$.$anonfun$apply$1(Future.scala:687)
	at scala.concurrent.impl.Promise$Transformation.run(Promise.scala:467)
	at com.daml.executors.QueueAwareExecutorService$TrackingRunnable.run(QueueAwareExecutorService.scala:98)
	at com.daml.metrics.InstrumentedExecutorServiceMetrics$InstrumentedExecutorService$InstrumentedRunnable.run(InstrumentedExecutorServiceMetrics.scala:202)
	at java.base/java.util.concurrent.ThreadPoolExecutor.runWorker(ThreadPoolExecutor.java:1136)
	at java.base/java.util.concurrent.ThreadPoolExecutor$Worker.run(ThreadPoolExecutor.java:635)
	at java.base/java.lang.Thread.run(Thread.java:840)
2026-01-20 15:07:58,513 [canton-env-ec-90] ERROR c.d.c.p.a.s.ApiPackageService:participant=sandbox tid:0f0cbbf7e79871ef3d3f034c7dd10941 - Unhandled internal error
com.digitalasset.canton.ledger.error.IndexErrors$IndexDbException: INTERNAL: An error occurred. Please contact the operator and inquire about the request 0f0cbbf7e79871ef3d3f034c7dd10941 with tid 0f0cbbf7e79871ef3d3f034c7dd10941
2026-01-20 15:07:58,513 [canton-env-ec-92] ERROR c.d.c.p.a.s.ApiPackageService:participant=sandbox tid:c121f6bc9b51b60a8b94af68b9354fe1 - Unhandled internal error
com.digitalasset.canton.ledger.error.IndexErrors$IndexDbException: INTERNAL: An error occurred. Please contact the operator and inquire about the request c121f6bc9b51b60a8b94af68b9354fe1 with tid c121f6bc9b51b60a8b94af68b9354fe1
2026-01-20 15:07:58,513 [canton-env-ec-82] ERROR c.d.c.p.a.s.ApiPackageService:participant=sandbox tid:137293f096dc5d749f406334d4f9a3ec - Unhandled internal error
com.digitalasset.canton.ledger.error.IndexErrors$IndexDbException: INTERNAL: An error occurred. Please contact the operator and inquire about the request 137293f096dc5d749f406334d4f9a3ec with tid 137293f096dc5d749f406334d4f9a3ec
2026-01-20 15:07:58,513 [canton-env-ec-78] ERROR c.d.c.p.a.s.ApiPackageService:participant=sandbox tid:497abc87829902fbbe84da5ce85b702c - Unhandled internal error
com.digitalasset.canton.ledger.error.IndexErrors$IndexDbException: INTERNAL: An error occurred. Please contact the operator and inquire about the request 497abc87829902fbbe84da5ce85b702c with tid 497abc87829902fbbe84da5ce85b702c
2026-01-20 15:07:58,513 [canton-env-ec-22] ERROR c.d.c.p.a.s.ApiPackageService:participant=sandbox tid:c70d3e18ed6e64128ff383e1bafe6e3d - Unhandled internal error
com.digitalasset.canton.ledger.error.IndexErrors$IndexDbException: INTERNAL: An error occurred. Please contact the operator and inquire about the request c70d3e18ed6e64128ff383e1bafe6e3d with tid c70d3e18ed6e64128ff383e1bafe6e3d
2026-01-20 15:07:58,465 [daml.index.db.threadpool.connection.api-server-4] DEBUG c.d.c.n.g.ApiRequestLogger:participant=sandbox tid:e5f2272fc28a88640935bcdf787fc8b4 - Request c.d.l.a.v.PackageService/GetPackageStatus by /127.0.0.1:49267: received a message 
  Request tid:e5f2272fc28a88640935bcdf787fc8b4
2026-01-20 15:07:58,468 [canton-env-ec-22] INFO  c.d.c.p.a.s.ApiPackageService:participant=sandbox tid:e5f2272fc28a88640935bcdf787fc8b4 - Received request for a package status: GetPackageStatusRequest(sandbox,d704ffbe610258c670d226b969e861dfcaf2f51bf0d205ef6ff6362af45985a1), packageId -> 'd704ffbe610258c670d226b969e861dfcaf2f51bf0d205ef6ff6362af45985a1'.
2026-01-20 15:07:58,512 [daml.index.db.threadpool.connection.api-server-4] ERROR c.d.c.p.s.d.DbDispatcherImpl:participant=sandbox tid:e5f2272fc28a88640935bcdf787fc8b4 - INDEX_DB_SQL_NON_TRANSIENT_ERROR(4,e5f2272f): Processing the request failed due to a non-transient database error: Table "PACKAGES" not found (this database is empty); SQL statement:

      select packages.package_id, packages.source_description, packages.known_since, packages.package_size
      from packages
      where packages.ledger_offset <= ?
     [42104-210] err-context:{location=DatabaseSelfServiceError.scala:53} 
org.h2.jdbc.JdbcSQLSyntaxErrorException: Table "PACKAGES" not found (this database is empty); SQL statement:

      select packages.package_id, packages.source_description, packages.known_since, packages.package_size
      from packages
      where packages.ledger_offset <= ?
     [42104-210]
	at org.h2.message.DbException.getJdbcSQLException(DbException.java:521)
	at org.h2.message.DbException.getJdbcSQLException(DbException.java:496)
	at org.h2.message.DbException.get(DbException.java:227)
	at org.h2.message.DbException.get(DbException.java:203)
	at org.h2.command.Parser.getTableOrViewNotFoundDbException(Parser.java:8397)
	at org.h2.command.Parser.getTableOrViewNotFoundDbException(Parser.java:8381)
	at org.h2.command.Parser.readTableOrView(Parser.java:8370)
	at org.h2.command.Parser.readTablePrimary(Parser.java:1866)
	at org.h2.command.Parser.readTableReference(Parser.java:2342)
	at org.h2.command.Parser.parseSelectFromPart(Parser.java:2793)
	at org.h2.command.Parser.parseSelect(Parser.java:2900)
	at org.h2.command.Parser.parseQueryPrimary(Parser.java:2783)
	at org.h2.command.Parser.parseQueryTerm(Parser.java:2650)
	at org.h2.command.Parser.parseQueryExpressionBody(Parser.java:2629)
	at org.h2.command.Parser.parseQueryExpressionBodyAndEndOfQuery(Parser.java:2622)
	at org.h2.command.Parser.parseQueryExpression(Parser.java:2615)
	at org.h2.command.Parser.parseQuery(Parser.java:2576)
	at org.h2.command.Parser.parsePrepared(Parser.java:707)
	at org.h2.command.Parser.parse(Parser.java:674)
	at org.h2.command.Parser.parse(Parser.java:644)
	at org.h2.command.Parser.prepareCommand(Parser.java:551)
	at org.h2.engine.SessionLocal.prepareLocal(SessionLocal.java:615)
	at org.h2.engine.SessionLocal.prepareCommand(SessionLocal.java:553)
	at org.h2.jdbc.JdbcConnection.prepareCommand(JdbcConnection.java:1116)
	at org.h2.jdbc.JdbcPreparedStatement.<init>(JdbcPreparedStatement.java:92)
	at org.h2.jdbc.JdbcConnection.prepareStatement(JdbcConnection.java:288)
	at com.zaxxer.hikari.pool.ProxyConnection.prepareStatement(ProxyConnection.java:311)
	at com.zaxxer.hikari.pool.HikariProxyConnection.prepareStatement(HikariProxyConnection.java)
	at anorm.SimpleSql.$anonfun$prepareNoGeneratedKeys$1(SimpleSql.scala:55)
	at anorm.SimpleSql.unsafeStatement(SimpleSql.scala:85)
	at anorm.SimpleSql.unsafeStatement(SimpleSql.scala:68)
	at anorm.Sql.$anonfun$preparedStatement$1(Anorm.scala:77)
	at resource.DefaultManagedResource.open(AbstractManagedResource.scala:107)
	at resource.AbstractManagedResource.acquireFor(AbstractManagedResource.scala:84)
	at resource.ManagedResourceOperations$$anon$1.acquireFor(ManagedResourceOperations.scala:47)
	at resource.DeferredExtractableManagedResource.acquireFor(AbstractManagedResource.scala:25)
	at resource.ManagedResourceOperations.apply(ManagedResourceOperations.scala:31)
	at resource.ManagedResourceOperations.apply$(ManagedResourceOperations.scala:31)
	at resource.DeferredExtractableManagedResource.apply(AbstractManagedResource.scala:22)
	at resource.ManagedResourceOperations.acquireAndGet(ManagedResourceOperations.scala:29)
	at resource.ManagedResourceOperations.acquireAndGet$(ManagedResourceOperations.scala:29)
	at resource.DeferredExtractableManagedResource.acquireAndGet(AbstractManagedResource.scala:22)
	at anorm.Sql$.$anonfun$asTry$1(Anorm.scala:263)
	at scala.util.Try$.apply(Try.scala:210)
	at anorm.Sql$.asTry(Anorm.scala:263)
	at anorm.WithResult.asTry(SqlResult.scala:215)
	at anorm.WithResult.asTry$(SqlResult.scala:213)
	at anorm.SimpleSql.asTry(SimpleSql.scala:6)
	at anorm.WithResult.as(SqlResult.scala:205)
	at anorm.WithResult.as$(SqlResult.scala:204)
	at anorm.SimpleSql.as(SimpleSql.scala:6)
	at com.digitalasset.canton.platform.store.backend.common.PackageStorageBackendTemplate.lfPackages(PackageStorageBackendTemplate.scala:54)
	at com.digitalasset.canton.platform.store.dao.JdbcLedgerDao.$anonfun$listLfPackages$1(JdbcLedgerDao.scala:311)
	at com.digitalasset.canton.platform.store.dao.DataSourceConnectionProvider$$anon$1.$anonfun$runSQL$1(HikariJdbcConnectionProvider.scala:80)
	at com.daml.metrics.api.opentelemetry.OpenTelemetryTimer.time(OpenTelemetryMetricsFactory.scala:180)
	at com.daml.metrics.Timed$.value(Timed.scala:18)
	at com.digitalasset.canton.platform.store.dao.DataSourceConnectionProvider$$anon$1.runSQL(HikariJdbcConnectionProvider.scala:80)
	at com.digitalasset.canton.platform.store.dao.DbDispatcherImpl.$anonfun$executeSql$2(DbDispatcher.scala:87)
	at scala.concurrent.Future$.$anonfun$apply$1(Future.scala:687)
	at scala.concurrent.impl.Promise$Transformation.run(Promise.scala:467)
	at com.daml.executors.QueueAwareExecutorService$TrackingRunnable.run(QueueAwareExecutorService.scala:98)
	at com.daml.metrics.InstrumentedExecutorServiceMetrics$InstrumentedExecutorService$InstrumentedRunnable.run(InstrumentedExecutorServiceMetrics.scala:202)
	at java.base/java.util.concurrent.ThreadPoolExecutor.runWorker(ThreadPoolExecutor.java:1136)
	at java.base/java.util.concurrent.ThreadPoolExecutor$Worker.run(ThreadPoolExecutor.java:635)
	at java.base/java.lang.Thread.run(Thread.java:840)
2026-01-20 15:07:58,465 [daml.index.db.threadpool.connection.api-server-1] DEBUG c.d.c.n.g.ApiRequestLogger:participant=sandbox tid:14e70fc0dacd18c899b9ca35239852cd - Request c.d.l.a.v.PackageService/GetPackageStatus by /127.0.0.1:49267: received a message 
  Request tid:14e70fc0dacd18c899b9ca35239852cd
2026-01-20 15:07:58,467 [canton-env-ec-29] INFO  c.d.c.p.a.s.ApiPackageService:participant=sandbox tid:14e70fc0dacd18c899b9ca35239852cd - Received request for a package status: GetPackageStatusRequest(sandbox,e22bce619ae24ca3b8e6519281cb5a33b64b3190cc763248b4c3f9ad5087a92c), packageId -> 'e22bce619ae24ca3b8e6519281cb5a33b64b3190cc763248b4c3f9ad5087a92c'.
2026-01-20 15:07:58,512 [daml.index.db.threadpool.connection.api-server-1] ERROR c.d.c.p.s.d.DbDispatcherImpl:participant=sandbox tid:14e70fc0dacd18c899b9ca35239852cd - INDEX_DB_SQL_NON_TRANSIENT_ERROR(4,14e70fc0): Processing the request failed due to a non-transient database error: Table "PACKAGES" not found (this database is empty); SQL statement:

      select packages.package_id, packages.source_description, packages.known_since, packages.package_size
      from packages
      where packages.ledger_offset <= ?
     [42104-210] err-context:{location=DatabaseSelfServiceError.scala:53} 
org.h2.jdbc.JdbcSQLSyntaxErrorException: Table "PACKAGES" not found (this database is empty); SQL statement:

      select packages.package_id, packages.source_description, packages.known_since, packages.package_size
      from packages
      where packages.ledger_offset <= ?
     [42104-210]
	at org.h2.message.DbException.getJdbcSQLException(DbException.java:521)
	at org.h2.message.DbException.getJdbcSQLException(DbException.java:496)
	at org.h2.message.DbException.get(DbException.java:227)
	at org.h2.message.DbException.get(DbException.java:203)
	at org.h2.command.Parser.getTableOrViewNotFoundDbException(Parser.java:8397)
	at org.h2.command.Parser.getTableOrViewNotFoundDbException(Parser.java:8381)
	at org.h2.command.Parser.readTableOrView(Parser.java:8370)
	at org.h2.command.Parser.readTablePrimary(Parser.java:1866)
	at org.h2.command.Parser.readTableReference(Parser.java:2342)
	at org.h2.command.Parser.parseSelectFromPart(Parser.java:2793)
	at org.h2.command.Parser.parseSelect(Parser.java:2900)
	at org.h2.command.Parser.parseQueryPrimary(Parser.java:2783)
	at org.h2.command.Parser.parseQueryTerm(Parser.java:2650)
	at org.h2.command.Parser.parseQueryExpressionBody(Parser.java:2629)
	at org.h2.command.Parser.parseQueryExpressionBodyAndEndOfQuery(Parser.java:2622)
	at org.h2.command.Parser.parseQueryExpression(Parser.java:2615)
	at org.h2.command.Parser.parseQuery(Parser.java:2576)
	at org.h2.command.Parser.parsePrepared(Parser.java:707)
	at org.h2.command.Parser.parse(Parser.java:674)
	at org.h2.command.Parser.parse(Parser.java:644)
	at org.h2.command.Parser.prepareCommand(Parser.java:551)
	at org.h2.engine.SessionLocal.prepareLocal(SessionLocal.java:615)
	at org.h2.engine.SessionLocal.prepareCommand(SessionLocal.java:553)
	at org.h2.jdbc.JdbcConnection.prepareCommand(JdbcConnection.java:1116)
	at org.h2.jdbc.JdbcPreparedStatement.<init>(JdbcPreparedStatement.java:92)
	at org.h2.jdbc.JdbcConnection.prepareStatement(JdbcConnection.java:288)
	at com.zaxxer.hikari.pool.ProxyConnection.prepareStatement(ProxyConnection.java:311)
	at com.zaxxer.hikari.pool.HikariProxyConnection.prepareStatement(HikariProxyConnection.java)
	at anorm.SimpleSql.$anonfun$prepareNoGeneratedKeys$1(SimpleSql.scala:55)
	at anorm.SimpleSql.unsafeStatement(SimpleSql.scala:85)
	at anorm.SimpleSql.unsafeStatement(SimpleSql.scala:68)
	at anorm.Sql.$anonfun$preparedStatement$1(Anorm.scala:77)
	at resource.DefaultManagedResource.open(AbstractManagedResource.scala:107)
	at resource.AbstractManagedResource.acquireFor(AbstractManagedResource.scala:84)
	at resource.ManagedResourceOperations$$anon$1.acquireFor(ManagedResourceOperations.scala:47)
	at resource.DeferredExtractableManagedResource.acquireFor(AbstractManagedResource.scala:25)
	at resource.ManagedResourceOperations.apply(ManagedResourceOperations.scala:31)
	at resource.ManagedResourceOperations.apply$(ManagedResourceOperations.scala:31)
	at resource.DeferredExtractableManagedResource.apply(AbstractManagedResource.scala:22)
	at resource.ManagedResourceOperations.acquireAndGet(ManagedResourceOperations.scala:29)
	at resource.ManagedResourceOperations.acquireAndGet$(ManagedResourceOperations.scala:29)
	at resource.DeferredExtractableManagedResource.acquireAndGet(AbstractManagedResource.scala:22)
	at anorm.Sql$.$anonfun$asTry$1(Anorm.scala:263)
	at scala.util.Try$.apply(Try.scala:210)
	at anorm.Sql$.asTry(Anorm.scala:263)
	at anorm.WithResult.asTry(SqlResult.scala:215)
	at anorm.WithResult.asTry$(SqlResult.scala:213)
	at anorm.SimpleSql.asTry(SimpleSql.scala:6)
	at anorm.WithResult.as(SqlResult.scala:205)
	at anorm.WithResult.as$(SqlResult.scala:204)
	at anorm.SimpleSql.as(SimpleSql.scala:6)
	at com.digitalasset.canton.platform.store.backend.common.PackageStorageBackendTemplate.lfPackages(PackageStorageBackendTemplate.scala:54)
	at com.digitalasset.canton.platform.store.dao.JdbcLedgerDao.$anonfun$listLfPackages$1(JdbcLedgerDao.scala:311)
	at com.digitalasset.canton.platform.store.dao.DataSourceConnectionProvider$$anon$1.$anonfun$runSQL$1(HikariJdbcConnectionProvider.scala:80)
	at com.daml.metrics.api.opentelemetry.OpenTelemetryTimer.time(OpenTelemetryMetricsFactory.scala:180)
	at com.daml.metrics.Timed$.value(Timed.scala:18)
	at com.digitalasset.canton.platform.store.dao.DataSourceConnectionProvider$$anon$1.runSQL(HikariJdbcConnectionProvider.scala:80)
	at com.digitalasset.canton.platform.store.dao.DbDispatcherImpl.$anonfun$executeSql$2(DbDispatcher.scala:87)
	at scala.concurrent.Future$.$anonfun$apply$1(Future.scala:687)
	at scala.concurrent.impl.Promise$Transformation.run(Promise.scala:467)
	at com.daml.executors.QueueAwareExecutorService$TrackingRunnable.run(QueueAwareExecutorService.scala:98)
	at com.daml.metrics.InstrumentedExecutorServiceMetrics$InstrumentedExecutorService$InstrumentedRunnable.run(InstrumentedExecutorServiceMetrics.scala:202)
	at java.base/java.util.concurrent.ThreadPoolExecutor.runWorker(ThreadPoolExecutor.java:1136)
	at java.base/java.util.concurrent.ThreadPoolExecutor$Worker.run(ThreadPoolExecutor.java:635)
	at java.base/java.lang.Thread.run(Thread.java:840)
2026-01-20 15:07:58,465 [daml.index.db.threadpool.connection.api-server-3] DEBUG c.d.c.n.g.ApiRequestLogger:participant=sandbox tid:633036dccff96d5912b1c42c9b1ce8b0 - Request c.d.l.a.v.PackageService/GetPackageStatus by /127.0.0.1:49267: received a message 
  Request tid:633036dccff96d5912b1c42c9b1ce8b0
2026-01-20 15:07:58,467 [canton-env-ec-23] INFO  c.d.c.p.a.s.ApiPackageService:participant=sandbox tid:633036dccff96d5912b1c42c9b1ce8b0 - Received request for a package status: GetPackageStatusRequest(sandbox,5921708ce82f4255deb1b26d2c05358b548720938a5a325718dc69f381ba47ff), packageId -> '5921708ce82f4255deb1b26d2c05358b548720938a5a325718dc69f381ba47ff'.
2026-01-20 15:07:58,512 [daml.index.db.threadpool.connection.api-server-3] ERROR c.d.c.p.s.d.DbDispatcherImpl:participant=sandbox tid:633036dccff96d5912b1c42c9b1ce8b0 - INDEX_DB_SQL_NON_TRANSIENT_ERROR(4,633036dc): Processing the request failed due to a non-transient database error: Table "PACKAGES" not found (this database is empty); SQL statement:

      select packages.package_id, packages.source_description, packages.known_since, packages.package_size
      from packages
      where packages.ledger_offset <= ?
     [42104-210] err-context:{location=DatabaseSelfServiceError.scala:53} 
org.h2.jdbc.JdbcSQLSyntaxErrorException: Table "PACKAGES" not found (this database is empty); SQL statement:

      select packages.package_id, packages.source_description, packages.known_since, packages.package_size
      from packages
      where packages.ledger_offset <= ?
     [42104-210]
	at org.h2.message.DbException.getJdbcSQLException(DbException.java:521)
	at org.h2.message.DbException.getJdbcSQLException(DbException.java:496)
	at org.h2.message.DbException.get(DbException.java:227)
	at org.h2.message.DbException.get(DbException.java:203)
	at org.h2.command.Parser.getTableOrViewNotFoundDbException(Parser.java:8397)
	at org.h2.command.Parser.getTableOrViewNotFoundDbException(Parser.java:8381)
	at org.h2.command.Parser.readTableOrView(Parser.java:8370)
	at org.h2.command.Parser.readTablePrimary(Parser.java:1866)
	at org.h2.command.Parser.readTableReference(Parser.java:2342)
	at org.h2.command.Parser.parseSelectFromPart(Parser.java:2793)
	at org.h2.command.Parser.parseSelect(Parser.java:2900)
	at org.h2.command.Parser.parseQueryPrimary(Parser.java:2783)
	at org.h2.command.Parser.parseQueryTerm(Parser.java:2650)
	at org.h2.command.Parser.parseQueryExpressionBody(Parser.java:2629)
	at org.h2.command.Parser.parseQueryExpressionBodyAndEndOfQuery(Parser.java:2622)
	at org.h2.command.Parser.parseQueryExpression(Parser.java:2615)
	at org.h2.command.Parser.parseQuery(Parser.java:2576)
	at org.h2.command.Parser.parsePrepared(Parser.java:707)
	at org.h2.command.Parser.parse(Parser.java:674)
	at org.h2.command.Parser.parse(Parser.java:644)
	at org.h2.command.Parser.prepareCommand(Parser.java:551)
	at org.h2.engine.SessionLocal.prepareLocal(SessionLocal.java:615)
	at org.h2.engine.SessionLocal.prepareCommand(SessionLocal.java:553)
	at org.h2.jdbc.JdbcConnection.prepareCommand(JdbcConnection.java:1116)
	at org.h2.jdbc.JdbcPreparedStatement.<init>(JdbcPreparedStatement.java:92)
	at org.h2.jdbc.JdbcConnection.prepareStatement(JdbcConnection.java:288)
	at com.zaxxer.hikari.pool.ProxyConnection.prepareStatement(ProxyConnection.java:311)
	at com.zaxxer.hikari.pool.HikariProxyConnection.prepareStatement(HikariProxyConnection.java)
	at anorm.SimpleSql.$anonfun$prepareNoGeneratedKeys$1(SimpleSql.scala:55)
	at anorm.SimpleSql.unsafeStatement(SimpleSql.scala:85)
	at anorm.SimpleSql.unsafeStatement(SimpleSql.scala:68)
	at anorm.Sql.$anonfun$preparedStatement$1(Anorm.scala:77)
	at resource.DefaultManagedResource.open(AbstractManagedResource.scala:107)
	at resource.AbstractManagedResource.acquireFor(AbstractManagedResource.scala:84)
	at resource.ManagedResourceOperations$$anon$1.acquireFor(ManagedResourceOperations.scala:47)
	at resource.DeferredExtractableManagedResource.acquireFor(AbstractManagedResource.scala:25)
	at resource.ManagedResourceOperations.apply(ManagedResourceOperations.scala:31)
	at resource.ManagedResourceOperations.apply$(ManagedResourceOperations.scala:31)
	at resource.DeferredExtractableManagedResource.apply(AbstractManagedResource.scala:22)
	at resource.ManagedResourceOperations.acquireAndGet(ManagedResourceOperations.scala:29)
	at resource.ManagedResourceOperations.acquireAndGet$(ManagedResourceOperations.scala:29)
	at resource.DeferredExtractableManagedResource.acquireAndGet(AbstractManagedResource.scala:22)
	at anorm.Sql$.$anonfun$asTry$1(Anorm.scala:263)
	at scala.util.Try$.apply(Try.scala:210)
	at anorm.Sql$.asTry(Anorm.scala:263)
	at anorm.WithResult.asTry(SqlResult.scala:215)
	at anorm.WithResult.asTry$(SqlResult.scala:213)
	at anorm.SimpleSql.asTry(SimpleSql.scala:6)
	at anorm.WithResult.as(SqlResult.scala:205)
	at anorm.WithResult.as$(SqlResult.scala:204)
	at anorm.SimpleSql.as(SimpleSql.scala:6)
	at com.digitalasset.canton.platform.store.backend.common.PackageStorageBackendTemplate.lfPackages(PackageStorageBackendTemplate.scala:54)
	at com.digitalasset.canton.platform.store.dao.JdbcLedgerDao.$anonfun$listLfPackages$1(JdbcLedgerDao.scala:311)
	at com.digitalasset.canton.platform.store.dao.DataSourceConnectionProvider$$anon$1.$anonfun$runSQL$1(HikariJdbcConnectionProvider.scala:80)
	at com.daml.metrics.api.opentelemetry.OpenTelemetryTimer.time(OpenTelemetryMetricsFactory.scala:180)
	at com.daml.metrics.Timed$.value(Timed.scala:18)
	at com.digitalasset.canton.platform.store.dao.DataSourceConnectionProvider$$anon$1.runSQL(HikariJdbcConnectionProvider.scala:80)
	at com.digitalasset.canton.platform.store.dao.DbDispatcherImpl.$anonfun$executeSql$2(DbDispatcher.scala:87)
	at scala.concurrent.Future$.$anonfun$apply$1(Future.scala:687)
	at scala.concurrent.impl.Promise$Transformation.run(Promise.scala:467)
	at com.daml.executors.QueueAwareExecutorService$TrackingRunnable.run(QueueAwareExecutorService.scala:98)
	at com.daml.metrics.InstrumentedExecutorServiceMetrics$InstrumentedExecutorService$InstrumentedRunnable.run(InstrumentedExecutorServiceMetrics.scala:202)
	at java.base/java.util.concurrent.ThreadPoolExecutor.runWorker(ThreadPoolExecutor.java:1136)
	at java.base/java.util.concurrent.ThreadPoolExecutor$Worker.run(ThreadPoolExecutor.java:635)
	at java.base/java.lang.Thread.run(Thread.java:840)
2026-01-20 15:07:58,465 [daml.index.db.threadpool.connection.api-server-0] DEBUG c.d.c.n.g.ApiRequestLogger:participant=sandbox tid:aa5a14cba350f66c7c29e7ad4dc549d5 - Request c.d.l.a.v.PackageService/GetPackageStatus by /127.0.0.1:49267: received a message 
  Request tid:aa5a14cba350f66c7c29e7ad4dc549d5
2026-01-20 15:07:58,466 [canton-env-ec-30] INFO  c.d.c.p.a.s.ApiPackageService:participant=sandbox tid:aa5a14cba350f66c7c29e7ad4dc549d5 - Received request for a package status: GetPackageStatusRequest(sandbox,c1f1f00558799eec139fb4f4c76f95fb52fa1837a5dd29600baa1c8ed1bdccfd), packageId -> 'c1f1f00558799eec139fb4f4c76f95fb52fa1837a5dd29600baa1c8ed1bdccfd'.
2026-01-20 15:07:58,512 [daml.index.db.threadpool.connection.api-server-0] ERROR c.d.c.p.s.d.DbDispatcherImpl:participant=sandbox tid:aa5a14cba350f66c7c29e7ad4dc549d5 - INDEX_DB_SQL_NON_TRANSIENT_ERROR(4,aa5a14cb): Processing the request failed due to a non-transient database error: Table "PACKAGES" not found (this database is empty); SQL statement:

      select packages.package_id, packages.source_description, packages.known_since, packages.package_size
      from packages
      where packages.ledger_offset <= ?
     [42104-210] err-context:{location=DatabaseSelfServiceError.scala:53} 
org.h2.jdbc.JdbcSQLSyntaxErrorException: Table "PACKAGES" not found (this database is empty); SQL statement:

      select packages.package_id, packages.source_description, packages.known_since, packages.package_size
      from packages
      where packages.ledger_offset <= ?
     [42104-210]
	at org.h2.message.DbException.getJdbcSQLException(DbException.java:521)
	at org.h2.message.DbException.getJdbcSQLException(DbException.java:496)
	at org.h2.message.DbException.get(DbException.java:227)
	at org.h2.message.DbException.get(DbException.java:203)
	at org.h2.command.Parser.getTableOrViewNotFoundDbException(Parser.java:8397)
	at org.h2.command.Parser.getTableOrViewNotFoundDbException(Parser.java:8381)
	at org.h2.command.Parser.readTableOrView(Parser.java:8370)
	at org.h2.command.Parser.readTablePrimary(Parser.java:1866)
	at org.h2.command.Parser.readTableReference(Parser.java:2342)
	at org.h2.command.Parser.parseSelectFromPart(Parser.java:2793)
	at org.h2.command.Parser.parseSelect(Parser.java:2900)
	at org.h2.command.Parser.parseQueryPrimary(Parser.java:2783)
	at org.h2.command.Parser.parseQueryTerm(Parser.java:2650)
	at org.h2.command.Parser.parseQueryExpressionBody(Parser.java:2629)
	at org.h2.command.Parser.parseQueryExpressionBodyAndEndOfQuery(Parser.java:2622)
	at org.h2.command.Parser.parseQueryExpression(Parser.java:2615)
	at org.h2.command.Parser.parseQuery(Parser.java:2576)
	at org.h2.command.Parser.parsePrepared(Parser.java:707)
	at org.h2.command.Parser.parse(Parser.java:674)
	at org.h2.command.Parser.parse(Parser.java:644)
	at org.h2.command.Parser.prepareCommand(Parser.java:551)
	at org.h2.engine.SessionLocal.prepareLocal(SessionLocal.java:615)
	at org.h2.engine.SessionLocal.prepareCommand(SessionLocal.java:553)
	at org.h2.jdbc.JdbcConnection.prepareCommand(JdbcConnection.java:1116)
	at org.h2.jdbc.JdbcPreparedStatement.<init>(JdbcPreparedStatement.java:92)
	at org.h2.jdbc.JdbcConnection.prepareStatement(JdbcConnection.java:288)
	at com.zaxxer.hikari.pool.ProxyConnection.prepareStatement(ProxyConnection.java:311)
	at com.zaxxer.hikari.pool.HikariProxyConnection.prepareStatement(HikariProxyConnection.java)
	at anorm.SimpleSql.$anonfun$prepareNoGeneratedKeys$1(SimpleSql.scala:55)
	at anorm.SimpleSql.unsafeStatement(SimpleSql.scala:85)
	at anorm.SimpleSql.unsafeStatement(SimpleSql.scala:68)
	at anorm.Sql.$anonfun$preparedStatement$1(Anorm.scala:77)
	at resource.DefaultManagedResource.open(AbstractManagedResource.scala:107)
	at resource.AbstractManagedResource.acquireFor(AbstractManagedResource.scala:84)
	at resource.ManagedResourceOperations$$anon$1.acquireFor(ManagedResourceOperations.scala:47)
	at resource.DeferredExtractableManagedResource.acquireFor(AbstractManagedResource.scala:25)
	at resource.ManagedResourceOperations.apply(ManagedResourceOperations.scala:31)
	at resource.ManagedResourceOperations.apply$(ManagedResourceOperations.scala:31)
	at resource.DeferredExtractableManagedResource.apply(AbstractManagedResource.scala:22)
	at resource.ManagedResourceOperations.acquireAndGet(ManagedResourceOperations.scala:29)
	at resource.ManagedResourceOperations.acquireAndGet$(ManagedResourceOperations.scala:29)
	at resource.DeferredExtractableManagedResource.acquireAndGet(AbstractManagedResource.scala:22)
	at anorm.Sql$.$anonfun$asTry$1(Anorm.scala:263)
	at scala.util.Try$.apply(Try.scala:210)
	at anorm.Sql$.asTry(Anorm.scala:263)
	at anorm.WithResult.asTry(SqlResult.scala:215)
	at anorm.WithResult.asTry$(SqlResult.scala:213)
	at anorm.SimpleSql.asTry(SimpleSql.scala:6)
	at anorm.WithResult.as(SqlResult.scala:205)
	at anorm.WithResult.as$(SqlResult.scala:204)
	at anorm.SimpleSql.as(SimpleSql.scala:6)
	at com.digitalasset.canton.platform.store.backend.common.PackageStorageBackendTemplate.lfPackages(PackageStorageBackendTemplate.scala:54)
	at com.digitalasset.canton.platform.store.dao.JdbcLedgerDao.$anonfun$listLfPackages$1(JdbcLedgerDao.scala:311)
	at com.digitalasset.canton.platform.store.dao.DataSourceConnectionProvider$$anon$1.$anonfun$runSQL$1(HikariJdbcConnectionProvider.scala:80)
	at com.daml.metrics.api.opentelemetry.OpenTelemetryTimer.time(OpenTelemetryMetricsFactory.scala:180)
	at com.daml.metrics.Timed$.value(Timed.scala:18)
	at com.digitalasset.canton.platform.store.dao.DataSourceConnectionProvider$$anon$1.runSQL(HikariJdbcConnectionProvider.scala:80)
	at com.digitalasset.canton.platform.store.dao.DbDispatcherImpl.$anonfun$executeSql$2(DbDispatcher.scala:87)
	at scala.concurrent.Future$.$anonfun$apply$1(Future.scala:687)
	at scala.concurrent.impl.Promise$Transformation.run(Promise.scala:467)
	at com.daml.executors.QueueAwareExecutorService$TrackingRunnable.run(QueueAwareExecutorService.scala:98)
	at com.daml.metrics.InstrumentedExecutorServiceMetrics$InstrumentedExecutorService$InstrumentedRunnable.run(InstrumentedExecutorServiceMetrics.scala:202)
	at java.base/java.util.concurrent.ThreadPoolExecutor.runWorker(ThreadPoolExecutor.java:1136)
	at java.base/java.util.concurrent.ThreadPoolExecutor$Worker.run(ThreadPoolExecutor.java:635)
	at java.base/java.lang.Thread.run(Thread.java:840)
2026-01-20 15:07:58,469 [daml.index.db.threadpool.connection.api-server-3] DEBUG c.d.c.n.g.ApiRequestLogger:participant=sandbox tid:57b51c5567be1697c6e3aa3d79e771d7 - Request c.d.l.a.v.PackageService/GetPackageStatus by /127.0.0.1:49267: received a message 
  Request tid:57b51c5567be1697c6e3aa3d79e771d7
2026-01-20 15:07:58,469 [canton-env-ec-68] INFO  c.d.c.p.a.s.ApiPackageService:participant=sandbox tid:57b51c5567be1697c6e3aa3d79e771d7 - Received request for a package status: GetPackageStatusRequest(sandbox,d14e08374fc7197d6a0de468c968ae8ba3aadbf9315476fd39071831f5923662), packageId -> 'd14e08374fc7197d6a0de468c968ae8ba3aadbf9315476fd39071831f5923662'.
2026-01-20 15:07:58,526 [daml.index.db.threadpool.connection.api-server-3] ERROR c.d.c.p.s.d.DbDispatcherImpl:participant=sandbox tid:57b51c5567be1697c6e3aa3d79e771d7 - INDEX_DB_SQL_NON_TRANSIENT_ERROR(4,57b51c55): Processing the request failed due to a non-transient database error: Table "PACKAGES" not found (this database is empty); SQL statement:

      select packages.package_id, packages.source_description, packages.known_since, packages.package_size
      from packages
      where packages.ledger_offset <= ?
     [42104-210] err-context:{location=DatabaseSelfServiceError.scala:53} 
org.h2.jdbc.JdbcSQLSyntaxErrorException: Table "PACKAGES" not found (this database is empty); SQL statement:

      select packages.package_id, packages.source_description, packages.known_since, packages.package_size
      from packages
      where packages.ledger_offset <= ?
     [42104-210]
	at org.h2.message.DbException.getJdbcSQLException(DbException.java:521)
	at org.h2.message.DbException.getJdbcSQLException(DbException.java:496)
	at org.h2.message.DbException.get(DbException.java:227)
	at org.h2.message.DbException.get(DbException.java:203)
	at org.h2.command.Parser.getTableOrViewNotFoundDbException(Parser.java:8397)
	at org.h2.command.Parser.getTableOrViewNotFoundDbException(Parser.java:8381)
	at org.h2.command.Parser.readTableOrView(Parser.java:8370)
	at org.h2.command.Parser.readTablePrimary(Parser.java:1866)
	at org.h2.command.Parser.readTableReference(Parser.java:2342)
	at org.h2.command.Parser.parseSelectFromPart(Parser.java:2793)
	at org.h2.command.Parser.parseSelect(Parser.java:2900)
	at org.h2.command.Parser.parseQueryPrimary(Parser.java:2783)
	at org.h2.command.Parser.parseQueryTerm(Parser.java:2650)
	at org.h2.command.Parser.parseQueryExpressionBody(Parser.java:2629)
	at org.h2.command.Parser.parseQueryExpressionBodyAndEndOfQuery(Parser.java:2622)
	at org.h2.command.Parser.parseQueryExpression(Parser.java:2615)
	at org.h2.command.Parser.parseQuery(Parser.java:2576)
	at org.h2.command.Parser.parsePrepared(Parser.java:707)
	at org.h2.command.Parser.parse(Parser.java:674)
	at org.h2.command.Parser.parse(Parser.java:644)
	at org.h2.command.Parser.prepareCommand(Parser.java:551)
	at org.h2.engine.SessionLocal.prepareLocal(SessionLocal.java:615)
	at org.h2.engine.SessionLocal.prepareCommand(SessionLocal.java:553)
	at org.h2.jdbc.JdbcConnection.prepareCommand(JdbcConnection.java:1116)
	at org.h2.jdbc.JdbcPreparedStatement.<init>(JdbcPreparedStatement.java:92)
	at org.h2.jdbc.JdbcConnection.prepareStatement(JdbcConnection.java:288)
	at com.zaxxer.hikari.pool.ProxyConnection.prepareStatement(ProxyConnection.java:311)
	at com.zaxxer.hikari.pool.HikariProxyConnection.prepareStatement(HikariProxyConnection.java)
	at anorm.SimpleSql.$anonfun$prepareNoGeneratedKeys$1(SimpleSql.scala:55)
	at anorm.SimpleSql.unsafeStatement(SimpleSql.scala:85)
	at anorm.SimpleSql.unsafeStatement(SimpleSql.scala:68)
	at anorm.Sql.$anonfun$preparedStatement$1(Anorm.scala:77)
	at resource.DefaultManagedResource.open(AbstractManagedResource.scala:107)
	at resource.AbstractManagedResource.acquireFor(AbstractManagedResource.scala:84)
	at resource.ManagedResourceOperations$$anon$1.acquireFor(ManagedResourceOperations.scala:47)
	at resource.DeferredExtractableManagedResource.acquireFor(AbstractManagedResource.scala:25)
	at resource.ManagedResourceOperations.apply(ManagedResourceOperations.scala:31)
	at resource.ManagedResourceOperations.apply$(ManagedResourceOperations.scala:31)
	at resource.DeferredExtractableManagedResource.apply(AbstractManagedResource.scala:22)
	at resource.ManagedResourceOperations.acquireAndGet(ManagedResourceOperations.scala:29)
	at resource.ManagedResourceOperations.acquireAndGet$(ManagedResourceOperations.scala:29)
	at resource.DeferredExtractableManagedResource.acquireAndGet(AbstractManagedResource.scala:22)
	at anorm.Sql$.$anonfun$asTry$1(Anorm.scala:263)
	at scala.util.Try$.apply(Try.scala:210)
	at anorm.Sql$.asTry(Anorm.scala:263)
	at anorm.WithResult.asTry(SqlResult.scala:215)
	at anorm.WithResult.asTry$(SqlResult.scala:213)
	at anorm.SimpleSql.asTry(SimpleSql.scala:6)
	at anorm.WithResult.as(SqlResult.scala:205)
	at anorm.WithResult.as$(SqlResult.scala:204)
	at anorm.SimpleSql.as(SimpleSql.scala:6)
	at com.digitalasset.canton.platform.store.backend.common.PackageStorageBackendTemplate.lfPackages(PackageStorageBackendTemplate.scala:54)
	at com.digitalasset.canton.platform.store.dao.JdbcLedgerDao.$anonfun$listLfPackages$1(JdbcLedgerDao.scala:311)
	at com.digitalasset.canton.platform.store.dao.DataSourceConnectionProvider$$anon$1.$anonfun$runSQL$1(HikariJdbcConnectionProvider.scala:80)
	at com.daml.metrics.api.opentelemetry.OpenTelemetryTimer.time(OpenTelemetryMetricsFactory.scala:180)
	at com.daml.metrics.Timed$.value(Timed.scala:18)
	at com.digitalasset.canton.platform.store.dao.DataSourceConnectionProvider$$anon$1.runSQL(HikariJdbcConnectionProvider.scala:80)
	at com.digitalasset.canton.platform.store.dao.DbDispatcherImpl.$anonfun$executeSql$2(DbDispatcher.scala:87)
	at scala.concurrent.Future$.$anonfun$apply$1(Future.scala:687)
	at scala.concurrent.impl.Promise$Transformation.run(Promise.scala:467)
	at com.daml.executors.QueueAwareExecutorService$TrackingRunnable.run(QueueAwareExecutorService.scala:98)
	at com.daml.metrics.InstrumentedExecutorServiceMetrics$InstrumentedExecutorService$InstrumentedRunnable.run(InstrumentedExecutorServiceMetrics.scala:202)
	at java.base/java.util.concurrent.ThreadPoolExecutor.runWorker(ThreadPoolExecutor.java:1136)
	at java.base/java.util.concurrent.ThreadPoolExecutor$Worker.run(ThreadPoolExecutor.java:635)
	at java.base/java.lang.Thread.run(Thread.java:840)
2026-01-20 15:07:58,525 [canton-env-ec-33] ERROR c.d.c.p.a.s.ApiPackageService:participant=sandbox tid:633036dccff96d5912b1c42c9b1ce8b0 - Unhandled internal error
com.digitalasset.canton.ledger.error.IndexErrors$IndexDbException: INTERNAL: An error occurred. Please contact the operator and inquire about the request 633036dccff96d5912b1c42c9b1ce8b0 with tid 633036dccff96d5912b1c42c9b1ce8b0
2026-01-20 15:07:58,465 [daml.index.db.threadpool.connection.api-server-1] DEBUG c.d.c.n.g.ApiRequestLogger:participant=sandbox tid:493d4718b45fdabdf7fa4322c4612bd1 - Request c.d.l.a.v.PackageService/GetPackageStatus by /127.0.0.1:49267: received a message 
  Request tid:493d4718b45fdabdf7fa4322c4612bd1
2026-01-20 15:07:58,469 [canton-env-ec-27] INFO  c.d.c.p.a.s.ApiPackageService:participant=sandbox tid:493d4718b45fdabdf7fa4322c4612bd1 - Received request for a package status: GetPackageStatusRequest(sandbox,733e38d36a2759688a4b2c4cec69d48e7b55ecc8dedc8067b815926c917a182a), packageId -> '733e38d36a2759688a4b2c4cec69d48e7b55ecc8dedc8067b815926c917a182a'.
2026-01-20 15:07:58,524 [daml.index.db.threadpool.connection.api-server-1] ERROR c.d.c.p.s.d.DbDispatcherImpl:participant=sandbox tid:493d4718b45fdabdf7fa4322c4612bd1 - INDEX_DB_SQL_NON_TRANSIENT_ERROR(4,493d4718): Processing the request failed due to a non-transient database error: Table "PACKAGES" not found (this database is empty); SQL statement:

      select packages.package_id, packages.source_description, packages.known_since, packages.package_size
      from packages
      where packages.ledger_offset <= ?
     [42104-210] err-context:{location=DatabaseSelfServiceError.scala:53} 
org.h2.jdbc.JdbcSQLSyntaxErrorException: Table "PACKAGES" not found (this database is empty); SQL statement:

      select packages.package_id, packages.source_description, packages.known_since, packages.package_size
      from packages
      where packages.ledger_offset <= ?
     [42104-210]
	at org.h2.message.DbException.getJdbcSQLException(DbException.java:521)
	at org.h2.message.DbException.getJdbcSQLException(DbException.java:496)
	at org.h2.message.DbException.get(DbException.java:227)
	at org.h2.message.DbException.get(DbException.java:203)
	at org.h2.command.Parser.getTableOrViewNotFoundDbException(Parser.java:8397)
	at org.h2.command.Parser.getTableOrViewNotFoundDbException(Parser.java:8381)
	at org.h2.command.Parser.readTableOrView(Parser.java:8370)
	at org.h2.command.Parser.readTablePrimary(Parser.java:1866)
	at org.h2.command.Parser.readTableReference(Parser.java:2342)
	at org.h2.command.Parser.parseSelectFromPart(Parser.java:2793)
	at org.h2.command.Parser.parseSelect(Parser.java:2900)
	at org.h2.command.Parser.parseQueryPrimary(Parser.java:2783)
	at org.h2.command.Parser.parseQueryTerm(Parser.java:2650)
	at org.h2.command.Parser.parseQueryExpressionBody(Parser.java:2629)
	at org.h2.command.Parser.parseQueryExpressionBodyAndEndOfQuery(Parser.java:2622)
	at org.h2.command.Parser.parseQueryExpression(Parser.java:2615)
	at org.h2.command.Parser.parseQuery(Parser.java:2576)
	at org.h2.command.Parser.parsePrepared(Parser.java:707)
	at org.h2.command.Parser.parse(Parser.java:674)
	at org.h2.command.Parser.parse(Parser.java:644)
	at org.h2.command.Parser.prepareCommand(Parser.java:551)
	at org.h2.engine.SessionLocal.prepareLocal(SessionLocal.java:615)
	at org.h2.engine.SessionLocal.prepareCommand(SessionLocal.java:553)
	at org.h2.jdbc.JdbcConnection.prepareCommand(JdbcConnection.java:1116)
	at org.h2.jdbc.JdbcPreparedStatement.<init>(JdbcPreparedStatement.java:92)
	at org.h2.jdbc.JdbcConnection.prepareStatement(JdbcConnection.java:288)
	at com.zaxxer.hikari.pool.ProxyConnection.prepareStatement(ProxyConnection.java:311)
	at com.zaxxer.hikari.pool.HikariProxyConnection.prepareStatement(HikariProxyConnection.java)
	at anorm.SimpleSql.$anonfun$prepareNoGeneratedKeys$1(SimpleSql.scala:55)
	at anorm.SimpleSql.unsafeStatement(SimpleSql.scala:85)
	at anorm.SimpleSql.unsafeStatement(SimpleSql.scala:68)
	at anorm.Sql.$anonfun$preparedStatement$1(Anorm.scala:77)
	at resource.DefaultManagedResource.open(AbstractManagedResource.scala:107)
	at resource.AbstractManagedResource.acquireFor(AbstractManagedResource.scala:84)
	at resource.ManagedResourceOperations$$anon$1.acquireFor(ManagedResourceOperations.scala:47)
	at resource.DeferredExtractableManagedResource.acquireFor(AbstractManagedResource.scala:25)
	at resource.ManagedResourceOperations.apply(ManagedResourceOperations.scala:31)
	at resource.ManagedResourceOperations.apply$(ManagedResourceOperations.scala:31)
	at resource.DeferredExtractableManagedResource.apply(AbstractManagedResource.scala:22)
	at resource.ManagedResourceOperations.acquireAndGet(ManagedResourceOperations.scala:29)
	at resource.ManagedResourceOperations.acquireAndGet$(ManagedResourceOperations.scala:29)
	at resource.DeferredExtractableManagedResource.acquireAndGet(AbstractManagedResource.scala:22)
	at anorm.Sql$.$anonfun$asTry$1(Anorm.scala:263)
	at scala.util.Try$.apply(Try.scala:210)
	at anorm.Sql$.asTry(Anorm.scala:263)
	at anorm.WithResult.asTry(SqlResult.scala:215)
	at anorm.WithResult.asTry$(SqlResult.scala:213)
	at anorm.SimpleSql.asTry(SimpleSql.scala:6)
	at anorm.WithResult.as(SqlResult.scala:205)
	at anorm.WithResult.as$(SqlResult.scala:204)
	at anorm.SimpleSql.as(SimpleSql.scala:6)
	at com.digitalasset.canton.platform.store.backend.common.PackageStorageBackendTemplate.lfPackages(PackageStorageBackendTemplate.scala:54)
	at com.digitalasset.canton.platform.store.dao.JdbcLedgerDao.$anonfun$listLfPackages$1(JdbcLedgerDao.scala:311)
	at com.digitalasset.canton.platform.store.dao.DataSourceConnectionProvider$$anon$1.$anonfun$runSQL$1(HikariJdbcConnectionProvider.scala:80)
	at com.daml.metrics.api.opentelemetry.OpenTelemetryTimer.time(OpenTelemetryMetricsFactory.scala:180)
	at com.daml.metrics.Timed$.value(Timed.scala:18)
	at com.digitalasset.canton.platform.store.dao.DataSourceConnectionProvider$$anon$1.runSQL(HikariJdbcConnectionProvider.scala:80)
	at com.digitalasset.canton.platform.store.dao.DbDispatcherImpl.$anonfun$executeSql$2(DbDispatcher.scala:87)
	at scala.concurrent.Future$.$anonfun$apply$1(Future.scala:687)
	at scala.concurrent.impl.Promise$Transformation.run(Promise.scala:467)
	at com.daml.executors.QueueAwareExecutorService$TrackingRunnable.run(QueueAwareExecutorService.scala:98)
	at com.daml.metrics.InstrumentedExecutorServiceMetrics$InstrumentedExecutorService$InstrumentedRunnable.run(InstrumentedExecutorServiceMetrics.scala:202)
	at java.base/java.util.concurrent.ThreadPoolExecutor.runWorker(ThreadPoolExecutor.java:1136)
	at java.base/java.util.concurrent.ThreadPoolExecutor$Worker.run(ThreadPoolExecutor.java:635)
	at java.base/java.lang.Thread.run(Thread.java:840)
2026-01-20 15:07:58,524 [canton-env-ec-30] ERROR c.d.c.p.a.s.ApiPackageService:participant=sandbox tid:14e70fc0dacd18c899b9ca35239852cd - Unhandled internal error
com.digitalasset.canton.ledger.error.IndexErrors$IndexDbException: INTERNAL: An error occurred. Please contact the operator and inquire about the request 14e70fc0dacd18c899b9ca35239852cd with tid 14e70fc0dacd18c899b9ca35239852cd
2026-01-20 15:07:58,469 [daml.index.db.threadpool.connection.api-server-4] DEBUG c.d.c.n.g.ApiRequestLogger:participant=sandbox tid:6939f649b3f51d5114fbae2812c9e5c2 - Request c.d.l.a.v.PackageService/GetPackageStatus by /127.0.0.1:49267: received a message 
  Request tid:6939f649b3f51d5114fbae2812c9e5c2
2026-01-20 15:07:58,469 [canton-env-ec-68] INFO  c.d.c.p.a.s.ApiPackageService:participant=sandbox tid:6939f649b3f51d5114fbae2812c9e5c2 - Received request for a package status: GetPackageStatusRequest(sandbox,518032f41fd0175461b35ae0c9691e08b4aea55e62915f8360af2cc7a1f2ba6c), packageId -> '518032f41fd0175461b35ae0c9691e08b4aea55e62915f8360af2cc7a1f2ba6c'.
2026-01-20 15:07:58,522 [daml.index.db.threadpool.connection.api-server-4] ERROR c.d.c.p.s.d.DbDispatcherImpl:participant=sandbox tid:6939f649b3f51d5114fbae2812c9e5c2 - INDEX_DB_SQL_NON_TRANSIENT_ERROR(4,6939f649): Processing the request failed due to a non-transient database error: Table "PACKAGES" not found (this database is empty); SQL statement:

      select packages.package_id, packages.source_description, packages.known_since, packages.package_size
      from packages
      where packages.ledger_offset <= ?
     [42104-210] err-context:{location=DatabaseSelfServiceError.scala:53} 
org.h2.jdbc.JdbcSQLSyntaxErrorException: Table "PACKAGES" not found (this database is empty); SQL statement:

      select packages.package_id, packages.source_description, packages.known_since, packages.package_size
      from packages
      where packages.ledger_offset <= ?
     [42104-210]
	at org.h2.message.DbException.getJdbcSQLException(DbException.java:521)
	at org.h2.message.DbException.getJdbcSQLException(DbException.java:496)
	at org.h2.message.DbException.get(DbException.java:227)
	at org.h2.message.DbException.get(DbException.java:203)
	at org.h2.command.Parser.getTableOrViewNotFoundDbException(Parser.java:8397)
	at org.h2.command.Parser.getTableOrViewNotFoundDbException(Parser.java:8381)
	at org.h2.command.Parser.readTableOrView(Parser.java:8370)
	at org.h2.command.Parser.readTablePrimary(Parser.java:1866)
	at org.h2.command.Parser.readTableReference(Parser.java:2342)
	at org.h2.command.Parser.parseSelectFromPart(Parser.java:2793)
	at org.h2.command.Parser.parseSelect(Parser.java:2900)
	at org.h2.command.Parser.parseQueryPrimary(Parser.java:2783)
	at org.h2.command.Parser.parseQueryTerm(Parser.java:2650)
	at org.h2.command.Parser.parseQueryExpressionBody(Parser.java:2629)
	at org.h2.command.Parser.parseQueryExpressionBodyAndEndOfQuery(Parser.java:2622)
	at org.h2.command.Parser.parseQueryExpression(Parser.java:2615)
	at org.h2.command.Parser.parseQuery(Parser.java:2576)
	at org.h2.command.Parser.parsePrepared(Parser.java:707)
	at org.h2.command.Parser.parse(Parser.java:674)
	at org.h2.command.Parser.parse(Parser.java:644)
	at org.h2.command.Parser.prepareCommand(Parser.java:551)
	at org.h2.engine.SessionLocal.prepareLocal(SessionLocal.java:615)
	at org.h2.engine.SessionLocal.prepareCommand(SessionLocal.java:553)
	at org.h2.jdbc.JdbcConnection.prepareCommand(JdbcConnection.java:1116)
	at org.h2.jdbc.JdbcPreparedStatement.<init>(JdbcPreparedStatement.java:92)
	at org.h2.jdbc.JdbcConnection.prepareStatement(JdbcConnection.java:288)
	at com.zaxxer.hikari.pool.ProxyConnection.prepareStatement(ProxyConnection.java:311)
	at com.zaxxer.hikari.pool.HikariProxyConnection.prepareStatement(HikariProxyConnection.java)
	at anorm.SimpleSql.$anonfun$prepareNoGeneratedKeys$1(SimpleSql.scala:55)
	at anorm.SimpleSql.unsafeStatement(SimpleSql.scala:85)
	at anorm.SimpleSql.unsafeStatement(SimpleSql.scala:68)
	at anorm.Sql.$anonfun$preparedStatement$1(Anorm.scala:77)
	at resource.DefaultManagedResource.open(AbstractManagedResource.scala:107)
	at resource.AbstractManagedResource.acquireFor(AbstractManagedResource.scala:84)
	at resource.ManagedResourceOperations$$anon$1.acquireFor(ManagedResourceOperations.scala:47)
	at resource.DeferredExtractableManagedResource.acquireFor(AbstractManagedResource.scala:25)
	at resource.ManagedResourceOperations.apply(ManagedResourceOperations.scala:31)
	at resource.ManagedResourceOperations.apply$(ManagedResourceOperations.scala:31)
	at resource.DeferredExtractableManagedResource.apply(AbstractManagedResource.scala:22)
	at resource.ManagedResourceOperations.acquireAndGet(ManagedResourceOperations.scala:29)
	at resource.ManagedResourceOperations.acquireAndGet$(ManagedResourceOperations.scala:29)
	at resource.DeferredExtractableManagedResource.acquireAndGet(AbstractManagedResource.scala:22)
	at anorm.Sql$.$anonfun$asTry$1(Anorm.scala:263)
	at scala.util.Try$.apply(Try.scala:210)
	at anorm.Sql$.asTry(Anorm.scala:263)
	at anorm.WithResult.asTry(SqlResult.scala:215)
	at anorm.WithResult.asTry$(SqlResult.scala:213)
	at anorm.SimpleSql.asTry(SimpleSql.scala:6)
	at anorm.WithResult.as(SqlResult.scala:205)
	at anorm.WithResult.as$(SqlResult.scala:204)
	at anorm.SimpleSql.as(SimpleSql.scala:6)
	at com.digitalasset.canton.platform.store.backend.common.PackageStorageBackendTemplate.lfPackages(PackageStorageBackendTemplate.scala:54)
	at com.digitalasset.canton.platform.store.dao.JdbcLedgerDao.$anonfun$listLfPackages$1(JdbcLedgerDao.scala:311)
	at com.digitalasset.canton.platform.store.dao.DataSourceConnectionProvider$$anon$1.$anonfun$runSQL$1(HikariJdbcConnectionProvider.scala:80)
	at com.daml.metrics.api.opentelemetry.OpenTelemetryTimer.time(OpenTelemetryMetricsFactory.scala:180)
	at com.daml.metrics.Timed$.value(Timed.scala:18)
	at com.digitalasset.canton.platform.store.dao.DataSourceConnectionProvider$$anon$1.runSQL(HikariJdbcConnectionProvider.scala:80)
	at com.digitalasset.canton.platform.store.dao.DbDispatcherImpl.$anonfun$executeSql$2(DbDispatcher.scala:87)
	at scala.concurrent.Future$.$anonfun$apply$1(Future.scala:687)
	at scala.concurrent.impl.Promise$Transformation.run(Promise.scala:467)
	at com.daml.executors.QueueAwareExecutorService$TrackingRunnable.run(QueueAwareExecutorService.scala:98)
	at com.daml.metrics.InstrumentedExecutorServiceMetrics$InstrumentedExecutorService$InstrumentedRunnable.run(InstrumentedExecutorServiceMetrics.scala:202)
	at java.base/java.util.concurrent.ThreadPoolExecutor.runWorker(ThreadPoolExecutor.java:1136)
	at java.base/java.util.concurrent.ThreadPoolExecutor$Worker.run(ThreadPoolExecutor.java:635)
	at java.base/java.lang.Thread.run(Thread.java:840)
2026-01-20 15:07:58,522 [canton-env-ec-93] ERROR c.d.c.p.a.s.ApiPackageService:participant=sandbox tid:e5f2272fc28a88640935bcdf787fc8b4 - Unhandled internal error
com.digitalasset.canton.ledger.error.IndexErrors$IndexDbException: INTERNAL: An error occurred. Please contact the operator and inquire about the request e5f2272fc28a88640935bcdf787fc8b4 with tid e5f2272fc28a88640935bcdf787fc8b4
2026-01-20 15:07:58,520 [canton-env-ec-22] ERROR c.d.c.n.g.ApiRequestLogger:participant=sandbox tid:c70d3e18ed6e64128ff383e1bafe6e3d - Request c.d.l.a.v.PackageService/GetPackageStatus by /127.0.0.1:49267: failed with INTERNAL/An error occurred. Please contact the operator and inquire about the request c70d3e18ed6e64128ff383e1bafe6e3d with tid c70d3e18ed6e64128ff383e1bafe6e3d
2026-01-20 15:07:58,520 [canton-env-ec-78] ERROR c.d.c.n.g.ApiRequestLogger:participant=sandbox tid:497abc87829902fbbe84da5ce85b702c - Request c.d.l.a.v.PackageService/GetPackageStatus by /127.0.0.1:49267: failed with INTERNAL/An error occurred. Please contact the operator and inquire about the request 497abc87829902fbbe84da5ce85b702c with tid 497abc87829902fbbe84da5ce85b702c
2026-01-20 15:07:58,519 [canton-env-ec-82] ERROR c.d.c.n.g.ApiRequestLogger:participant=sandbox tid:137293f096dc5d749f406334d4f9a3ec - Request c.d.l.a.v.PackageService/GetPackageStatus by /127.0.0.1:49267: failed with INTERNAL/An error occurred. Please contact the operator and inquire about the request 137293f096dc5d749f406334d4f9a3ec with tid 137293f096dc5d749f406334d4f9a3ec
2026-01-20 15:07:58,519 [canton-env-ec-92] ERROR c.d.c.n.g.ApiRequestLogger:participant=sandbox tid:c121f6bc9b51b60a8b94af68b9354fe1 - Request c.d.l.a.v.PackageService/GetPackageStatus by /127.0.0.1:49267: failed with INTERNAL/An error occurred. Please contact the operator and inquire about the request c121f6bc9b51b60a8b94af68b9354fe1 with tid c121f6bc9b51b60a8b94af68b9354fe1
2026-01-20 15:07:58,537 [canton-env-ec-78] ERROR c.d.c.p.a.s.ApiPackageService:participant=sandbox tid:6939f649b3f51d5114fbae2812c9e5c2 - Unhandled internal error
com.digitalasset.canton.ledger.error.IndexErrors$IndexDbException: INTERNAL: An error occurred. Please contact the operator and inquire about the request 6939f649b3f51d5114fbae2812c9e5c2 with tid 6939f649b3f51d5114fbae2812c9e5c2
2026-01-20 15:07:58,465 [daml.index.db.threadpool.connection.api-server-2] DEBUG c.d.c.n.g.ApiRequestLogger:participant=sandbox tid:7185a313a15610a3191d432860f881f4 - Request c.d.l.a.v.PackageService/GetPackageStatus by /127.0.0.1:49267: received a message 
  Request tid:7185a313a15610a3191d432860f881f4
2026-01-20 15:07:58,467 [canton-env-ec-33] INFO  c.d.c.p.a.s.ApiPackageService:participant=sandbox tid:7185a313a15610a3191d432860f881f4 - Received request for a package status: GetPackageStatusRequest(sandbox,cc348d369011362a5190fe96dd1f0dfbc697fdfd10e382b9e9666f0da05961b7), packageId -> 'cc348d369011362a5190fe96dd1f0dfbc697fdfd10e382b9e9666f0da05961b7'.
2026-01-20 15:07:58,519 [daml.index.db.threadpool.connection.api-server-2] ERROR c.d.c.p.s.d.DbDispatcherImpl:participant=sandbox tid:7185a313a15610a3191d432860f881f4 - INDEX_DB_SQL_NON_TRANSIENT_ERROR(4,7185a313): Processing the request failed due to a non-transient database error: Table "PACKAGES" not found (this database is empty); SQL statement:

      select packages.package_id, packages.source_description, packages.known_since, packages.package_size
      from packages
      where packages.ledger_offset <= ?
     [42104-210] err-context:{location=DatabaseSelfServiceError.scala:53} 
org.h2.jdbc.JdbcSQLSyntaxErrorException: Table "PACKAGES" not found (this database is empty); SQL statement:

      select packages.package_id, packages.source_description, packages.known_since, packages.package_size
      from packages
      where packages.ledger_offset <= ?
     [42104-210]
	at org.h2.message.DbException.getJdbcSQLException(DbException.java:521)
	at org.h2.message.DbException.getJdbcSQLException(DbException.java:496)
	at org.h2.message.DbException.get(DbException.java:227)
	at org.h2.message.DbException.get(DbException.java:203)
	at org.h2.command.Parser.getTableOrViewNotFoundDbException(Parser.java:8397)
	at org.h2.command.Parser.getTableOrViewNotFoundDbException(Parser.java:8381)
	at org.h2.command.Parser.readTableOrView(Parser.java:8370)
	at org.h2.command.Parser.readTablePrimary(Parser.java:1866)
	at org.h2.command.Parser.readTableReference(Parser.java:2342)
	at org.h2.command.Parser.parseSelectFromPart(Parser.java:2793)
	at org.h2.command.Parser.parseSelect(Parser.java:2900)
	at org.h2.command.Parser.parseQueryPrimary(Parser.java:2783)
	at org.h2.command.Parser.parseQueryTerm(Parser.java:2650)
	at org.h2.command.Parser.parseQueryExpressionBody(Parser.java:2629)
	at org.h2.command.Parser.parseQueryExpressionBodyAndEndOfQuery(Parser.java:2622)
	at org.h2.command.Parser.parseQueryExpression(Parser.java:2615)
	at org.h2.command.Parser.parseQuery(Parser.java:2576)
	at org.h2.command.Parser.parsePrepared(Parser.java:707)
	at org.h2.command.Parser.parse(Parser.java:674)
	at org.h2.command.Parser.parse(Parser.java:644)
	at org.h2.command.Parser.prepareCommand(Parser.java:551)
	at org.h2.engine.SessionLocal.prepareLocal(SessionLocal.java:615)
	at org.h2.engine.SessionLocal.prepareCommand(SessionLocal.java:553)
	at org.h2.jdbc.JdbcConnection.prepareCommand(JdbcConnection.java:1116)
	at org.h2.jdbc.JdbcPreparedStatement.<init>(JdbcPreparedStatement.java:92)
	at org.h2.jdbc.JdbcConnection.prepareStatement(JdbcConnection.java:288)
	at com.zaxxer.hikari.pool.ProxyConnection.prepareStatement(ProxyConnection.java:311)
	at com.zaxxer.hikari.pool.HikariProxyConnection.prepareStatement(HikariProxyConnection.java)
	at anorm.SimpleSql.$anonfun$prepareNoGeneratedKeys$1(SimpleSql.scala:55)
	at anorm.SimpleSql.unsafeStatement(SimpleSql.scala:85)
	at anorm.SimpleSql.unsafeStatement(SimpleSql.scala:68)
	at anorm.Sql.$anonfun$preparedStatement$1(Anorm.scala:77)
	at resource.DefaultManagedResource.open(AbstractManagedResource.scala:107)
	at resource.AbstractManagedResource.acquireFor(AbstractManagedResource.scala:84)
	at resource.ManagedResourceOperations$$anon$1.acquireFor(ManagedResourceOperations.scala:47)
	at resource.DeferredExtractableManagedResource.acquireFor(AbstractManagedResource.scala:25)
	at resource.ManagedResourceOperations.apply(ManagedResourceOperations.scala:31)
	at resource.ManagedResourceOperations.apply$(ManagedResourceOperations.scala:31)
	at resource.DeferredExtractableManagedResource.apply(AbstractManagedResource.scala:22)
	at resource.ManagedResourceOperations.acquireAndGet(ManagedResourceOperations.scala:29)
	at resource.ManagedResourceOperations.acquireAndGet$(ManagedResourceOperations.scala:29)
	at resource.DeferredExtractableManagedResource.acquireAndGet(AbstractManagedResource.scala:22)
	at anorm.Sql$.$anonfun$asTry$1(Anorm.scala:263)
	at scala.util.Try$.apply(Try.scala:210)
	at anorm.Sql$.asTry(Anorm.scala:263)
	at anorm.WithResult.asTry(SqlResult.scala:215)
	at anorm.WithResult.asTry$(SqlResult.scala:213)
	at anorm.SimpleSql.asTry(SimpleSql.scala:6)
	at anorm.WithResult.as(SqlResult.scala:205)
	at anorm.WithResult.as$(SqlResult.scala:204)
	at anorm.SimpleSql.as(SimpleSql.scala:6)
	at com.digitalasset.canton.platform.store.backend.common.PackageStorageBackendTemplate.lfPackages(PackageStorageBackendTemplate.scala:54)
	at com.digitalasset.canton.platform.store.dao.JdbcLedgerDao.$anonfun$listLfPackages$1(JdbcLedgerDao.scala:311)
	at com.digitalasset.canton.platform.store.dao.DataSourceConnectionProvider$$anon$1.$anonfun$runSQL$1(HikariJdbcConnectionProvider.scala:80)
	at com.daml.metrics.api.opentelemetry.OpenTelemetryTimer.time(OpenTelemetryMetricsFactory.scala:180)
	at com.daml.metrics.Timed$.value(Timed.scala:18)
	at com.digitalasset.canton.platform.store.dao.DataSourceConnectionProvider$$anon$1.runSQL(HikariJdbcConnectionProvider.scala:80)
	at com.digitalasset.canton.platform.store.dao.DbDispatcherImpl.$anonfun$executeSql$2(DbDispatcher.scala:87)
	at scala.concurrent.Future$.$anonfun$apply$1(Future.scala:687)
	at scala.concurrent.impl.Promise$Transformation.run(Promise.scala:467)
	at com.daml.executors.QueueAwareExecutorService$TrackingRunnable.run(QueueAwareExecutorService.scala:98)
	at com.daml.metrics.InstrumentedExecutorServiceMetrics$InstrumentedExecutorService$InstrumentedRunnable.run(InstrumentedExecutorServiceMetrics.scala:202)
	at java.base/java.util.concurrent.ThreadPoolExecutor.runWorker(ThreadPoolExecutor.java:1136)
	at java.base/java.util.concurrent.ThreadPoolExecutor$Worker.run(ThreadPoolExecutor.java:635)
	at java.base/java.lang.Thread.run(Thread.java:840)
2026-01-20 15:07:58,518 [canton-env-ec-90] ERROR c.d.c.n.g.ApiRequestLogger:participant=sandbox tid:0f0cbbf7e79871ef3d3f034c7dd10941 - Request c.d.l.a.v.PackageService/GetPackageStatus by /127.0.0.1:49267: failed with INTERNAL/An error occurred. Please contact the operator and inquire about the request 0f0cbbf7e79871ef3d3f034c7dd10941 with tid 0f0cbbf7e79871ef3d3f034c7dd10941
2026-01-20 15:07:58,518 [canton-env-ec-80] ERROR c.d.c.p.a.s.ApiPackageService:participant=sandbox tid:a6c7f137dcd4e7c74b83c727d6906017 - Unhandled internal error
com.digitalasset.canton.ledger.error.IndexErrors$IndexDbException: INTERNAL: An error occurred. Please contact the operator and inquire about the request a6c7f137dcd4e7c74b83c727d6906017 with tid a6c7f137dcd4e7c74b83c727d6906017
2026-01-20 15:07:58,537 [canton-env-ec-78] ERROR c.d.c.n.g.ApiRequestLogger:participant=sandbox tid:6939f649b3f51d5114fbae2812c9e5c2 - Request c.d.l.a.v.PackageService/GetPackageStatus by /127.0.0.1:49267: failed with INTERNAL/An error occurred. Please contact the operator and inquire about the request 6939f649b3f51d5114fbae2812c9e5c2 with tid 6939f649b3f51d5114fbae2812c9e5c2
2026-01-20 15:07:58,537 [canton-env-ec-22] ERROR c.d.c.p.a.s.ApiPackageService:participant=sandbox tid:493d4718b45fdabdf7fa4322c4612bd1 - Unhandled internal error
com.digitalasset.canton.ledger.error.IndexErrors$IndexDbException: INTERNAL: An error occurred. Please contact the operator and inquire about the request 493d4718b45fdabdf7fa4322c4612bd1 with tid 493d4718b45fdabdf7fa4322c4612bd1
2026-01-20 15:07:58,537 [canton-env-ec-82] ERROR c.d.c.p.a.s.ApiPackageService:participant=sandbox tid:57b51c5567be1697c6e3aa3d79e771d7 - Unhandled internal error
com.digitalasset.canton.ledger.error.IndexErrors$IndexDbException: INTERNAL: An error occurred. Please contact the operator and inquire about the request 57b51c5567be1697c6e3aa3d79e771d7 with tid 57b51c5567be1697c6e3aa3d79e771d7
2026-01-20 15:07:58,469 [daml.index.db.threadpool.connection.api-server-4] DEBUG c.d.c.n.g.ApiRequestLogger:participant=sandbox tid:548145fe23368061e3f041ab58df1c95 - Request c.d.l.a.v.PackageService/GetPackageStatus by /127.0.0.1:49267: received a message 
  Request tid:548145fe23368061e3f041ab58df1c95
2026-01-20 15:07:58,469 [canton-env-ec-29] INFO  c.d.c.p.a.s.ApiPackageService:participant=sandbox tid:548145fe23368061e3f041ab58df1c95 - Received request for a package status: GetPackageStatusRequest(sandbox,82fa64bf7428c614565513731b36464c411b8f252b6f2188aeaca9236f013c84), packageId -> '82fa64bf7428c614565513731b36464c411b8f252b6f2188aeaca9236f013c84'.
2026-01-20 15:07:58,536 [daml.index.db.threadpool.connection.api-server-4] ERROR c.d.c.p.s.d.DbDispatcherImpl:participant=sandbox tid:548145fe23368061e3f041ab58df1c95 - INDEX_DB_SQL_NON_TRANSIENT_ERROR(4,548145fe): Processing the request failed due to a non-transient database error: Table "PACKAGES" not found (this database is empty); SQL statement:

      select packages.package_id, packages.source_description, packages.known_since, packages.package_size
      from packages
      where packages.ledger_offset <= ?
     [42104-210] err-context:{location=DatabaseSelfServiceError.scala:53} 
org.h2.jdbc.JdbcSQLSyntaxErrorException: Table "PACKAGES" not found (this database is empty); SQL statement:

      select packages.package_id, packages.source_description, packages.known_since, packages.package_size
      from packages
      where packages.ledger_offset <= ?
     [42104-210]
	at org.h2.message.DbException.getJdbcSQLException(DbException.java:521)
	at org.h2.message.DbException.getJdbcSQLException(DbException.java:496)
	at org.h2.message.DbException.get(DbException.java:227)
	at org.h2.message.DbException.get(DbException.java:203)
	at org.h2.command.Parser.getTableOrViewNotFoundDbException(Parser.java:8397)
	at org.h2.command.Parser.getTableOrViewNotFoundDbException(Parser.java:8381)
	at org.h2.command.Parser.readTableOrView(Parser.java:8370)
	at org.h2.command.Parser.readTablePrimary(Parser.java:1866)
	at org.h2.command.Parser.readTableReference(Parser.java:2342)
	at org.h2.command.Parser.parseSelectFromPart(Parser.java:2793)
	at org.h2.command.Parser.parseSelect(Parser.java:2900)
	at org.h2.command.Parser.parseQueryPrimary(Parser.java:2783)
	at org.h2.command.Parser.parseQueryTerm(Parser.java:2650)
	at org.h2.command.Parser.parseQueryExpressionBody(Parser.java:2629)
	at org.h2.command.Parser.parseQueryExpressionBodyAndEndOfQuery(Parser.java:2622)
	at org.h2.command.Parser.parseQueryExpression(Parser.java:2615)
	at org.h2.command.Parser.parseQuery(Parser.java:2576)
	at org.h2.command.Parser.parsePrepared(Parser.java:707)
	at org.h2.command.Parser.parse(Parser.java:674)
	at org.h2.command.Parser.parse(Parser.java:644)
	at org.h2.command.Parser.prepareCommand(Parser.java:551)
	at org.h2.engine.SessionLocal.prepareLocal(SessionLocal.java:615)
	at org.h2.engine.SessionLocal.prepareCommand(SessionLocal.java:553)
	at org.h2.jdbc.JdbcConnection.prepareCommand(JdbcConnection.java:1116)
	at org.h2.jdbc.JdbcPreparedStatement.<init>(JdbcPreparedStatement.java:92)
	at org.h2.jdbc.JdbcConnection.prepareStatement(JdbcConnection.java:288)
	at com.zaxxer.hikari.pool.ProxyConnection.prepareStatement(ProxyConnection.java:311)
	at com.zaxxer.hikari.pool.HikariProxyConnection.prepareStatement(HikariProxyConnection.java)
	at anorm.SimpleSql.$anonfun$prepareNoGeneratedKeys$1(SimpleSql.scala:55)
	at anorm.SimpleSql.unsafeStatement(SimpleSql.scala:85)
	at anorm.SimpleSql.unsafeStatement(SimpleSql.scala:68)
	at anorm.Sql.$anonfun$preparedStatement$1(Anorm.scala:77)
	at resource.DefaultManagedResource.open(AbstractManagedResource.scala:107)
	at resource.AbstractManagedResource.acquireFor(AbstractManagedResource.scala:84)
	at resource.ManagedResourceOperations$$anon$1.acquireFor(ManagedResourceOperations.scala:47)
	at resource.DeferredExtractableManagedResource.acquireFor(AbstractManagedResource.scala:25)
	at resource.ManagedResourceOperations.apply(ManagedResourceOperations.scala:31)
	at resource.ManagedResourceOperations.apply$(ManagedResourceOperations.scala:31)
	at resource.DeferredExtractableManagedResource.apply(AbstractManagedResource.scala:22)
	at resource.ManagedResourceOperations.acquireAndGet(ManagedResourceOperations.scala:29)
	at resource.ManagedResourceOperations.acquireAndGet$(ManagedResourceOperations.scala:29)
	at resource.DeferredExtractableManagedResource.acquireAndGet(AbstractManagedResource.scala:22)
	at anorm.Sql$.$anonfun$asTry$1(Anorm.scala:263)
	at scala.util.Try$.apply(Try.scala:210)
	at anorm.Sql$.asTry(Anorm.scala:263)
	at anorm.WithResult.asTry(SqlResult.scala:215)
	at anorm.WithResult.asTry$(SqlResult.scala:213)
	at anorm.SimpleSql.asTry(SimpleSql.scala:6)
	at anorm.WithResult.as(SqlResult.scala:205)
	at anorm.WithResult.as$(SqlResult.scala:204)
	at anorm.SimpleSql.as(SimpleSql.scala:6)
	at com.digitalasset.canton.platform.store.backend.common.PackageStorageBackendTemplate.lfPackages(PackageStorageBackendTemplate.scala:54)
	at com.digitalasset.canton.platform.store.dao.JdbcLedgerDao.$anonfun$listLfPackages$1(JdbcLedgerDao.scala:311)
	at com.digitalasset.canton.platform.store.dao.DataSourceConnectionProvider$$anon$1.$anonfun$runSQL$1(HikariJdbcConnectionProvider.scala:80)
	at com.daml.metrics.api.opentelemetry.OpenTelemetryTimer.time(OpenTelemetryMetricsFactory.scala:180)
	at com.daml.metrics.Timed$.value(Timed.scala:18)
	at com.digitalasset.canton.platform.store.dao.DataSourceConnectionProvider$$anon$1.runSQL(HikariJdbcConnectionProvider.scala:80)
	at com.digitalasset.canton.platform.store.dao.DbDispatcherImpl.$anonfun$executeSql$2(DbDispatcher.scala:87)
	at scala.concurrent.Future$.$anonfun$apply$1(Future.scala:687)
	at scala.concurrent.impl.Promise$Transformation.run(Promise.scala:467)
	at com.daml.executors.QueueAwareExecutorService$TrackingRunnable.run(QueueAwareExecutorService.scala:98)
	at com.daml.metrics.InstrumentedExecutorServiceMetrics$InstrumentedExecutorService$InstrumentedRunnable.run(InstrumentedExecutorServiceMetrics.scala:202)
	at java.base/java.util.concurrent.ThreadPoolExecutor.runWorker(ThreadPoolExecutor.java:1136)
	at java.base/java.util.concurrent.ThreadPoolExecutor$Worker.run(ThreadPoolExecutor.java:635)
	at java.base/java.lang.Thread.run(Thread.java:840)
2026-01-20 15:07:58,535 [canton-env-ec-93] ERROR c.d.c.n.g.ApiRequestLogger:participant=sandbox tid:e5f2272fc28a88640935bcdf787fc8b4 - Request c.d.l.a.v.PackageService/GetPackageStatus by /127.0.0.1:49267: failed with INTERNAL/An error occurred. Please contact the operator and inquire about the request e5f2272fc28a88640935bcdf787fc8b4 with tid e5f2272fc28a88640935bcdf787fc8b4
2026-01-20 15:07:58,469 [daml.index.db.threadpool.connection.api-server-1] DEBUG c.d.c.n.g.ApiRequestLogger:participant=sandbox tid:8be31c3a8636e3d7a7c4598296a9f4ae - Request c.d.l.a.v.PackageService/GetPackageStatus by /127.0.0.1:49267: received a message 
  Request tid:8be31c3a8636e3d7a7c4598296a9f4ae
2026-01-20 15:07:58,470 [canton-env-ec-81] INFO  c.d.c.p.a.s.ApiPackageService:participant=sandbox tid:8be31c3a8636e3d7a7c4598296a9f4ae - Received request for a package status: GetPackageStatusRequest(sandbox,3f4deaf145a15cdcfa762c058005e2edb9baa75bb7f95a4f8f6f937378e86415), packageId -> '3f4deaf145a15cdcfa762c058005e2edb9baa75bb7f95a4f8f6f937378e86415'.
2026-01-20 15:07:58,531 [daml.index.db.threadpool.connection.api-server-1] ERROR c.d.c.p.s.d.DbDispatcherImpl:participant=sandbox tid:8be31c3a8636e3d7a7c4598296a9f4ae - INDEX_DB_SQL_NON_TRANSIENT_ERROR(4,8be31c3a): Processing the request failed due to a non-transient database error: Table "PACKAGES" not found (this database is empty); SQL statement:

      select packages.package_id, packages.source_description, packages.known_since, packages.package_size
      from packages
      where packages.ledger_offset <= ?
     [42104-210] err-context:{location=DatabaseSelfServiceError.scala:53} 
org.h2.jdbc.JdbcSQLSyntaxErrorException: Table "PACKAGES" not found (this database is empty); SQL statement:

      select packages.package_id, packages.source_description, packages.known_since, packages.package_size
      from packages
      where packages.ledger_offset <= ?
     [42104-210]
	at org.h2.message.DbException.getJdbcSQLException(DbException.java:521)
	at org.h2.message.DbException.getJdbcSQLException(DbException.java:496)
	at org.h2.message.DbException.get(DbException.java:227)
	at org.h2.message.DbException.get(DbException.java:203)
	at org.h2.command.Parser.getTableOrViewNotFoundDbException(Parser.java:8397)
	at org.h2.command.Parser.getTableOrViewNotFoundDbException(Parser.java:8381)
	at org.h2.command.Parser.readTableOrView(Parser.java:8370)
	at org.h2.command.Parser.readTablePrimary(Parser.java:1866)
	at org.h2.command.Parser.readTableReference(Parser.java:2342)
	at org.h2.command.Parser.parseSelectFromPart(Parser.java:2793)
	at org.h2.command.Parser.parseSelect(Parser.java:2900)
	at org.h2.command.Parser.parseQueryPrimary(Parser.java:2783)
	at org.h2.command.Parser.parseQueryTerm(Parser.java:2650)
	at org.h2.command.Parser.parseQueryExpressionBody(Parser.java:2629)
	at org.h2.command.Parser.parseQueryExpressionBodyAndEndOfQuery(Parser.java:2622)
	at org.h2.command.Parser.parseQueryExpression(Parser.java:2615)
	at org.h2.command.Parser.parseQuery(Parser.java:2576)
	at org.h2.command.Parser.parsePrepared(Parser.java:707)
	at org.h2.command.Parser.parse(Parser.java:674)
	at org.h2.command.Parser.parse(Parser.java:644)
	at org.h2.command.Parser.prepareCommand(Parser.java:551)
	at org.h2.engine.SessionLocal.prepareLocal(SessionLocal.java:615)
	at org.h2.engine.SessionLocal.prepareCommand(SessionLocal.java:553)
	at org.h2.jdbc.JdbcConnection.prepareCommand(JdbcConnection.java:1116)
	at org.h2.jdbc.JdbcPreparedStatement.<init>(JdbcPreparedStatement.java:92)
	at org.h2.jdbc.JdbcConnection.prepareStatement(JdbcConnection.java:288)
	at com.zaxxer.hikari.pool.ProxyConnection.prepareStatement(ProxyConnection.java:311)
	at com.zaxxer.hikari.pool.HikariProxyConnection.prepareStatement(HikariProxyConnection.java)
	at anorm.SimpleSql.$anonfun$prepareNoGeneratedKeys$1(SimpleSql.scala:55)
	at anorm.SimpleSql.unsafeStatement(SimpleSql.scala:85)
	at anorm.SimpleSql.unsafeStatement(SimpleSql.scala:68)
	at anorm.Sql.$anonfun$preparedStatement$1(Anorm.scala:77)
	at resource.DefaultManagedResource.open(AbstractManagedResource.scala:107)
	at resource.AbstractManagedResource.acquireFor(AbstractManagedResource.scala:84)
	at resource.ManagedResourceOperations$$anon$1.acquireFor(ManagedResourceOperations.scala:47)
	at resource.DeferredExtractableManagedResource.acquireFor(AbstractManagedResource.scala:25)
	at resource.ManagedResourceOperations.apply(ManagedResourceOperations.scala:31)
	at resource.ManagedResourceOperations.apply$(ManagedResourceOperations.scala:31)
	at resource.DeferredExtractableManagedResource.apply(AbstractManagedResource.scala:22)
	at resource.ManagedResourceOperations.acquireAndGet(ManagedResourceOperations.scala:29)
	at resource.ManagedResourceOperations.acquireAndGet$(ManagedResourceOperations.scala:29)
	at resource.DeferredExtractableManagedResource.acquireAndGet(AbstractManagedResource.scala:22)
	at anorm.Sql$.$anonfun$asTry$1(Anorm.scala:263)
	at scala.util.Try$.apply(Try.scala:210)
	at anorm.Sql$.asTry(Anorm.scala:263)
	at anorm.WithResult.asTry(SqlResult.scala:215)
	at anorm.WithResult.asTry$(SqlResult.scala:213)
	at anorm.SimpleSql.asTry(SimpleSql.scala:6)
	at anorm.WithResult.as(SqlResult.scala:205)
	at anorm.WithResult.as$(SqlResult.scala:204)
	at anorm.SimpleSql.as(SimpleSql.scala:6)
	at com.digitalasset.canton.platform.store.backend.common.PackageStorageBackendTemplate.lfPackages(PackageStorageBackendTemplate.scala:54)
	at com.digitalasset.canton.platform.store.dao.JdbcLedgerDao.$anonfun$listLfPackages$1(JdbcLedgerDao.scala:311)
	at com.digitalasset.canton.platform.store.dao.DataSourceConnectionProvider$$anon$1.$anonfun$runSQL$1(HikariJdbcConnectionProvider.scala:80)
	at com.daml.metrics.api.opentelemetry.OpenTelemetryTimer.time(OpenTelemetryMetricsFactory.scala:180)
	at com.daml.metrics.Timed$.value(Timed.scala:18)
	at com.digitalasset.canton.platform.store.dao.DataSourceConnectionProvider$$anon$1.runSQL(HikariJdbcConnectionProvider.scala:80)
	at com.digitalasset.canton.platform.store.dao.DbDispatcherImpl.$anonfun$executeSql$2(DbDispatcher.scala:87)
	at scala.concurrent.Future$.$anonfun$apply$1(Future.scala:687)
	at scala.concurrent.impl.Promise$Transformation.run(Promise.scala:467)
	at com.daml.executors.QueueAwareExecutorService$TrackingRunnable.run(QueueAwareExecutorService.scala:98)
	at com.daml.metrics.InstrumentedExecutorServiceMetrics$InstrumentedExecutorService$InstrumentedRunnable.run(InstrumentedExecutorServiceMetrics.scala:202)
	at java.base/java.util.concurrent.ThreadPoolExecutor.runWorker(ThreadPoolExecutor.java:1136)
	at java.base/java.util.concurrent.ThreadPoolExecutor$Worker.run(ThreadPoolExecutor.java:635)
	at java.base/java.lang.Thread.run(Thread.java:840)
2026-01-20 15:07:58,531 [canton-env-ec-30] ERROR c.d.c.n.g.ApiRequestLogger:participant=sandbox tid:14e70fc0dacd18c899b9ca35239852cd - Request c.d.l.a.v.PackageService/GetPackageStatus by /127.0.0.1:49267: failed with INTERNAL/An error occurred. Please contact the operator and inquire about the request 14e70fc0dacd18c899b9ca35239852cd with tid 14e70fc0dacd18c899b9ca35239852cd
2026-01-20 15:07:58,529 [canton-env-ec-33] ERROR c.d.c.n.g.ApiRequestLogger:participant=sandbox tid:633036dccff96d5912b1c42c9b1ce8b0 - Request c.d.l.a.v.PackageService/GetPackageStatus by /127.0.0.1:49267: failed with INTERNAL/An error occurred. Please contact the operator and inquire about the request 633036dccff96d5912b1c42c9b1ce8b0 with tid 633036dccff96d5912b1c42c9b1ce8b0
2026-01-20 15:07:58,469 [daml.index.db.threadpool.connection.api-server-3] DEBUG c.d.c.n.g.ApiRequestLogger:participant=sandbox tid:b4783147a00e81b69329676bb7849be6 - Request c.d.l.a.v.PackageService/GetPackageStatus by /127.0.0.1:49267: received a message 
  Request tid:b4783147a00e81b69329676bb7849be6
2026-01-20 15:07:58,470 [canton-env-ec-84] INFO  c.d.c.p.a.s.ApiPackageService:participant=sandbox tid:b4783147a00e81b69329676bb7849be6 - Received request for a package status: GetPackageStatusRequest(sandbox,97b883cd8a2b7f49f90d5d39c981cf6e110cf1f1c64427a28a6d58ec88c43657), packageId -> '97b883cd8a2b7f49f90d5d39c981cf6e110cf1f1c64427a28a6d58ec88c43657'.
2026-01-20 15:07:58,528 [daml.index.db.threadpool.connection.api-server-3] ERROR c.d.c.p.s.d.DbDispatcherImpl:participant=sandbox tid:b4783147a00e81b69329676bb7849be6 - INDEX_DB_SQL_NON_TRANSIENT_ERROR(4,b4783147): Processing the request failed due to a non-transient database error: Table "PACKAGES" not found (this database is empty); SQL statement:

      select packages.package_id, packages.source_description, packages.known_since, packages.package_size
      from packages
      where packages.ledger_offset <= ?
     [42104-210] err-context:{location=DatabaseSelfServiceError.scala:53} 
org.h2.jdbc.JdbcSQLSyntaxErrorException: Table "PACKAGES" not found (this database is empty); SQL statement:

      select packages.package_id, packages.source_description, packages.known_since, packages.package_size
      from packages
      where packages.ledger_offset <= ?
     [42104-210]
	at org.h2.message.DbException.getJdbcSQLException(DbException.java:521)
	at org.h2.message.DbException.getJdbcSQLException(DbException.java:496)
	at org.h2.message.DbException.get(DbException.java:227)
	at org.h2.message.DbException.get(DbException.java:203)
	at org.h2.command.Parser.getTableOrViewNotFoundDbException(Parser.java:8397)
	at org.h2.command.Parser.getTableOrViewNotFoundDbException(Parser.java:8381)
	at org.h2.command.Parser.readTableOrView(Parser.java:8370)
	at org.h2.command.Parser.readTablePrimary(Parser.java:1866)
	at org.h2.command.Parser.readTableReference(Parser.java:2342)
	at org.h2.command.Parser.parseSelectFromPart(Parser.java:2793)
	at org.h2.command.Parser.parseSelect(Parser.java:2900)
	at org.h2.command.Parser.parseQueryPrimary(Parser.java:2783)
	at org.h2.command.Parser.parseQueryTerm(Parser.java:2650)
	at org.h2.command.Parser.parseQueryExpressionBody(Parser.java:2629)
	at org.h2.command.Parser.parseQueryExpressionBodyAndEndOfQuery(Parser.java:2622)
	at org.h2.command.Parser.parseQueryExpression(Parser.java:2615)
	at org.h2.command.Parser.parseQuery(Parser.java:2576)
	at org.h2.command.Parser.parsePrepared(Parser.java:707)
	at org.h2.command.Parser.parse(Parser.java:674)
	at org.h2.command.Parser.parse(Parser.java:644)
	at org.h2.command.Parser.prepareCommand(Parser.java:551)
	at org.h2.engine.SessionLocal.prepareLocal(SessionLocal.java:615)
	at org.h2.engine.SessionLocal.prepareCommand(SessionLocal.java:553)
	at org.h2.jdbc.JdbcConnection.prepareCommand(JdbcConnection.java:1116)
	at org.h2.jdbc.JdbcPreparedStatement.<init>(JdbcPreparedStatement.java:92)
	at org.h2.jdbc.JdbcConnection.prepareStatement(JdbcConnection.java:288)
	at com.zaxxer.hikari.pool.ProxyConnection.prepareStatement(ProxyConnection.java:311)
	at com.zaxxer.hikari.pool.HikariProxyConnection.prepareStatement(HikariProxyConnection.java)
	at anorm.SimpleSql.$anonfun$prepareNoGeneratedKeys$1(SimpleSql.scala:55)
	at anorm.SimpleSql.unsafeStatement(SimpleSql.scala:85)
	at anorm.SimpleSql.unsafeStatement(SimpleSql.scala:68)
	at anorm.Sql.$anonfun$preparedStatement$1(Anorm.scala:77)
	at resource.DefaultManagedResource.open(AbstractManagedResource.scala:107)
	at resource.AbstractManagedResource.acquireFor(AbstractManagedResource.scala:84)
	at resource.ManagedResourceOperations$$anon$1.acquireFor(ManagedResourceOperations.scala:47)
	at resource.DeferredExtractableManagedResource.acquireFor(AbstractManagedResource.scala:25)
	at resource.ManagedResourceOperations.apply(ManagedResourceOperations.scala:31)
	at resource.ManagedResourceOperations.apply$(ManagedResourceOperations.scala:31)
	at resource.DeferredExtractableManagedResource.apply(AbstractManagedResource.scala:22)
	at resource.ManagedResourceOperations.acquireAndGet(ManagedResourceOperations.scala:29)
	at resource.ManagedResourceOperations.acquireAndGet$(ManagedResourceOperations.scala:29)
	at resource.DeferredExtractableManagedResource.acquireAndGet(AbstractManagedResource.scala:22)
	at anorm.Sql$.$anonfun$asTry$1(Anorm.scala:263)
	at scala.util.Try$.apply(Try.scala:210)
	at anorm.Sql$.asTry(Anorm.scala:263)
	at anorm.WithResult.asTry(SqlResult.scala:215)
	at anorm.WithResult.asTry$(SqlResult.scala:213)
	at anorm.SimpleSql.asTry(SimpleSql.scala:6)
	at anorm.WithResult.as(SqlResult.scala:205)
	at anorm.WithResult.as$(SqlResult.scala:204)
	at anorm.SimpleSql.as(SimpleSql.scala:6)
	at com.digitalasset.canton.platform.store.backend.common.PackageStorageBackendTemplate.lfPackages(PackageStorageBackendTemplate.scala:54)
	at com.digitalasset.canton.platform.store.dao.JdbcLedgerDao.$anonfun$listLfPackages$1(JdbcLedgerDao.scala:311)
	at com.digitalasset.canton.platform.store.dao.DataSourceConnectionProvider$$anon$1.$anonfun$runSQL$1(HikariJdbcConnectionProvider.scala:80)
	at com.daml.metrics.api.opentelemetry.OpenTelemetryTimer.time(OpenTelemetryMetricsFactory.scala:180)
	at com.daml.metrics.Timed$.value(Timed.scala:18)
	at com.digitalasset.canton.platform.store.dao.DataSourceConnectionProvider$$anon$1.runSQL(HikariJdbcConnectionProvider.scala:80)
	at com.digitalasset.canton.platform.store.dao.DbDispatcherImpl.$anonfun$executeSql$2(DbDispatcher.scala:87)
	at scala.concurrent.Future$.$anonfun$apply$1(Future.scala:687)
	at scala.concurrent.impl.Promise$Transformation.run(Promise.scala:467)
	at com.daml.executors.QueueAwareExecutorService$TrackingRunnable.run(QueueAwareExecutorService.scala:98)
	at com.daml.metrics.InstrumentedExecutorServiceMetrics$InstrumentedExecutorService$InstrumentedRunnable.run(InstrumentedExecutorServiceMetrics.scala:202)
	at java.base/java.util.concurrent.ThreadPoolExecutor.runWorker(ThreadPoolExecutor.java:1136)
	at java.base/java.util.concurrent.ThreadPoolExecutor$Worker.run(ThreadPoolExecutor.java:635)
	at java.base/java.lang.Thread.run(Thread.java:840)
2026-01-20 15:07:58,469 [daml.index.db.threadpool.connection.api-server-0] DEBUG c.d.c.n.g.ApiRequestLogger:participant=sandbox tid:fb6ef35f3e837eade0390e81b676be68 - Request c.d.l.a.v.PackageService/GetPackageStatus by /127.0.0.1:49267: received a message 
  Request tid:fb6ef35f3e837eade0390e81b676be68
2026-01-20 15:07:58,469 [canton-env-ec-27] INFO  c.d.c.p.a.s.ApiPackageService:participant=sandbox tid:fb6ef35f3e837eade0390e81b676be68 - Received request for a package status: GetPackageStatusRequest(sandbox,38e6274601b21d7202bb995bc5ec147decda5a01b68d57dda422425038772af7), packageId -> '38e6274601b21d7202bb995bc5ec147decda5a01b68d57dda422425038772af7'.
2026-01-20 15:07:58,528 [daml.index.db.threadpool.connection.api-server-0] ERROR c.d.c.p.s.d.DbDispatcherImpl:participant=sandbox tid:fb6ef35f3e837eade0390e81b676be68 - INDEX_DB_SQL_NON_TRANSIENT_ERROR(4,fb6ef35f): Processing the request failed due to a non-transient database error: Table "PACKAGES" not found (this database is empty); SQL statement:

      select packages.package_id, packages.source_description, packages.known_since, packages.package_size
      from packages
      where packages.ledger_offset <= ?
     [42104-210] err-context:{location=DatabaseSelfServiceError.scala:53} 
org.h2.jdbc.JdbcSQLSyntaxErrorException: Table "PACKAGES" not found (this database is empty); SQL statement:

      select packages.package_id, packages.source_description, packages.known_since, packages.package_size
      from packages
      where packages.ledger_offset <= ?
     [42104-210]
	at org.h2.message.DbException.getJdbcSQLException(DbException.java:521)
	at org.h2.message.DbException.getJdbcSQLException(DbException.java:496)
	at org.h2.message.DbException.get(DbException.java:227)
	at org.h2.message.DbException.get(DbException.java:203)
	at org.h2.command.Parser.getTableOrViewNotFoundDbException(Parser.java:8397)
	at org.h2.command.Parser.getTableOrViewNotFoundDbException(Parser.java:8381)
	at org.h2.command.Parser.readTableOrView(Parser.java:8370)
	at org.h2.command.Parser.readTablePrimary(Parser.java:1866)
	at org.h2.command.Parser.readTableReference(Parser.java:2342)
	at org.h2.command.Parser.parseSelectFromPart(Parser.java:2793)
	at org.h2.command.Parser.parseSelect(Parser.java:2900)
	at org.h2.command.Parser.parseQueryPrimary(Parser.java:2783)
	at org.h2.command.Parser.parseQueryTerm(Parser.java:2650)
	at org.h2.command.Parser.parseQueryExpressionBody(Parser.java:2629)
	at org.h2.command.Parser.parseQueryExpressionBodyAndEndOfQuery(Parser.java:2622)
	at org.h2.command.Parser.parseQueryExpression(Parser.java:2615)
	at org.h2.command.Parser.parseQuery(Parser.java:2576)
	at org.h2.command.Parser.parsePrepared(Parser.java:707)
	at org.h2.command.Parser.parse(Parser.java:674)
	at org.h2.command.Parser.parse(Parser.java:644)
	at org.h2.command.Parser.prepareCommand(Parser.java:551)
	at org.h2.engine.SessionLocal.prepareLocal(SessionLocal.java:615)
	at org.h2.engine.SessionLocal.prepareCommand(SessionLocal.java:553)
	at org.h2.jdbc.JdbcConnection.prepareCommand(JdbcConnection.java:1116)
	at org.h2.jdbc.JdbcPreparedStatement.<init>(JdbcPreparedStatement.java:92)
	at org.h2.jdbc.JdbcConnection.prepareStatement(JdbcConnection.java:288)
	at com.zaxxer.hikari.pool.ProxyConnection.prepareStatement(ProxyConnection.java:311)
	at com.zaxxer.hikari.pool.HikariProxyConnection.prepareStatement(HikariProxyConnection.java)
	at anorm.SimpleSql.$anonfun$prepareNoGeneratedKeys$1(SimpleSql.scala:55)
	at anorm.SimpleSql.unsafeStatement(SimpleSql.scala:85)
	at anorm.SimpleSql.unsafeStatement(SimpleSql.scala:68)
	at anorm.Sql.$anonfun$preparedStatement$1(Anorm.scala:77)
	at resource.DefaultManagedResource.open(AbstractManagedResource.scala:107)
	at resource.AbstractManagedResource.acquireFor(AbstractManagedResource.scala:84)
	at resource.ManagedResourceOperations$$anon$1.acquireFor(ManagedResourceOperations.scala:47)
	at resource.DeferredExtractableManagedResource.acquireFor(AbstractManagedResource.scala:25)
	at resource.ManagedResourceOperations.apply(ManagedResourceOperations.scala:31)
	at resource.ManagedResourceOperations.apply$(ManagedResourceOperations.scala:31)
	at resource.DeferredExtractableManagedResource.apply(AbstractManagedResource.scala:22)
	at resource.ManagedResourceOperations.acquireAndGet(ManagedResourceOperations.scala:29)
	at resource.ManagedResourceOperations.acquireAndGet$(ManagedResourceOperations.scala:29)
	at resource.DeferredExtractableManagedResource.acquireAndGet(AbstractManagedResource.scala:22)
	at anorm.Sql$.$anonfun$asTry$1(Anorm.scala:263)
	at scala.util.Try$.apply(Try.scala:210)
	at anorm.Sql$.asTry(Anorm.scala:263)
	at anorm.WithResult.asTry(SqlResult.scala:215)
	at anorm.WithResult.asTry$(SqlResult.scala:213)
	at anorm.SimpleSql.asTry(SimpleSql.scala:6)
	at anorm.WithResult.as(SqlResult.scala:205)
	at anorm.WithResult.as$(SqlResult.scala:204)
	at anorm.SimpleSql.as(SimpleSql.scala:6)
	at com.digitalasset.canton.platform.store.backend.common.PackageStorageBackendTemplate.lfPackages(PackageStorageBackendTemplate.scala:54)
	at com.digitalasset.canton.platform.store.dao.JdbcLedgerDao.$anonfun$listLfPackages$1(JdbcLedgerDao.scala:311)
	at com.digitalasset.canton.platform.store.dao.DataSourceConnectionProvider$$anon$1.$anonfun$runSQL$1(HikariJdbcConnectionProvider.scala:80)
	at com.daml.metrics.api.opentelemetry.OpenTelemetryTimer.time(OpenTelemetryMetricsFactory.scala:180)
	at com.daml.metrics.Timed$.value(Timed.scala:18)
	at com.digitalasset.canton.platform.store.dao.DataSourceConnectionProvider$$anon$1.runSQL(HikariJdbcConnectionProvider.scala:80)
	at com.digitalasset.canton.platform.store.dao.DbDispatcherImpl.$anonfun$executeSql$2(DbDispatcher.scala:87)
	at scala.concurrent.Future$.$anonfun$apply$1(Future.scala:687)
	at scala.concurrent.impl.Promise$Transformation.run(Promise.scala:467)
	at com.daml.executors.QueueAwareExecutorService$TrackingRunnable.run(QueueAwareExecutorService.scala:98)
	at com.daml.metrics.InstrumentedExecutorServiceMetrics$InstrumentedExecutorService$InstrumentedRunnable.run(InstrumentedExecutorServiceMetrics.scala:202)
	at java.base/java.util.concurrent.ThreadPoolExecutor.runWorker(ThreadPoolExecutor.java:1136)
	at java.base/java.util.concurrent.ThreadPoolExecutor$Worker.run(ThreadPoolExecutor.java:635)
	at java.base/java.lang.Thread.run(Thread.java:840)
2026-01-20 15:07:58,527 [canton-env-ec-79] ERROR c.d.c.p.a.s.ApiPackageService:participant=sandbox tid:aa5a14cba350f66c7c29e7ad4dc549d5 - Unhandled internal error
com.digitalasset.canton.ledger.error.IndexErrors$IndexDbException: INTERNAL: An error occurred. Please contact the operator and inquire about the request aa5a14cba350f66c7c29e7ad4dc549d5 with tid aa5a14cba350f66c7c29e7ad4dc549d5
2026-01-20 15:07:58,464 [daml.index.db.threadpool.connection.api-server-3] DEBUG c.d.c.n.g.ApiRequestLogger:participant=sandbox tid:b7e5bbb6bec489557d0febf027b15937 - Request c.d.l.a.v.PackageService/GetPackageStatus by /127.0.0.1:49267: received a message 
  Request tid:b7e5bbb6bec489557d0febf027b15937
2026-01-20 15:07:58,470 [canton-env-ec-80] INFO  c.d.c.p.a.s.ApiPackageService:participant=sandbox tid:b7e5bbb6bec489557d0febf027b15937 - Received request for a package status: GetPackageStatusRequest(sandbox,6c2c0667393c5f92f1885163068cd31800d2264eb088eb6fc740e11241b2bf06), packageId -> '6c2c0667393c5f92f1885163068cd31800d2264eb088eb6fc740e11241b2bf06'.
2026-01-20 15:07:58,546 [daml.index.db.threadpool.connection.api-server-3] ERROR c.d.c.p.s.d.DbDispatcherImpl:participant=sandbox tid:b7e5bbb6bec489557d0febf027b15937 - INDEX_DB_SQL_NON_TRANSIENT_ERROR(4,b7e5bbb6): Processing the request failed due to a non-transient database error: Table "PACKAGES" not found (this database is empty); SQL statement:

      select packages.package_id, packages.source_description, packages.known_since, packages.package_size
      from packages
      where packages.ledger_offset <= ?
     [42104-210] err-context:{location=DatabaseSelfServiceError.scala:53} 
org.h2.jdbc.JdbcSQLSyntaxErrorException: Table "PACKAGES" not found (this database is empty); SQL statement:

      select packages.package_id, packages.source_description, packages.known_since, packages.package_size
      from packages
      where packages.ledger_offset <= ?
     [42104-210]
	at org.h2.message.DbException.getJdbcSQLException(DbException.java:521)
	at org.h2.message.DbException.getJdbcSQLException(DbException.java:496)
	at org.h2.message.DbException.get(DbException.java:227)
	at org.h2.message.DbException.get(DbException.java:203)
	at org.h2.command.Parser.getTableOrViewNotFoundDbException(Parser.java:8397)
	at org.h2.command.Parser.getTableOrViewNotFoundDbException(Parser.java:8381)
	at org.h2.command.Parser.readTableOrView(Parser.java:8370)
	at org.h2.command.Parser.readTablePrimary(Parser.java:1866)
	at org.h2.command.Parser.readTableReference(Parser.java:2342)
	at org.h2.command.Parser.parseSelectFromPart(Parser.java:2793)
	at org.h2.command.Parser.parseSelect(Parser.java:2900)
	at org.h2.command.Parser.parseQueryPrimary(Parser.java:2783)
	at org.h2.command.Parser.parseQueryTerm(Parser.java:2650)
	at org.h2.command.Parser.parseQueryExpressionBody(Parser.java:2629)
	at org.h2.command.Parser.parseQueryExpressionBodyAndEndOfQuery(Parser.java:2622)
	at org.h2.command.Parser.parseQueryExpression(Parser.java:2615)
	at org.h2.command.Parser.parseQuery(Parser.java:2576)
	at org.h2.command.Parser.parsePrepared(Parser.java:707)
	at org.h2.command.Parser.parse(Parser.java:674)
	at org.h2.command.Parser.parse(Parser.java:644)
	at org.h2.command.Parser.prepareCommand(Parser.java:551)
	at org.h2.engine.SessionLocal.prepareLocal(SessionLocal.java:615)
	at org.h2.engine.SessionLocal.prepareCommand(SessionLocal.java:553)
	at org.h2.jdbc.JdbcConnection.prepareCommand(JdbcConnection.java:1116)
	at org.h2.jdbc.JdbcPreparedStatement.<init>(JdbcPreparedStatement.java:92)
	at org.h2.jdbc.JdbcConnection.prepareStatement(JdbcConnection.java:288)
	at com.zaxxer.hikari.pool.ProxyConnection.prepareStatement(ProxyConnection.java:311)
	at com.zaxxer.hikari.pool.HikariProxyConnection.prepareStatement(HikariProxyConnection.java)
	at anorm.SimpleSql.$anonfun$prepareNoGeneratedKeys$1(SimpleSql.scala:55)
	at anorm.SimpleSql.unsafeStatement(SimpleSql.scala:85)
	at anorm.SimpleSql.unsafeStatement(SimpleSql.scala:68)
	at anorm.Sql.$anonfun$preparedStatement$1(Anorm.scala:77)
	at resource.DefaultManagedResource.open(AbstractManagedResource.scala:107)
	at resource.AbstractManagedResource.acquireFor(AbstractManagedResource.scala:84)
	at resource.ManagedResourceOperations$$anon$1.acquireFor(ManagedResourceOperations.scala:47)
	at resource.DeferredExtractableManagedResource.acquireFor(AbstractManagedResource.scala:25)
	at resource.ManagedResourceOperations.apply(ManagedResourceOperations.scala:31)
	at resource.ManagedResourceOperations.apply$(ManagedResourceOperations.scala:31)
	at resource.DeferredExtractableManagedResource.apply(AbstractManagedResource.scala:22)
	at resource.ManagedResourceOperations.acquireAndGet(ManagedResourceOperations.scala:29)
	at resource.ManagedResourceOperations.acquireAndGet$(ManagedResourceOperations.scala:29)
	at resource.DeferredExtractableManagedResource.acquireAndGet(AbstractManagedResource.scala:22)
	at anorm.Sql$.$anonfun$asTry$1(Anorm.scala:263)
	at scala.util.Try$.apply(Try.scala:210)
	at anorm.Sql$.asTry(Anorm.scala:263)
	at anorm.WithResult.asTry(SqlResult.scala:215)
	at anorm.WithResult.asTry$(SqlResult.scala:213)
	at anorm.SimpleSql.asTry(SimpleSql.scala:6)
	at anorm.WithResult.as(SqlResult.scala:205)
	at anorm.WithResult.as$(SqlResult.scala:204)
	at anorm.SimpleSql.as(SimpleSql.scala:6)
	at com.digitalasset.canton.platform.store.backend.common.PackageStorageBackendTemplate.lfPackages(PackageStorageBackendTemplate.scala:54)
	at com.digitalasset.canton.platform.store.dao.JdbcLedgerDao.$anonfun$listLfPackages$1(JdbcLedgerDao.scala:311)
	at com.digitalasset.canton.platform.store.dao.DataSourceConnectionProvider$$anon$1.$anonfun$runSQL$1(HikariJdbcConnectionProvider.scala:80)
	at com.daml.metrics.api.opentelemetry.OpenTelemetryTimer.time(OpenTelemetryMetricsFactory.scala:180)
	at com.daml.metrics.Timed$.value(Timed.scala:18)
	at com.digitalasset.canton.platform.store.dao.DataSourceConnectionProvider$$anon$1.runSQL(HikariJdbcConnectionProvider.scala:80)
	at com.digitalasset.canton.platform.store.dao.DbDispatcherImpl.$anonfun$executeSql$2(DbDispatcher.scala:87)
	at scala.concurrent.Future$.$anonfun$apply$1(Future.scala:687)
	at scala.concurrent.impl.Promise$Transformation.run(Promise.scala:467)
	at com.daml.executors.QueueAwareExecutorService$TrackingRunnable.run(QueueAwareExecutorService.scala:98)
	at com.daml.metrics.InstrumentedExecutorServiceMetrics$InstrumentedExecutorService$InstrumentedRunnable.run(InstrumentedExecutorServiceMetrics.scala:202)
	at java.base/java.util.concurrent.ThreadPoolExecutor.runWorker(ThreadPoolExecutor.java:1136)
	at java.base/java.util.concurrent.ThreadPoolExecutor$Worker.run(ThreadPoolExecutor.java:635)
	at java.base/java.lang.Thread.run(Thread.java:840)
2026-01-20 15:07:58,469 [daml.index.db.threadpool.connection.api-server-1] DEBUG c.d.c.n.g.ApiRequestLogger:participant=sandbox tid:d9898d28795e1a9c8661792d9654b772 - Request c.d.l.a.v.PackageService/GetPackageStatus by /127.0.0.1:49267: received a message 
  Request tid:d9898d28795e1a9c8661792d9654b772
2026-01-20 15:07:58,470 [canton-env-ec-85] INFO  c.d.c.p.a.s.ApiPackageService:participant=sandbox tid:d9898d28795e1a9c8661792d9654b772 - Received request for a package status: GetPackageStatusRequest(sandbox,76bf0fd12bd945762a01f8fc5bbcdfa4d0ff20f8762af490f8f41d6237c6524f), packageId -> '76bf0fd12bd945762a01f8fc5bbcdfa4d0ff20f8762af490f8f41d6237c6524f'.
2026-01-20 15:07:58,545 [daml.index.db.threadpool.connection.api-server-1] ERROR c.d.c.p.s.d.DbDispatcherImpl:participant=sandbox tid:d9898d28795e1a9c8661792d9654b772 - INDEX_DB_SQL_NON_TRANSIENT_ERROR(4,d9898d28): Processing the request failed due to a non-transient database error: Table "PACKAGES" not found (this database is empty); SQL statement:

      select packages.package_id, packages.source_description, packages.known_since, packages.package_size
      from packages
      where packages.ledger_offset <= ?
     [42104-210] err-context:{location=DatabaseSelfServiceError.scala:53} 
org.h2.jdbc.JdbcSQLSyntaxErrorException: Table "PACKAGES" not found (this database is empty); SQL statement:

      select packages.package_id, packages.source_description, packages.known_since, packages.package_size
      from packages
      where packages.ledger_offset <= ?
     [42104-210]
	at org.h2.message.DbException.getJdbcSQLException(DbException.java:521)
	at org.h2.message.DbException.getJdbcSQLException(DbException.java:496)
	at org.h2.message.DbException.get(DbException.java:227)
	at org.h2.message.DbException.get(DbException.java:203)
	at org.h2.command.Parser.getTableOrViewNotFoundDbException(Parser.java:8397)
	at org.h2.command.Parser.getTableOrViewNotFoundDbException(Parser.java:8381)
	at org.h2.command.Parser.readTableOrView(Parser.java:8370)
	at org.h2.command.Parser.readTablePrimary(Parser.java:1866)
	at org.h2.command.Parser.readTableReference(Parser.java:2342)
	at org.h2.command.Parser.parseSelectFromPart(Parser.java:2793)
	at org.h2.command.Parser.parseSelect(Parser.java:2900)
	at org.h2.command.Parser.parseQueryPrimary(Parser.java:2783)
	at org.h2.command.Parser.parseQueryTerm(Parser.java:2650)
	at org.h2.command.Parser.parseQueryExpressionBody(Parser.java:2629)
	at org.h2.command.Parser.parseQueryExpressionBodyAndEndOfQuery(Parser.java:2622)
	at org.h2.command.Parser.parseQueryExpression(Parser.java:2615)
	at org.h2.command.Parser.parseQuery(Parser.java:2576)
	at org.h2.command.Parser.parsePrepared(Parser.java:707)
	at org.h2.command.Parser.parse(Parser.java:674)
	at org.h2.command.Parser.parse(Parser.java:644)
	at org.h2.command.Parser.prepareCommand(Parser.java:551)
	at org.h2.engine.SessionLocal.prepareLocal(SessionLocal.java:615)
	at org.h2.engine.SessionLocal.prepareCommand(SessionLocal.java:553)
	at org.h2.jdbc.JdbcConnection.prepareCommand(JdbcConnection.java:1116)
	at org.h2.jdbc.JdbcPreparedStatement.<init>(JdbcPreparedStatement.java:92)
	at org.h2.jdbc.JdbcConnection.prepareStatement(JdbcConnection.java:288)
	at com.zaxxer.hikari.pool.ProxyConnection.prepareStatement(ProxyConnection.java:311)
	at com.zaxxer.hikari.pool.HikariProxyConnection.prepareStatement(HikariProxyConnection.java)
	at anorm.SimpleSql.$anonfun$prepareNoGeneratedKeys$1(SimpleSql.scala:55)
	at anorm.SimpleSql.unsafeStatement(SimpleSql.scala:85)
	at anorm.SimpleSql.unsafeStatement(SimpleSql.scala:68)
	at anorm.Sql.$anonfun$preparedStatement$1(Anorm.scala:77)
	at resource.DefaultManagedResource.open(AbstractManagedResource.scala:107)
	at resource.AbstractManagedResource.acquireFor(AbstractManagedResource.scala:84)
	at resource.ManagedResourceOperations$$anon$1.acquireFor(ManagedResourceOperations.scala:47)
	at resource.DeferredExtractableManagedResource.acquireFor(AbstractManagedResource.scala:25)
	at resource.ManagedResourceOperations.apply(ManagedResourceOperations.scala:31)
	at resource.ManagedResourceOperations.apply$(ManagedResourceOperations.scala:31)
	at resource.DeferredExtractableManagedResource.apply(AbstractManagedResource.scala:22)
	at resource.ManagedResourceOperations.acquireAndGet(ManagedResourceOperations.scala:29)
	at resource.ManagedResourceOperations.acquireAndGet$(ManagedResourceOperations.scala:29)
	at resource.DeferredExtractableManagedResource.acquireAndGet(AbstractManagedResource.scala:22)
	at anorm.Sql$.$anonfun$asTry$1(Anorm.scala:263)
	at scala.util.Try$.apply(Try.scala:210)
	at anorm.Sql$.asTry(Anorm.scala:263)
	at anorm.WithResult.asTry(SqlResult.scala:215)
	at anorm.WithResult.asTry$(SqlResult.scala:213)
	at anorm.SimpleSql.asTry(SimpleSql.scala:6)
	at anorm.WithResult.as(SqlResult.scala:205)
	at anorm.WithResult.as$(SqlResult.scala:204)
	at anorm.SimpleSql.as(SimpleSql.scala:6)
	at com.digitalasset.canton.platform.store.backend.common.PackageStorageBackendTemplate.lfPackages(PackageStorageBackendTemplate.scala:54)
	at com.digitalasset.canton.platform.store.dao.JdbcLedgerDao.$anonfun$listLfPackages$1(JdbcLedgerDao.scala:311)
	at com.digitalasset.canton.platform.store.dao.DataSourceConnectionProvider$$anon$1.$anonfun$runSQL$1(HikariJdbcConnectionProvider.scala:80)
	at com.daml.metrics.api.opentelemetry.OpenTelemetryTimer.time(OpenTelemetryMetricsFactory.scala:180)
	at com.daml.metrics.Timed$.value(Timed.scala:18)
	at com.digitalasset.canton.platform.store.dao.DataSourceConnectionProvider$$anon$1.runSQL(HikariJdbcConnectionProvider.scala:80)
	at com.digitalasset.canton.platform.store.dao.DbDispatcherImpl.$anonfun$executeSql$2(DbDispatcher.scala:87)
	at scala.concurrent.Future$.$anonfun$apply$1(Future.scala:687)
	at scala.concurrent.impl.Promise$Transformation.run(Promise.scala:467)
	at com.daml.executors.QueueAwareExecutorService$TrackingRunnable.run(QueueAwareExecutorService.scala:98)
	at com.daml.metrics.InstrumentedExecutorServiceMetrics$InstrumentedExecutorService$InstrumentedRunnable.run(InstrumentedExecutorServiceMetrics.scala:202)
	at java.base/java.util.concurrent.ThreadPoolExecutor.runWorker(ThreadPoolExecutor.java:1136)
	at java.base/java.util.concurrent.ThreadPoolExecutor$Worker.run(ThreadPoolExecutor.java:635)
	at java.base/java.lang.Thread.run(Thread.java:840)
2026-01-20 15:07:58,545 [canton-env-ec-30] ERROR c.d.c.p.a.s.ApiPackageService:participant=sandbox tid:8be31c3a8636e3d7a7c4598296a9f4ae - Unhandled internal error
com.digitalasset.canton.ledger.error.IndexErrors$IndexDbException: INTERNAL: An error occurred. Please contact the operator and inquire about the request 8be31c3a8636e3d7a7c4598296a9f4ae with tid 8be31c3a8636e3d7a7c4598296a9f4ae
2026-01-20 15:07:58,469 [daml.index.db.threadpool.connection.api-server-4] DEBUG c.d.c.n.g.ApiRequestLogger:participant=sandbox tid:bf2eb98580fb04643706374238a1e490 - Request c.d.l.a.v.PackageService/GetPackageStatus by /127.0.0.1:49267: received a message 
  Request tid:bf2eb98580fb04643706374238a1e490
2026-01-20 15:07:58,470 [canton-env-ec-23] INFO  c.d.c.p.a.s.ApiPackageService:participant=sandbox tid:bf2eb98580fb04643706374238a1e490 - Received request for a package status: GetPackageStatusRequest(sandbox,cb0552debf219cc909f51cbb5c3b41e9981d39f8f645b1f35e2ef5be2e0b858a), packageId -> 'cb0552debf219cc909f51cbb5c3b41e9981d39f8f645b1f35e2ef5be2e0b858a'.
2026-01-20 15:07:58,543 [daml.index.db.threadpool.connection.api-server-4] ERROR c.d.c.p.s.d.DbDispatcherImpl:participant=sandbox tid:bf2eb98580fb04643706374238a1e490 - INDEX_DB_SQL_NON_TRANSIENT_ERROR(4,bf2eb985): Processing the request failed due to a non-transient database error: Table "PACKAGES" not found (this database is empty); SQL statement:

      select packages.package_id, packages.source_description, packages.known_since, packages.package_size
      from packages
      where packages.ledger_offset <= ?
     [42104-210] err-context:{location=DatabaseSelfServiceError.scala:53} 
org.h2.jdbc.JdbcSQLSyntaxErrorException: Table "PACKAGES" not found (this database is empty); SQL statement:

      select packages.package_id, packages.source_description, packages.known_since, packages.package_size
      from packages
      where packages.ledger_offset <= ?
     [42104-210]
	at org.h2.message.DbException.getJdbcSQLException(DbException.java:521)
	at org.h2.message.DbException.getJdbcSQLException(DbException.java:496)
	at org.h2.message.DbException.get(DbException.java:227)
	at org.h2.message.DbException.get(DbException.java:203)
	at org.h2.command.Parser.getTableOrViewNotFoundDbException(Parser.java:8397)
	at org.h2.command.Parser.getTableOrViewNotFoundDbException(Parser.java:8381)
	at org.h2.command.Parser.readTableOrView(Parser.java:8370)
	at org.h2.command.Parser.readTablePrimary(Parser.java:1866)
	at org.h2.command.Parser.readTableReference(Parser.java:2342)
	at org.h2.command.Parser.parseSelectFromPart(Parser.java:2793)
	at org.h2.command.Parser.parseSelect(Parser.java:2900)
	at org.h2.command.Parser.parseQueryPrimary(Parser.java:2783)
	at org.h2.command.Parser.parseQueryTerm(Parser.java:2650)
	at org.h2.command.Parser.parseQueryExpressionBody(Parser.java:2629)
	at org.h2.command.Parser.parseQueryExpressionBodyAndEndOfQuery(Parser.java:2622)
	at org.h2.command.Parser.parseQueryExpression(Parser.java:2615)
	at org.h2.command.Parser.parseQuery(Parser.java:2576)
	at org.h2.command.Parser.parsePrepared(Parser.java:707)
	at org.h2.command.Parser.parse(Parser.java:674)
	at org.h2.command.Parser.parse(Parser.java:644)
	at org.h2.command.Parser.prepareCommand(Parser.java:551)
	at org.h2.engine.SessionLocal.prepareLocal(SessionLocal.java:615)
	at org.h2.engine.SessionLocal.prepareCommand(SessionLocal.java:553)
	at org.h2.jdbc.JdbcConnection.prepareCommand(JdbcConnection.java:1116)
	at org.h2.jdbc.JdbcPreparedStatement.<init>(JdbcPreparedStatement.java:92)
	at org.h2.jdbc.JdbcConnection.prepareStatement(JdbcConnection.java:288)
	at com.zaxxer.hikari.pool.ProxyConnection.prepareStatement(ProxyConnection.java:311)
	at com.zaxxer.hikari.pool.HikariProxyConnection.prepareStatement(HikariProxyConnection.java)
	at anorm.SimpleSql.$anonfun$prepareNoGeneratedKeys$1(SimpleSql.scala:55)
	at anorm.SimpleSql.unsafeStatement(SimpleSql.scala:85)
	at anorm.SimpleSql.unsafeStatement(SimpleSql.scala:68)
	at anorm.Sql.$anonfun$preparedStatement$1(Anorm.scala:77)
	at resource.DefaultManagedResource.open(AbstractManagedResource.scala:107)
	at resource.AbstractManagedResource.acquireFor(AbstractManagedResource.scala:84)
	at resource.ManagedResourceOperations$$anon$1.acquireFor(ManagedResourceOperations.scala:47)
	at resource.DeferredExtractableManagedResource.acquireFor(AbstractManagedResource.scala:25)
	at resource.ManagedResourceOperations.apply(ManagedResourceOperations.scala:31)
	at resource.ManagedResourceOperations.apply$(ManagedResourceOperations.scala:31)
	at resource.DeferredExtractableManagedResource.apply(AbstractManagedResource.scala:22)
	at resource.ManagedResourceOperations.acquireAndGet(ManagedResourceOperations.scala:29)
	at resource.ManagedResourceOperations.acquireAndGet$(ManagedResourceOperations.scala:29)
	at resource.DeferredExtractableManagedResource.acquireAndGet(AbstractManagedResource.scala:22)
	at anorm.Sql$.$anonfun$asTry$1(Anorm.scala:263)
	at scala.util.Try$.apply(Try.scala:210)
	at anorm.Sql$.asTry(Anorm.scala:263)
	at anorm.WithResult.asTry(SqlResult.scala:215)
	at anorm.WithResult.asTry$(SqlResult.scala:213)
	at anorm.SimpleSql.asTry(SimpleSql.scala:6)
	at anorm.WithResult.as(SqlResult.scala:205)
	at anorm.WithResult.as$(SqlResult.scala:204)
	at anorm.SimpleSql.as(SimpleSql.scala:6)
	at com.digitalasset.canton.platform.store.backend.common.PackageStorageBackendTemplate.lfPackages(PackageStorageBackendTemplate.scala:54)
	at com.digitalasset.canton.platform.store.dao.JdbcLedgerDao.$anonfun$listLfPackages$1(JdbcLedgerDao.scala:311)
	at com.digitalasset.canton.platform.store.dao.DataSourceConnectionProvider$$anon$1.$anonfun$runSQL$1(HikariJdbcConnectionProvider.scala:80)
	at com.daml.metrics.api.opentelemetry.OpenTelemetryTimer.time(OpenTelemetryMetricsFactory.scala:180)
	at com.daml.metrics.Timed$.value(Timed.scala:18)
	at com.digitalasset.canton.platform.store.dao.DataSourceConnectionProvider$$anon$1.runSQL(HikariJdbcConnectionProvider.scala:80)
	at com.digitalasset.canton.platform.store.dao.DbDispatcherImpl.$anonfun$executeSql$2(DbDispatcher.scala:87)
	at scala.concurrent.Future$.$anonfun$apply$1(Future.scala:687)
	at scala.concurrent.impl.Promise$Transformation.run(Promise.scala:467)
	at com.daml.executors.QueueAwareExecutorService$TrackingRunnable.run(QueueAwareExecutorService.scala:98)
	at com.daml.metrics.InstrumentedExecutorServiceMetrics$InstrumentedExecutorService$InstrumentedRunnable.run(InstrumentedExecutorServiceMetrics.scala:202)
	at java.base/java.util.concurrent.ThreadPoolExecutor.runWorker(ThreadPoolExecutor.java:1136)
	at java.base/java.util.concurrent.ThreadPoolExecutor$Worker.run(ThreadPoolExecutor.java:635)
	at java.base/java.lang.Thread.run(Thread.java:840)
2026-01-20 15:07:58,543 [canton-env-ec-93] ERROR c.d.c.p.a.s.ApiPackageService:participant=sandbox tid:548145fe23368061e3f041ab58df1c95 - Unhandled internal error
com.digitalasset.canton.ledger.error.IndexErrors$IndexDbException: INTERNAL: An error occurred. Please contact the operator and inquire about the request 548145fe23368061e3f041ab58df1c95 with tid 548145fe23368061e3f041ab58df1c95
2026-01-20 15:07:58,551 [canton-env-ec-93] ERROR c.d.c.n.g.ApiRequestLogger:participant=sandbox tid:548145fe23368061e3f041ab58df1c95 - Request c.d.l.a.v.PackageService/GetPackageStatus by /127.0.0.1:49267: failed with INTERNAL/An error occurred. Please contact the operator and inquire about the request 548145fe23368061e3f041ab58df1c95 with tid 548145fe23368061e3f041ab58df1c95
2026-01-20 15:07:58,541 [canton-env-ec-82] ERROR c.d.c.n.g.ApiRequestLogger:participant=sandbox tid:57b51c5567be1697c6e3aa3d79e771d7 - Request c.d.l.a.v.PackageService/GetPackageStatus by /127.0.0.1:49267: failed with INTERNAL/An error occurred. Please contact the operator and inquire about the request 57b51c5567be1697c6e3aa3d79e771d7 with tid 57b51c5567be1697c6e3aa3d79e771d7
2026-01-20 15:07:58,540 [canton-env-ec-22] ERROR c.d.c.n.g.ApiRequestLogger:participant=sandbox tid:493d4718b45fdabdf7fa4322c4612bd1 - Request c.d.l.a.v.PackageService/GetPackageStatus by /127.0.0.1:49267: failed with INTERNAL/An error occurred. Please contact the operator and inquire about the request 493d4718b45fdabdf7fa4322c4612bd1 with tid 493d4718b45fdabdf7fa4322c4612bd1
2026-01-20 15:07:58,552 [canton-env-ec-22] ERROR c.d.c.p.a.s.ApiPackageService:participant=sandbox tid:d9898d28795e1a9c8661792d9654b772 - Unhandled internal error
com.digitalasset.canton.ledger.error.IndexErrors$IndexDbException: INTERNAL: An error occurred. Please contact the operator and inquire about the request d9898d28795e1a9c8661792d9654b772 with tid d9898d28795e1a9c8661792d9654b772
2026-01-20 15:07:58,469 [daml.index.db.threadpool.connection.api-server-2] DEBUG c.d.c.n.g.ApiRequestLogger:participant=sandbox tid:b57e9bb78935afe452a8b950250cd1ef - Request c.d.l.a.v.PackageService/GetPackageStatus by /127.0.0.1:49267: received a message 
  Request tid:b57e9bb78935afe452a8b950250cd1ef
2026-01-20 15:07:58,470 [canton-env-ec-83] INFO  c.d.c.p.a.s.ApiPackageService:participant=sandbox tid:b57e9bb78935afe452a8b950250cd1ef - Received request for a package status: GetPackageStatusRequest(sandbox,e4cc67c3264eba4a19c080cac5ab32d87551578e0f5f58b6a9460f91c7abc254), packageId -> 'e4cc67c3264eba4a19c080cac5ab32d87551578e0f5f58b6a9460f91c7abc254'.
2026-01-20 15:07:58,539 [daml.index.db.threadpool.connection.api-server-2] ERROR c.d.c.p.s.d.DbDispatcherImpl:participant=sandbox tid:b57e9bb78935afe452a8b950250cd1ef - INDEX_DB_SQL_NON_TRANSIENT_ERROR(4,b57e9bb7): Processing the request failed due to a non-transient database error: Table "PACKAGES" not found (this database is empty); SQL statement:

      select packages.package_id, packages.source_description, packages.known_since, packages.package_size
      from packages
      where packages.ledger_offset <= ?
     [42104-210] err-context:{location=DatabaseSelfServiceError.scala:53} 
org.h2.jdbc.JdbcSQLSyntaxErrorException: Table "PACKAGES" not found (this database is empty); SQL statement:

      select packages.package_id, packages.source_description, packages.known_since, packages.package_size
      from packages
      where packages.ledger_offset <= ?
     [42104-210]
	at org.h2.message.DbException.getJdbcSQLException(DbException.java:521)
	at org.h2.message.DbException.getJdbcSQLException(DbException.java:496)
	at org.h2.message.DbException.get(DbException.java:227)
	at org.h2.message.DbException.get(DbException.java:203)
	at org.h2.command.Parser.getTableOrViewNotFoundDbException(Parser.java:8397)
	at org.h2.command.Parser.getTableOrViewNotFoundDbException(Parser.java:8381)
	at org.h2.command.Parser.readTableOrView(Parser.java:8370)
	at org.h2.command.Parser.readTablePrimary(Parser.java:1866)
	at org.h2.command.Parser.readTableReference(Parser.java:2342)
	at org.h2.command.Parser.parseSelectFromPart(Parser.java:2793)
	at org.h2.command.Parser.parseSelect(Parser.java:2900)
	at org.h2.command.Parser.parseQueryPrimary(Parser.java:2783)
	at org.h2.command.Parser.parseQueryTerm(Parser.java:2650)
	at org.h2.command.Parser.parseQueryExpressionBody(Parser.java:2629)
	at org.h2.command.Parser.parseQueryExpressionBodyAndEndOfQuery(Parser.java:2622)
	at org.h2.command.Parser.parseQueryExpression(Parser.java:2615)
	at org.h2.command.Parser.parseQuery(Parser.java:2576)
	at org.h2.command.Parser.parsePrepared(Parser.java:707)
	at org.h2.command.Parser.parse(Parser.java:674)
	at org.h2.command.Parser.parse(Parser.java:644)
	at org.h2.command.Parser.prepareCommand(Parser.java:551)
	at org.h2.engine.SessionLocal.prepareLocal(SessionLocal.java:615)
	at org.h2.engine.SessionLocal.prepareCommand(SessionLocal.java:553)
	at org.h2.jdbc.JdbcConnection.prepareCommand(JdbcConnection.java:1116)
	at org.h2.jdbc.JdbcPreparedStatement.<init>(JdbcPreparedStatement.java:92)
	at org.h2.jdbc.JdbcConnection.prepareStatement(JdbcConnection.java:288)
	at com.zaxxer.hikari.pool.ProxyConnection.prepareStatement(ProxyConnection.java:311)
	at com.zaxxer.hikari.pool.HikariProxyConnection.prepareStatement(HikariProxyConnection.java)
	at anorm.SimpleSql.$anonfun$prepareNoGeneratedKeys$1(SimpleSql.scala:55)
	at anorm.SimpleSql.unsafeStatement(SimpleSql.scala:85)
	at anorm.SimpleSql.unsafeStatement(SimpleSql.scala:68)
	at anorm.Sql.$anonfun$preparedStatement$1(Anorm.scala:77)
	at resource.DefaultManagedResource.open(AbstractManagedResource.scala:107)
	at resource.AbstractManagedResource.acquireFor(AbstractManagedResource.scala:84)
	at resource.ManagedResourceOperations$$anon$1.acquireFor(ManagedResourceOperations.scala:47)
	at resource.DeferredExtractableManagedResource.acquireFor(AbstractManagedResource.scala:25)
	at resource.ManagedResourceOperations.apply(ManagedResourceOperations.scala:31)
	at resource.ManagedResourceOperations.apply$(ManagedResourceOperations.scala:31)
	at resource.DeferredExtractableManagedResource.apply(AbstractManagedResource.scala:22)
	at resource.ManagedResourceOperations.acquireAndGet(ManagedResourceOperations.scala:29)
	at resource.ManagedResourceOperations.acquireAndGet$(ManagedResourceOperations.scala:29)
	at resource.DeferredExtractableManagedResource.acquireAndGet(AbstractManagedResource.scala:22)
	at anorm.Sql$.$anonfun$asTry$1(Anorm.scala:263)
	at scala.util.Try$.apply(Try.scala:210)
	at anorm.Sql$.asTry(Anorm.scala:263)
	at anorm.WithResult.asTry(SqlResult.scala:215)
	at anorm.WithResult.asTry$(SqlResult.scala:213)
	at anorm.SimpleSql.asTry(SimpleSql.scala:6)
	at anorm.WithResult.as(SqlResult.scala:205)
	at anorm.WithResult.as$(SqlResult.scala:204)
	at anorm.SimpleSql.as(SimpleSql.scala:6)
	at com.digitalasset.canton.platform.store.backend.common.PackageStorageBackendTemplate.lfPackages(PackageStorageBackendTemplate.scala:54)
	at com.digitalasset.canton.platform.store.dao.JdbcLedgerDao.$anonfun$listLfPackages$1(JdbcLedgerDao.scala:311)
	at com.digitalasset.canton.platform.store.dao.DataSourceConnectionProvider$$anon$1.$anonfun$runSQL$1(HikariJdbcConnectionProvider.scala:80)
	at com.daml.metrics.api.opentelemetry.OpenTelemetryTimer.time(OpenTelemetryMetricsFactory.scala:180)
	at com.daml.metrics.Timed$.value(Timed.scala:18)
	at com.digitalasset.canton.platform.store.dao.DataSourceConnectionProvider$$anon$1.runSQL(HikariJdbcConnectionProvider.scala:80)
	at com.digitalasset.canton.platform.store.dao.DbDispatcherImpl.$anonfun$executeSql$2(DbDispatcher.scala:87)
	at scala.concurrent.Future$.$anonfun$apply$1(Future.scala:687)
	at scala.concurrent.impl.Promise$Transformation.run(Promise.scala:467)
	at com.daml.executors.QueueAwareExecutorService$TrackingRunnable.run(QueueAwareExecutorService.scala:98)
	at com.daml.metrics.InstrumentedExecutorServiceMetrics$InstrumentedExecutorService$InstrumentedRunnable.run(InstrumentedExecutorServiceMetrics.scala:202)
	at java.base/java.util.concurrent.ThreadPoolExecutor.runWorker(ThreadPoolExecutor.java:1136)
	at java.base/java.util.concurrent.ThreadPoolExecutor$Worker.run(ThreadPoolExecutor.java:635)
	at java.base/java.lang.Thread.run(Thread.java:840)
2026-01-20 15:07:58,539 [canton-env-ec-86] ERROR c.d.c.p.a.s.ApiPackageService:participant=sandbox tid:7185a313a15610a3191d432860f881f4 - Unhandled internal error
com.digitalasset.canton.ledger.error.IndexErrors$IndexDbException: INTERNAL: An error occurred. Please contact the operator and inquire about the request 7185a313a15610a3191d432860f881f4 with tid 7185a313a15610a3191d432860f881f4
2026-01-20 15:07:58,539 [canton-env-ec-80] ERROR c.d.c.n.g.ApiRequestLogger:participant=sandbox tid:a6c7f137dcd4e7c74b83c727d6906017 - Request c.d.l.a.v.PackageService/GetPackageStatus by /127.0.0.1:49267: failed with INTERNAL/An error occurred. Please contact the operator and inquire about the request a6c7f137dcd4e7c74b83c727d6906017 with tid a6c7f137dcd4e7c74b83c727d6906017
2026-01-20 15:07:58,470 [daml.index.db.threadpool.connection.api-server-2] DEBUG c.d.c.n.g.ApiRequestLogger:participant=sandbox tid:7ed97c5c698e21a6a4e15979bb5d4749 - Request c.d.l.a.v.PackageService/GetPackageStatus by /127.0.0.1:49267: received a message 
  Request tid:7ed97c5c698e21a6a4e15979bb5d4749
2026-01-20 15:07:58,475 [canton-env-ec-79] INFO  c.d.c.p.a.s.ApiPackageService:participant=sandbox tid:7ed97c5c698e21a6a4e15979bb5d4749 - Received request for a package status: GetPackageStatusRequest(sandbox,bfcd37bd6b84768e86e432f5f6c33e25d9e7724a9d42e33875ff74f6348e733f), packageId -> 'bfcd37bd6b84768e86e432f5f6c33e25d9e7724a9d42e33875ff74f6348e733f'.
2026-01-20 15:07:58,555 [daml.index.db.threadpool.connection.api-server-2] ERROR c.d.c.p.s.d.DbDispatcherImpl:participant=sandbox tid:7ed97c5c698e21a6a4e15979bb5d4749 - INDEX_DB_SQL_NON_TRANSIENT_ERROR(4,7ed97c5c): Processing the request failed due to a non-transient database error: Table "PACKAGES" not found (this database is empty); SQL statement:

      select packages.package_id, packages.source_description, packages.known_since, packages.package_size
      from packages
      where packages.ledger_offset <= ?
     [42104-210] err-context:{location=DatabaseSelfServiceError.scala:53} 
org.h2.jdbc.JdbcSQLSyntaxErrorException: Table "PACKAGES" not found (this database is empty); SQL statement:

      select packages.package_id, packages.source_description, packages.known_since, packages.package_size
      from packages
      where packages.ledger_offset <= ?
     [42104-210]
	at org.h2.message.DbException.getJdbcSQLException(DbException.java:521)
	at org.h2.message.DbException.getJdbcSQLException(DbException.java:496)
	at org.h2.message.DbException.get(DbException.java:227)
	at org.h2.message.DbException.get(DbException.java:203)
	at org.h2.command.Parser.getTableOrViewNotFoundDbException(Parser.java:8397)
	at org.h2.command.Parser.getTableOrViewNotFoundDbException(Parser.java:8381)
	at org.h2.command.Parser.readTableOrView(Parser.java:8370)
	at org.h2.command.Parser.readTablePrimary(Parser.java:1866)
	at org.h2.command.Parser.readTableReference(Parser.java:2342)
	at org.h2.command.Parser.parseSelectFromPart(Parser.java:2793)
	at org.h2.command.Parser.parseSelect(Parser.java:2900)
	at org.h2.command.Parser.parseQueryPrimary(Parser.java:2783)
	at org.h2.command.Parser.parseQueryTerm(Parser.java:2650)
	at org.h2.command.Parser.parseQueryExpressionBody(Parser.java:2629)
	at org.h2.command.Parser.parseQueryExpressionBodyAndEndOfQuery(Parser.java:2622)
	at org.h2.command.Parser.parseQueryExpression(Parser.java:2615)
	at org.h2.command.Parser.parseQuery(Parser.java:2576)
	at org.h2.command.Parser.parsePrepared(Parser.java:707)
	at org.h2.command.Parser.parse(Parser.java:674)
	at org.h2.command.Parser.parse(Parser.java:644)
	at org.h2.command.Parser.prepareCommand(Parser.java:551)
	at org.h2.engine.SessionLocal.prepareLocal(SessionLocal.java:615)
	at org.h2.engine.SessionLocal.prepareCommand(SessionLocal.java:553)
	at org.h2.jdbc.JdbcConnection.prepareCommand(JdbcConnection.java:1116)
	at org.h2.jdbc.JdbcPreparedStatement.<init>(JdbcPreparedStatement.java:92)
	at org.h2.jdbc.JdbcConnection.prepareStatement(JdbcConnection.java:288)
	at com.zaxxer.hikari.pool.ProxyConnection.prepareStatement(ProxyConnection.java:311)
	at com.zaxxer.hikari.pool.HikariProxyConnection.prepareStatement(HikariProxyConnection.java)
	at anorm.SimpleSql.$anonfun$prepareNoGeneratedKeys$1(SimpleSql.scala:55)
	at anorm.SimpleSql.unsafeStatement(SimpleSql.scala:85)
	at anorm.SimpleSql.unsafeStatement(SimpleSql.scala:68)
	at anorm.Sql.$anonfun$preparedStatement$1(Anorm.scala:77)
	at resource.DefaultManagedResource.open(AbstractManagedResource.scala:107)
	at resource.AbstractManagedResource.acquireFor(AbstractManagedResource.scala:84)
	at resource.ManagedResourceOperations$$anon$1.acquireFor(ManagedResourceOperations.scala:47)
	at resource.DeferredExtractableManagedResource.acquireFor(AbstractManagedResource.scala:25)
	at resource.ManagedResourceOperations.apply(ManagedResourceOperations.scala:31)
	at resource.ManagedResourceOperations.apply$(ManagedResourceOperations.scala:31)
	at resource.DeferredExtractableManagedResource.apply(AbstractManagedResource.scala:22)
	at resource.ManagedResourceOperations.acquireAndGet(ManagedResourceOperations.scala:29)
	at resource.ManagedResourceOperations.acquireAndGet$(ManagedResourceOperations.scala:29)
	at resource.DeferredExtractableManagedResource.acquireAndGet(AbstractManagedResource.scala:22)
	at anorm.Sql$.$anonfun$asTry$1(Anorm.scala:263)
	at scala.util.Try$.apply(Try.scala:210)
	at anorm.Sql$.asTry(Anorm.scala:263)
	at anorm.WithResult.asTry(SqlResult.scala:215)
	at anorm.WithResult.asTry$(SqlResult.scala:213)
	at anorm.SimpleSql.asTry(SimpleSql.scala:6)
	at anorm.WithResult.as(SqlResult.scala:205)
	at anorm.WithResult.as$(SqlResult.scala:204)
	at anorm.SimpleSql.as(SimpleSql.scala:6)
	at com.digitalasset.canton.platform.store.backend.common.PackageStorageBackendTemplate.lfPackages(PackageStorageBackendTemplate.scala:54)
	at com.digitalasset.canton.platform.store.dao.JdbcLedgerDao.$anonfun$listLfPackages$1(JdbcLedgerDao.scala:311)
	at com.digitalasset.canton.platform.store.dao.DataSourceConnectionProvider$$anon$1.$anonfun$runSQL$1(HikariJdbcConnectionProvider.scala:80)
	at com.daml.metrics.api.opentelemetry.OpenTelemetryTimer.time(OpenTelemetryMetricsFactory.scala:180)
	at com.daml.metrics.Timed$.value(Timed.scala:18)
	at com.digitalasset.canton.platform.store.dao.DataSourceConnectionProvider$$anon$1.runSQL(HikariJdbcConnectionProvider.scala:80)
	at com.digitalasset.canton.platform.store.dao.DbDispatcherImpl.$anonfun$executeSql$2(DbDispatcher.scala:87)
	at scala.concurrent.Future$.$anonfun$apply$1(Future.scala:687)
	at scala.concurrent.impl.Promise$Transformation.run(Promise.scala:467)
	at com.daml.executors.QueueAwareExecutorService$TrackingRunnable.run(QueueAwareExecutorService.scala:98)
	at com.daml.metrics.InstrumentedExecutorServiceMetrics$InstrumentedExecutorService$InstrumentedRunnable.run(InstrumentedExecutorServiceMetrics.scala:202)
	at java.base/java.util.concurrent.ThreadPoolExecutor.runWorker(ThreadPoolExecutor.java:1136)
	at java.base/java.util.concurrent.ThreadPoolExecutor$Worker.run(ThreadPoolExecutor.java:635)
	at java.base/java.lang.Thread.run(Thread.java:840)
2026-01-20 15:07:58,555 [canton-env-ec-86] ERROR c.d.c.n.g.ApiRequestLogger:participant=sandbox tid:7185a313a15610a3191d432860f881f4 - Request c.d.l.a.v.PackageService/GetPackageStatus by /127.0.0.1:49267: failed with INTERNAL/An error occurred. Please contact the operator and inquire about the request 7185a313a15610a3191d432860f881f4 with tid 7185a313a15610a3191d432860f881f4
2026-01-20 15:07:58,552 [canton-env-ec-22] ERROR c.d.c.n.g.ApiRequestLogger:participant=sandbox tid:d9898d28795e1a9c8661792d9654b772 - Request c.d.l.a.v.PackageService/GetPackageStatus by /127.0.0.1:49267: failed with INTERNAL/An error occurred. Please contact the operator and inquire about the request d9898d28795e1a9c8661792d9654b772 with tid d9898d28795e1a9c8661792d9654b772
2026-01-20 15:07:58,557 [canton-env-ec-90] INFO  c.d.c.n.g.ApiRequestLogger:participant=sandbox tid:b7e5bbb6bec489557d0febf027b15937 - Request c.d.l.a.v.PackageService/GetPackageStatus by /127.0.0.1:49267: cancelled. Cancellations can be caused by timeouts, explicit cancellation by the client, network errors, etc.
2026-01-20 15:07:58,552 [canton-env-ec-23] ERROR c.d.c.p.a.s.ApiPackageService:participant=sandbox tid:b7e5bbb6bec489557d0febf027b15937 - Unhandled internal error
com.digitalasset.canton.ledger.error.IndexErrors$IndexDbException: INTERNAL: An error occurred. Please contact the operator and inquire about the request b7e5bbb6bec489557d0febf027b15937 with tid b7e5bbb6bec489557d0febf027b15937
2026-01-20 15:07:58,551 [canton-env-ec-82] ERROR c.d.c.p.a.s.ApiPackageService:participant=sandbox tid:b4783147a00e81b69329676bb7849be6 - Unhandled internal error
com.digitalasset.canton.ledger.error.IndexErrors$IndexDbException: INTERNAL: An error occurred. Please contact the operator and inquire about the request b4783147a00e81b69329676bb7849be6 with tid b4783147a00e81b69329676bb7849be6
2026-01-20 15:07:58,551 [canton-env-ec-93] ERROR c.d.c.p.a.s.ApiPackageService:participant=sandbox tid:bf2eb98580fb04643706374238a1e490 - Unhandled internal error
com.digitalasset.canton.ledger.error.IndexErrors$IndexDbException: INTERNAL: An error occurred. Please contact the operator and inquire about the request bf2eb98580fb04643706374238a1e490 with tid bf2eb98580fb04643706374238a1e490
2026-01-20 15:07:58,470 [daml.index.db.threadpool.connection.api-server-4] DEBUG c.d.c.n.g.ApiRequestLogger:participant=sandbox tid:8bd5677a7c93b63579e400c498e6a200 - Request c.d.l.a.v.PackageService/GetPackageStatus by /127.0.0.1:49267: received a message 
  Request tid:8bd5677a7c93b63579e400c498e6a200
2026-01-20 15:07:58,475 [canton-env-ec-30] INFO  c.d.c.p.a.s.ApiPackageService:participant=sandbox tid:8bd5677a7c93b63579e400c498e6a200 - Received request for a package status: GetPackageStatusRequest(sandbox,852d8e3a8ccf952acc73e17522846bc1eb41498e840d637e519ddcca7dbc7671), packageId -> '852d8e3a8ccf952acc73e17522846bc1eb41498e840d637e519ddcca7dbc7671'.
2026-01-20 15:07:58,551 [daml.index.db.threadpool.connection.api-server-4] ERROR c.d.c.p.s.d.DbDispatcherImpl:participant=sandbox tid:8bd5677a7c93b63579e400c498e6a200 - INDEX_DB_SQL_NON_TRANSIENT_ERROR(4,8bd5677a): Processing the request failed due to a non-transient database error: Table "PACKAGES" not found (this database is empty); SQL statement:

      select packages.package_id, packages.source_description, packages.known_since, packages.package_size
      from packages
      where packages.ledger_offset <= ?
     [42104-210] err-context:{location=DatabaseSelfServiceError.scala:53} 
org.h2.jdbc.JdbcSQLSyntaxErrorException: Table "PACKAGES" not found (this database is empty); SQL statement:

      select packages.package_id, packages.source_description, packages.known_since, packages.package_size
      from packages
      where packages.ledger_offset <= ?
     [42104-210]
	at org.h2.message.DbException.getJdbcSQLException(DbException.java:521)
	at org.h2.message.DbException.getJdbcSQLException(DbException.java:496)
	at org.h2.message.DbException.get(DbException.java:227)
	at org.h2.message.DbException.get(DbException.java:203)
	at org.h2.command.Parser.getTableOrViewNotFoundDbException(Parser.java:8397)
	at org.h2.command.Parser.getTableOrViewNotFoundDbException(Parser.java:8381)
	at org.h2.command.Parser.readTableOrView(Parser.java:8370)
	at org.h2.command.Parser.readTablePrimary(Parser.java:1866)
	at org.h2.command.Parser.readTableReference(Parser.java:2342)
	at org.h2.command.Parser.parseSelectFromPart(Parser.java:2793)
	at org.h2.command.Parser.parseSelect(Parser.java:2900)
	at org.h2.command.Parser.parseQueryPrimary(Parser.java:2783)
	at org.h2.command.Parser.parseQueryTerm(Parser.java:2650)
	at org.h2.command.Parser.parseQueryExpressionBody(Parser.java:2629)
	at org.h2.command.Parser.parseQueryExpressionBodyAndEndOfQuery(Parser.java:2622)
	at org.h2.command.Parser.parseQueryExpression(Parser.java:2615)
	at org.h2.command.Parser.parseQuery(Parser.java:2576)
	at org.h2.command.Parser.parsePrepared(Parser.java:707)
	at org.h2.command.Parser.parse(Parser.java:674)
	at org.h2.command.Parser.parse(Parser.java:644)
	at org.h2.command.Parser.prepareCommand(Parser.java:551)
	at org.h2.engine.SessionLocal.prepareLocal(SessionLocal.java:615)
	at org.h2.engine.SessionLocal.prepareCommand(SessionLocal.java:553)
	at org.h2.jdbc.JdbcConnection.prepareCommand(JdbcConnection.java:1116)
	at org.h2.jdbc.JdbcPreparedStatement.<init>(JdbcPreparedStatement.java:92)
	at org.h2.jdbc.JdbcConnection.prepareStatement(JdbcConnection.java:288)
	at com.zaxxer.hikari.pool.ProxyConnection.prepareStatement(ProxyConnection.java:311)
	at com.zaxxer.hikari.pool.HikariProxyConnection.prepareStatement(HikariProxyConnection.java)
	at anorm.SimpleSql.$anonfun$prepareNoGeneratedKeys$1(SimpleSql.scala:55)
	at anorm.SimpleSql.unsafeStatement(SimpleSql.scala:85)
	at anorm.SimpleSql.unsafeStatement(SimpleSql.scala:68)
	at anorm.Sql.$anonfun$preparedStatement$1(Anorm.scala:77)
	at resource.DefaultManagedResource.open(AbstractManagedResource.scala:107)
	at resource.AbstractManagedResource.acquireFor(AbstractManagedResource.scala:84)
	at resource.ManagedResourceOperations$$anon$1.acquireFor(ManagedResourceOperations.scala:47)
	at resource.DeferredExtractableManagedResource.acquireFor(AbstractManagedResource.scala:25)
	at resource.ManagedResourceOperations.apply(ManagedResourceOperations.scala:31)
	at resource.ManagedResourceOperations.apply$(ManagedResourceOperations.scala:31)
	at resource.DeferredExtractableManagedResource.apply(AbstractManagedResource.scala:22)
	at resource.ManagedResourceOperations.acquireAndGet(ManagedResourceOperations.scala:29)
	at resource.ManagedResourceOperations.acquireAndGet$(ManagedResourceOperations.scala:29)
	at resource.DeferredExtractableManagedResource.acquireAndGet(AbstractManagedResource.scala:22)
	at anorm.Sql$.$anonfun$asTry$1(Anorm.scala:263)
	at scala.util.Try$.apply(Try.scala:210)
	at anorm.Sql$.asTry(Anorm.scala:263)
	at anorm.WithResult.asTry(SqlResult.scala:215)
	at anorm.WithResult.asTry$(SqlResult.scala:213)
	at anorm.SimpleSql.asTry(SimpleSql.scala:6)
	at anorm.WithResult.as(SqlResult.scala:205)
	at anorm.WithResult.as$(SqlResult.scala:204)
	at anorm.SimpleSql.as(SimpleSql.scala:6)
	at com.digitalasset.canton.platform.store.backend.common.PackageStorageBackendTemplate.lfPackages(PackageStorageBackendTemplate.scala:54)
	at com.digitalasset.canton.platform.store.dao.JdbcLedgerDao.$anonfun$listLfPackages$1(JdbcLedgerDao.scala:311)
	at com.digitalasset.canton.platform.store.dao.DataSourceConnectionProvider$$anon$1.$anonfun$runSQL$1(HikariJdbcConnectionProvider.scala:80)
	at com.daml.metrics.api.opentelemetry.OpenTelemetryTimer.time(OpenTelemetryMetricsFactory.scala:180)
	at com.daml.metrics.Timed$.value(Timed.scala:18)
	at com.digitalasset.canton.platform.store.dao.DataSourceConnectionProvider$$anon$1.runSQL(HikariJdbcConnectionProvider.scala:80)
	at com.digitalasset.canton.platform.store.dao.DbDispatcherImpl.$anonfun$executeSql$2(DbDispatcher.scala:87)
	at scala.concurrent.Future$.$anonfun$apply$1(Future.scala:687)
	at scala.concurrent.impl.Promise$Transformation.run(Promise.scala:467)
	at com.daml.executors.QueueAwareExecutorService$TrackingRunnable.run(QueueAwareExecutorService.scala:98)
	at com.daml.metrics.InstrumentedExecutorServiceMetrics$InstrumentedExecutorService$InstrumentedRunnable.run(InstrumentedExecutorServiceMetrics.scala:202)
	at java.base/java.util.concurrent.ThreadPoolExecutor.runWorker(ThreadPoolExecutor.java:1136)
	at java.base/java.util.concurrent.ThreadPoolExecutor$Worker.run(ThreadPoolExecutor.java:635)
	at java.base/java.lang.Thread.run(Thread.java:840)
2026-01-20 15:07:58,470 [daml.index.db.threadpool.connection.api-server-1] DEBUG c.d.c.n.g.ApiRequestLogger:participant=sandbox tid:ffef489ee5b850f9ebc784295d543b10 - Request c.d.l.a.v.PackageService/GetPackageStatus by /127.0.0.1:49267: received a message 
  Request tid:ffef489ee5b850f9ebc784295d543b10
2026-01-20 15:07:58,475 [canton-env-ec-93] INFO  c.d.c.p.a.s.ApiPackageService:participant=sandbox tid:ffef489ee5b850f9ebc784295d543b10 - Received request for a package status: GetPackageStatusRequest(sandbox,e491352788e56ca4603acc411ffe1a49fefd76ed8b163af86cf5ee5f4c38645b), packageId -> 'e491352788e56ca4603acc411ffe1a49fefd76ed8b163af86cf5ee5f4c38645b'.
2026-01-20 15:07:58,550 [daml.index.db.threadpool.connection.api-server-1] ERROR c.d.c.p.s.d.DbDispatcherImpl:participant=sandbox tid:ffef489ee5b850f9ebc784295d543b10 - INDEX_DB_SQL_NON_TRANSIENT_ERROR(4,ffef489e): Processing the request failed due to a non-transient database error: Table "PACKAGES" not found (this database is empty); SQL statement:

      select packages.package_id, packages.source_description, packages.known_since, packages.package_size
      from packages
      where packages.ledger_offset <= ?
     [42104-210] err-context:{location=DatabaseSelfServiceError.scala:53} 
org.h2.jdbc.JdbcSQLSyntaxErrorException: Table "PACKAGES" not found (this database is empty); SQL statement:

      select packages.package_id, packages.source_description, packages.known_since, packages.package_size
      from packages
      where packages.ledger_offset <= ?
     [42104-210]
	at org.h2.message.DbException.getJdbcSQLException(DbException.java:521)
	at org.h2.message.DbException.getJdbcSQLException(DbException.java:496)
	at org.h2.message.DbException.get(DbException.java:227)
	at org.h2.message.DbException.get(DbException.java:203)
	at org.h2.command.Parser.getTableOrViewNotFoundDbException(Parser.java:8397)
	at org.h2.command.Parser.getTableOrViewNotFoundDbException(Parser.java:8381)
	at org.h2.command.Parser.readTableOrView(Parser.java:8370)
	at org.h2.command.Parser.readTablePrimary(Parser.java:1866)
	at org.h2.command.Parser.readTableReference(Parser.java:2342)
	at org.h2.command.Parser.parseSelectFromPart(Parser.java:2793)
	at org.h2.command.Parser.parseSelect(Parser.java:2900)
	at org.h2.command.Parser.parseQueryPrimary(Parser.java:2783)
	at org.h2.command.Parser.parseQueryTerm(Parser.java:2650)
	at org.h2.command.Parser.parseQueryExpressionBody(Parser.java:2629)
	at org.h2.command.Parser.parseQueryExpressionBodyAndEndOfQuery(Parser.java:2622)
	at org.h2.command.Parser.parseQueryExpression(Parser.java:2615)
	at org.h2.command.Parser.parseQuery(Parser.java:2576)
	at org.h2.command.Parser.parsePrepared(Parser.java:707)
	at org.h2.command.Parser.parse(Parser.java:674)
	at org.h2.command.Parser.parse(Parser.java:644)
	at org.h2.command.Parser.prepareCommand(Parser.java:551)
	at org.h2.engine.SessionLocal.prepareLocal(SessionLocal.java:615)
	at org.h2.engine.SessionLocal.prepareCommand(SessionLocal.java:553)
	at org.h2.jdbc.JdbcConnection.prepareCommand(JdbcConnection.java:1116)
	at org.h2.jdbc.JdbcPreparedStatement.<init>(JdbcPreparedStatement.java:92)
	at org.h2.jdbc.JdbcConnection.prepareStatement(JdbcConnection.java:288)
	at com.zaxxer.hikari.pool.ProxyConnection.prepareStatement(ProxyConnection.java:311)
	at com.zaxxer.hikari.pool.HikariProxyConnection.prepareStatement(HikariProxyConnection.java)
	at anorm.SimpleSql.$anonfun$prepareNoGeneratedKeys$1(SimpleSql.scala:55)
	at anorm.SimpleSql.unsafeStatement(SimpleSql.scala:85)
	at anorm.SimpleSql.unsafeStatement(SimpleSql.scala:68)
	at anorm.Sql.$anonfun$preparedStatement$1(Anorm.scala:77)
	at resource.DefaultManagedResource.open(AbstractManagedResource.scala:107)
	at resource.AbstractManagedResource.acquireFor(AbstractManagedResource.scala:84)
	at resource.ManagedResourceOperations$$anon$1.acquireFor(ManagedResourceOperations.scala:47)
	at resource.DeferredExtractableManagedResource.acquireFor(AbstractManagedResource.scala:25)
	at resource.ManagedResourceOperations.apply(ManagedResourceOperations.scala:31)
	at resource.ManagedResourceOperations.apply$(ManagedResourceOperations.scala:31)
	at resource.DeferredExtractableManagedResource.apply(AbstractManagedResource.scala:22)
	at resource.ManagedResourceOperations.acquireAndGet(ManagedResourceOperations.scala:29)
	at resource.ManagedResourceOperations.acquireAndGet$(ManagedResourceOperations.scala:29)
	at resource.DeferredExtractableManagedResource.acquireAndGet(AbstractManagedResource.scala:22)
	at anorm.Sql$.$anonfun$asTry$1(Anorm.scala:263)
	at scala.util.Try$.apply(Try.scala:210)
	at anorm.Sql$.asTry(Anorm.scala:263)
	at anorm.WithResult.asTry(SqlResult.scala:215)
	at anorm.WithResult.asTry$(SqlResult.scala:213)
	at anorm.SimpleSql.asTry(SimpleSql.scala:6)
	at anorm.WithResult.as(SqlResult.scala:205)
	at anorm.WithResult.as$(SqlResult.scala:204)
	at anorm.SimpleSql.as(SimpleSql.scala:6)
	at com.digitalasset.canton.platform.store.backend.common.PackageStorageBackendTemplate.lfPackages(PackageStorageBackendTemplate.scala:54)
	at com.digitalasset.canton.platform.store.dao.JdbcLedgerDao.$anonfun$listLfPackages$1(JdbcLedgerDao.scala:311)
	at com.digitalasset.canton.platform.store.dao.DataSourceConnectionProvider$$anon$1.$anonfun$runSQL$1(HikariJdbcConnectionProvider.scala:80)
	at com.daml.metrics.api.opentelemetry.OpenTelemetryTimer.time(OpenTelemetryMetricsFactory.scala:180)
	at com.daml.metrics.Timed$.value(Timed.scala:18)
	at com.digitalasset.canton.platform.store.dao.DataSourceConnectionProvider$$anon$1.runSQL(HikariJdbcConnectionProvider.scala:80)
	at com.digitalasset.canton.platform.store.dao.DbDispatcherImpl.$anonfun$executeSql$2(DbDispatcher.scala:87)
	at scala.concurrent.Future$.$anonfun$apply$1(Future.scala:687)
	at scala.concurrent.impl.Promise$Transformation.run(Promise.scala:467)
	at com.daml.executors.QueueAwareExecutorService$TrackingRunnable.run(QueueAwareExecutorService.scala:98)
	at com.daml.metrics.InstrumentedExecutorServiceMetrics$InstrumentedExecutorService$InstrumentedRunnable.run(InstrumentedExecutorServiceMetrics.scala:202)
	at java.base/java.util.concurrent.ThreadPoolExecutor.runWorker(ThreadPoolExecutor.java:1136)
	at java.base/java.util.concurrent.ThreadPoolExecutor$Worker.run(ThreadPoolExecutor.java:635)
	at java.base/java.lang.Thread.run(Thread.java:840)
2026-01-20 15:07:58,550 [canton-env-ec-30] ERROR c.d.c.n.g.ApiRequestLogger:participant=sandbox tid:8be31c3a8636e3d7a7c4598296a9f4ae - Request c.d.l.a.v.PackageService/GetPackageStatus by /127.0.0.1:49267: failed with INTERNAL/An error occurred. Please contact the operator and inquire about the request 8be31c3a8636e3d7a7c4598296a9f4ae with tid 8be31c3a8636e3d7a7c4598296a9f4ae
2026-01-20 15:07:58,469 [daml.index.db.threadpool.connection.api-server-3] DEBUG c.d.c.n.g.ApiRequestLogger:participant=sandbox tid:3d35086c8c7c9120f54c68ba271f1ff7 - Request c.d.l.a.v.PackageService/GetPackageStatus by /127.0.0.1:49267: received a message 
  Request tid:3d35086c8c7c9120f54c68ba271f1ff7
2026-01-20 15:07:58,470 [canton-env-ec-33] INFO  c.d.c.p.a.s.ApiPackageService:participant=sandbox tid:3d35086c8c7c9120f54c68ba271f1ff7 - Received request for a package status: GetPackageStatusRequest(sandbox,10e0333b52bba1ff147fc408a6b7d68465b157635ee230493bd6029b750dcb05), packageId -> '10e0333b52bba1ff147fc408a6b7d68465b157635ee230493bd6029b750dcb05'.
2026-01-20 15:07:58,550 [daml.index.db.threadpool.connection.api-server-3] ERROR c.d.c.p.s.d.DbDispatcherImpl:participant=sandbox tid:3d35086c8c7c9120f54c68ba271f1ff7 - INDEX_DB_SQL_NON_TRANSIENT_ERROR(4,3d35086c): Processing the request failed due to a non-transient database error: Table "PACKAGES" not found (this database is empty); SQL statement:

      select packages.package_id, packages.source_description, packages.known_since, packages.package_size
      from packages
      where packages.ledger_offset <= ?
     [42104-210] err-context:{location=DatabaseSelfServiceError.scala:53} 
org.h2.jdbc.JdbcSQLSyntaxErrorException: Table "PACKAGES" not found (this database is empty); SQL statement:

      select packages.package_id, packages.source_description, packages.known_since, packages.package_size
      from packages
      where packages.ledger_offset <= ?
     [42104-210]
	at org.h2.message.DbException.getJdbcSQLException(DbException.java:521)
	at org.h2.message.DbException.getJdbcSQLException(DbException.java:496)
	at org.h2.message.DbException.get(DbException.java:227)
	at org.h2.message.DbException.get(DbException.java:203)
	at org.h2.command.Parser.getTableOrViewNotFoundDbException(Parser.java:8397)
	at org.h2.command.Parser.getTableOrViewNotFoundDbException(Parser.java:8381)
	at org.h2.command.Parser.readTableOrView(Parser.java:8370)
	at org.h2.command.Parser.readTablePrimary(Parser.java:1866)
	at org.h2.command.Parser.readTableReference(Parser.java:2342)
	at org.h2.command.Parser.parseSelectFromPart(Parser.java:2793)
	at org.h2.command.Parser.parseSelect(Parser.java:2900)
	at org.h2.command.Parser.parseQueryPrimary(Parser.java:2783)
	at org.h2.command.Parser.parseQueryTerm(Parser.java:2650)
	at org.h2.command.Parser.parseQueryExpressionBody(Parser.java:2629)
	at org.h2.command.Parser.parseQueryExpressionBodyAndEndOfQuery(Parser.java:2622)
	at org.h2.command.Parser.parseQueryExpression(Parser.java:2615)
	at org.h2.command.Parser.parseQuery(Parser.java:2576)
	at org.h2.command.Parser.parsePrepared(Parser.java:707)
	at org.h2.command.Parser.parse(Parser.java:674)
	at org.h2.command.Parser.parse(Parser.java:644)
	at org.h2.command.Parser.prepareCommand(Parser.java:551)
	at org.h2.engine.SessionLocal.prepareLocal(SessionLocal.java:615)
	at org.h2.engine.SessionLocal.prepareCommand(SessionLocal.java:553)
	at org.h2.jdbc.JdbcConnection.prepareCommand(JdbcConnection.java:1116)
	at org.h2.jdbc.JdbcPreparedStatement.<init>(JdbcPreparedStatement.java:92)
	at org.h2.jdbc.JdbcConnection.prepareStatement(JdbcConnection.java:288)
	at com.zaxxer.hikari.pool.ProxyConnection.prepareStatement(ProxyConnection.java:311)
	at com.zaxxer.hikari.pool.HikariProxyConnection.prepareStatement(HikariProxyConnection.java)
	at anorm.SimpleSql.$anonfun$prepareNoGeneratedKeys$1(SimpleSql.scala:55)
	at anorm.SimpleSql.unsafeStatement(SimpleSql.scala:85)
	at anorm.SimpleSql.unsafeStatement(SimpleSql.scala:68)
	at anorm.Sql.$anonfun$preparedStatement$1(Anorm.scala:77)
	at resource.DefaultManagedResource.open(AbstractManagedResource.scala:107)
	at resource.AbstractManagedResource.acquireFor(AbstractManagedResource.scala:84)
	at resource.ManagedResourceOperations$$anon$1.acquireFor(ManagedResourceOperations.scala:47)
	at resource.DeferredExtractableManagedResource.acquireFor(AbstractManagedResource.scala:25)
	at resource.ManagedResourceOperations.apply(ManagedResourceOperations.scala:31)
	at resource.ManagedResourceOperations.apply$(ManagedResourceOperations.scala:31)
	at resource.DeferredExtractableManagedResource.apply(AbstractManagedResource.scala:22)
	at resource.ManagedResourceOperations.acquireAndGet(ManagedResourceOperations.scala:29)
	at resource.ManagedResourceOperations.acquireAndGet$(ManagedResourceOperations.scala:29)
	at resource.DeferredExtractableManagedResource.acquireAndGet(AbstractManagedResource.scala:22)
	at anorm.Sql$.$anonfun$asTry$1(Anorm.scala:263)
	at scala.util.Try$.apply(Try.scala:210)
	at anorm.Sql$.asTry(Anorm.scala:263)
	at anorm.WithResult.asTry(SqlResult.scala:215)
	at anorm.WithResult.asTry$(SqlResult.scala:213)
	at anorm.SimpleSql.asTry(SimpleSql.scala:6)
	at anorm.WithResult.as(SqlResult.scala:205)
	at anorm.WithResult.as$(SqlResult.scala:204)
	at anorm.SimpleSql.as(SimpleSql.scala:6)
	at com.digitalasset.canton.platform.store.backend.common.PackageStorageBackendTemplate.lfPackages(PackageStorageBackendTemplate.scala:54)
	at com.digitalasset.canton.platform.store.dao.JdbcLedgerDao.$anonfun$listLfPackages$1(JdbcLedgerDao.scala:311)
	at com.digitalasset.canton.platform.store.dao.DataSourceConnectionProvider$$anon$1.$anonfun$runSQL$1(HikariJdbcConnectionProvider.scala:80)
	at com.daml.metrics.api.opentelemetry.OpenTelemetryTimer.time(OpenTelemetryMetricsFactory.scala:180)
	at com.daml.metrics.Timed$.value(Timed.scala:18)
	at com.digitalasset.canton.platform.store.dao.DataSourceConnectionProvider$$anon$1.runSQL(HikariJdbcConnectionProvider.scala:80)
	at com.digitalasset.canton.platform.store.dao.DbDispatcherImpl.$anonfun$executeSql$2(DbDispatcher.scala:87)
	at scala.concurrent.Future$.$anonfun$apply$1(Future.scala:687)
	at scala.concurrent.impl.Promise$Transformation.run(Promise.scala:467)
	at com.daml.executors.QueueAwareExecutorService$TrackingRunnable.run(QueueAwareExecutorService.scala:98)
	at com.daml.metrics.InstrumentedExecutorServiceMetrics$InstrumentedExecutorService$InstrumentedRunnable.run(InstrumentedExecutorServiceMetrics.scala:202)
	at java.base/java.util.concurrent.ThreadPoolExecutor.runWorker(ThreadPoolExecutor.java:1136)
	at java.base/java.util.concurrent.ThreadPoolExecutor$Worker.run(ThreadPoolExecutor.java:635)
	at java.base/java.lang.Thread.run(Thread.java:840)
2026-01-20 15:07:58,549 [canton-env-ec-85] ERROR c.d.c.p.a.s.ApiPackageService:participant=sandbox tid:fb6ef35f3e837eade0390e81b676be68 - Unhandled internal error
com.digitalasset.canton.ledger.error.IndexErrors$IndexDbException: INTERNAL: An error occurred. Please contact the operator and inquire about the request fb6ef35f3e837eade0390e81b676be68 with tid fb6ef35f3e837eade0390e81b676be68
2026-01-20 15:07:58,469 [daml.index.db.threadpool.connection.api-server-0] DEBUG c.d.c.n.g.ApiRequestLogger:participant=sandbox tid:85c9f2f8c2625cd5d478e59288591857 - Request c.d.l.a.v.PackageService/GetPackageStatus by /127.0.0.1:49267: received a message 
  Request tid:85c9f2f8c2625cd5d478e59288591857
2026-01-20 15:07:58,470 [canton-env-ec-86] INFO  c.d.c.p.a.s.ApiPackageService:participant=sandbox tid:85c9f2f8c2625cd5d478e59288591857 - Received request for a package status: GetPackageStatusRequest(sandbox,f20de1e4e37b92280264c08bf15eca0be0bc5babd7a7b5e574997f154c00cb78), packageId -> 'f20de1e4e37b92280264c08bf15eca0be0bc5babd7a7b5e574997f154c00cb78'.
2026-01-20 15:07:58,549 [daml.index.db.threadpool.connection.api-server-0] ERROR c.d.c.p.s.d.DbDispatcherImpl:participant=sandbox tid:85c9f2f8c2625cd5d478e59288591857 - INDEX_DB_SQL_NON_TRANSIENT_ERROR(4,85c9f2f8): Processing the request failed due to a non-transient database error: Table "PACKAGES" not found (this database is empty); SQL statement:

      select packages.package_id, packages.source_description, packages.known_since, packages.package_size
      from packages
      where packages.ledger_offset <= ?
     [42104-210] err-context:{location=DatabaseSelfServiceError.scala:53} 
org.h2.jdbc.JdbcSQLSyntaxErrorException: Table "PACKAGES" not found (this database is empty); SQL statement:

      select packages.package_id, packages.source_description, packages.known_since, packages.package_size
      from packages
      where packages.ledger_offset <= ?
     [42104-210]
	at org.h2.message.DbException.getJdbcSQLException(DbException.java:521)
	at org.h2.message.DbException.getJdbcSQLException(DbException.java:496)
	at org.h2.message.DbException.get(DbException.java:227)
	at org.h2.message.DbException.get(DbException.java:203)
	at org.h2.command.Parser.getTableOrViewNotFoundDbException(Parser.java:8397)
	at org.h2.command.Parser.getTableOrViewNotFoundDbException(Parser.java:8381)
	at org.h2.command.Parser.readTableOrView(Parser.java:8370)
	at org.h2.command.Parser.readTablePrimary(Parser.java:1866)
	at org.h2.command.Parser.readTableReference(Parser.java:2342)
	at org.h2.command.Parser.parseSelectFromPart(Parser.java:2793)
	at org.h2.command.Parser.parseSelect(Parser.java:2900)
	at org.h2.command.Parser.parseQueryPrimary(Parser.java:2783)
	at org.h2.command.Parser.parseQueryTerm(Parser.java:2650)
	at org.h2.command.Parser.parseQueryExpressionBody(Parser.java:2629)
	at org.h2.command.Parser.parseQueryExpressionBodyAndEndOfQuery(Parser.java:2622)
	at org.h2.command.Parser.parseQueryExpression(Parser.java:2615)
	at org.h2.command.Parser.parseQuery(Parser.java:2576)
	at org.h2.command.Parser.parsePrepared(Parser.java:707)
	at org.h2.command.Parser.parse(Parser.java:674)
	at org.h2.command.Parser.parse(Parser.java:644)
	at org.h2.command.Parser.prepareCommand(Parser.java:551)
	at org.h2.engine.SessionLocal.prepareLocal(SessionLocal.java:615)
	at org.h2.engine.SessionLocal.prepareCommand(SessionLocal.java:553)
	at org.h2.jdbc.JdbcConnection.prepareCommand(JdbcConnection.java:1116)
	at org.h2.jdbc.JdbcPreparedStatement.<init>(JdbcPreparedStatement.java:92)
	at org.h2.jdbc.JdbcConnection.prepareStatement(JdbcConnection.java:288)
	at com.zaxxer.hikari.pool.ProxyConnection.prepareStatement(ProxyConnection.java:311)
	at com.zaxxer.hikari.pool.HikariProxyConnection.prepareStatement(HikariProxyConnection.java)
	at anorm.SimpleSql.$anonfun$prepareNoGeneratedKeys$1(SimpleSql.scala:55)
	at anorm.SimpleSql.unsafeStatement(SimpleSql.scala:85)
	at anorm.SimpleSql.unsafeStatement(SimpleSql.scala:68)
	at anorm.Sql.$anonfun$preparedStatement$1(Anorm.scala:77)
	at resource.DefaultManagedResource.open(AbstractManagedResource.scala:107)
	at resource.AbstractManagedResource.acquireFor(AbstractManagedResource.scala:84)
	at resource.ManagedResourceOperations$$anon$1.acquireFor(ManagedResourceOperations.scala:47)
	at resource.DeferredExtractableManagedResource.acquireFor(AbstractManagedResource.scala:25)
	at resource.ManagedResourceOperations.apply(ManagedResourceOperations.scala:31)
	at resource.ManagedResourceOperations.apply$(ManagedResourceOperations.scala:31)
	at resource.DeferredExtractableManagedResource.apply(AbstractManagedResource.scala:22)
	at resource.ManagedResourceOperations.acquireAndGet(ManagedResourceOperations.scala:29)
	at resource.ManagedResourceOperations.acquireAndGet$(ManagedResourceOperations.scala:29)
	at resource.DeferredExtractableManagedResource.acquireAndGet(AbstractManagedResource.scala:22)
	at anorm.Sql$.$anonfun$asTry$1(Anorm.scala:263)
	at scala.util.Try$.apply(Try.scala:210)
	at anorm.Sql$.asTry(Anorm.scala:263)
	at anorm.WithResult.asTry(SqlResult.scala:215)
	at anorm.WithResult.asTry$(SqlResult.scala:213)
	at anorm.SimpleSql.asTry(SimpleSql.scala:6)
	at anorm.WithResult.as(SqlResult.scala:205)
	at anorm.WithResult.as$(SqlResult.scala:204)
	at anorm.SimpleSql.as(SimpleSql.scala:6)
	at com.digitalasset.canton.platform.store.backend.common.PackageStorageBackendTemplate.lfPackages(PackageStorageBackendTemplate.scala:54)
	at com.digitalasset.canton.platform.store.dao.JdbcLedgerDao.$anonfun$listLfPackages$1(JdbcLedgerDao.scala:311)
	at com.digitalasset.canton.platform.store.dao.DataSourceConnectionProvider$$anon$1.$anonfun$runSQL$1(HikariJdbcConnectionProvider.scala:80)
	at com.daml.metrics.api.opentelemetry.OpenTelemetryTimer.time(OpenTelemetryMetricsFactory.scala:180)
	at com.daml.metrics.Timed$.value(Timed.scala:18)
	at com.digitalasset.canton.platform.store.dao.DataSourceConnectionProvider$$anon$1.runSQL(HikariJdbcConnectionProvider.scala:80)
	at com.digitalasset.canton.platform.store.dao.DbDispatcherImpl.$anonfun$executeSql$2(DbDispatcher.scala:87)
	at scala.concurrent.Future$.$anonfun$apply$1(Future.scala:687)
	at scala.concurrent.impl.Promise$Transformation.run(Promise.scala:467)
	at com.daml.executors.QueueAwareExecutorService$TrackingRunnable.run(QueueAwareExecutorService.scala:98)
	at com.daml.metrics.InstrumentedExecutorServiceMetrics$InstrumentedExecutorService$InstrumentedRunnable.run(InstrumentedExecutorServiceMetrics.scala:202)
	at java.base/java.util.concurrent.ThreadPoolExecutor.runWorker(ThreadPoolExecutor.java:1136)
	at java.base/java.util.concurrent.ThreadPoolExecutor$Worker.run(ThreadPoolExecutor.java:635)
	at java.base/java.lang.Thread.run(Thread.java:840)
2026-01-20 15:07:58,548 [canton-env-ec-79] ERROR c.d.c.n.g.ApiRequestLogger:participant=sandbox tid:aa5a14cba350f66c7c29e7ad4dc549d5 - Request c.d.l.a.v.PackageService/GetPackageStatus by /127.0.0.1:49267: failed with INTERNAL/An error occurred. Please contact the operator and inquire about the request aa5a14cba350f66c7c29e7ad4dc549d5 with tid aa5a14cba350f66c7c29e7ad4dc549d5
2026-01-20 15:07:58,469 [daml.index.db.threadpool.connection.api-server-3] DEBUG c.d.c.n.g.ApiRequestLogger:participant=sandbox tid:a8ba8baa3e9c9b3a561052a88e1c6d84 - Request c.d.l.a.v.PackageService/GetPackageStatus by /127.0.0.1:49267: received a message 
  Request tid:a8ba8baa3e9c9b3a561052a88e1c6d84
2026-01-20 15:07:58,476 [canton-env-ec-92] INFO  c.d.c.p.a.s.ApiPackageService:participant=sandbox tid:a8ba8baa3e9c9b3a561052a88e1c6d84 - Received request for a package status: GetPackageStatusRequest(sandbox,057eed1fd48c238491b8ea06b9b5bf85a5d4c9275dd3f6183e0e6b01730cc2ba), packageId -> '057eed1fd48c238491b8ea06b9b5bf85a5d4c9275dd3f6183e0e6b01730cc2ba'.
2026-01-20 15:07:58,561 [daml.index.db.threadpool.connection.api-server-3] ERROR c.d.c.p.s.d.DbDispatcherImpl:participant=sandbox tid:a8ba8baa3e9c9b3a561052a88e1c6d84 - INDEX_DB_SQL_NON_TRANSIENT_ERROR(4,a8ba8baa): Processing the request failed due to a non-transient database error: Table "PACKAGES" not found (this database is empty); SQL statement:

      select packages.package_id, packages.source_description, packages.known_since, packages.package_size
      from packages
      where packages.ledger_offset <= ?
     [42104-210] err-context:{location=DatabaseSelfServiceError.scala:53} 
org.h2.jdbc.JdbcSQLSyntaxErrorException: Table "PACKAGES" not found (this database is empty); SQL statement:

      select packages.package_id, packages.source_description, packages.known_since, packages.package_size
      from packages
      where packages.ledger_offset <= ?
     [42104-210]
	at org.h2.message.DbException.getJdbcSQLException(DbException.java:521)
	at org.h2.message.DbException.getJdbcSQLException(DbException.java:496)
	at org.h2.message.DbException.get(DbException.java:227)
	at org.h2.message.DbException.get(DbException.java:203)
	at org.h2.command.Parser.getTableOrViewNotFoundDbException(Parser.java:8397)
	at org.h2.command.Parser.getTableOrViewNotFoundDbException(Parser.java:8381)
	at org.h2.command.Parser.readTableOrView(Parser.java:8370)
	at org.h2.command.Parser.readTablePrimary(Parser.java:1866)
	at org.h2.command.Parser.readTableReference(Parser.java:2342)
	at org.h2.command.Parser.parseSelectFromPart(Parser.java:2793)
	at org.h2.command.Parser.parseSelect(Parser.java:2900)
	at org.h2.command.Parser.parseQueryPrimary(Parser.java:2783)
	at org.h2.command.Parser.parseQueryTerm(Parser.java:2650)
	at org.h2.command.Parser.parseQueryExpressionBody(Parser.java:2629)
	at org.h2.command.Parser.parseQueryExpressionBodyAndEndOfQuery(Parser.java:2622)
	at org.h2.command.Parser.parseQueryExpression(Parser.java:2615)
	at org.h2.command.Parser.parseQuery(Parser.java:2576)
	at org.h2.command.Parser.parsePrepared(Parser.java:707)
	at org.h2.command.Parser.parse(Parser.java:674)
	at org.h2.command.Parser.parse(Parser.java:644)
	at org.h2.command.Parser.prepareCommand(Parser.java:551)
	at org.h2.engine.SessionLocal.prepareLocal(SessionLocal.java:615)
	at org.h2.engine.SessionLocal.prepareCommand(SessionLocal.java:553)
	at org.h2.jdbc.JdbcConnection.prepareCommand(JdbcConnection.java:1116)
	at org.h2.jdbc.JdbcPreparedStatement.<init>(JdbcPreparedStatement.java:92)
	at org.h2.jdbc.JdbcConnection.prepareStatement(JdbcConnection.java:288)
	at com.zaxxer.hikari.pool.ProxyConnection.prepareStatement(ProxyConnection.java:311)
	at com.zaxxer.hikari.pool.HikariProxyConnection.prepareStatement(HikariProxyConnection.java)
	at anorm.SimpleSql.$anonfun$prepareNoGeneratedKeys$1(SimpleSql.scala:55)
	at anorm.SimpleSql.unsafeStatement(SimpleSql.scala:85)
	at anorm.SimpleSql.unsafeStatement(SimpleSql.scala:68)
	at anorm.Sql.$anonfun$preparedStatement$1(Anorm.scala:77)
	at resource.DefaultManagedResource.open(AbstractManagedResource.scala:107)
	at resource.AbstractManagedResource.acquireFor(AbstractManagedResource.scala:84)
	at resource.ManagedResourceOperations$$anon$1.acquireFor(ManagedResourceOperations.scala:47)
	at resource.DeferredExtractableManagedResource.acquireFor(AbstractManagedResource.scala:25)
	at resource.ManagedResourceOperations.apply(ManagedResourceOperations.scala:31)
	at resource.ManagedResourceOperations.apply$(ManagedResourceOperations.scala:31)
	at resource.DeferredExtractableManagedResource.apply(AbstractManagedResource.scala:22)
	at resource.ManagedResourceOperations.acquireAndGet(ManagedResourceOperations.scala:29)
	at resource.ManagedResourceOperations.acquireAndGet$(ManagedResourceOperations.scala:29)
	at resource.DeferredExtractableManagedResource.acquireAndGet(AbstractManagedResource.scala:22)
	at anorm.Sql$.$anonfun$asTry$1(Anorm.scala:263)
	at scala.util.Try$.apply(Try.scala:210)
	at anorm.Sql$.asTry(Anorm.scala:263)
	at anorm.WithResult.asTry(SqlResult.scala:215)
	at anorm.WithResult.asTry$(SqlResult.scala:213)
	at anorm.SimpleSql.asTry(SimpleSql.scala:6)
	at anorm.WithResult.as(SqlResult.scala:205)
	at anorm.WithResult.as$(SqlResult.scala:204)
	at anorm.SimpleSql.as(SimpleSql.scala:6)
	at com.digitalasset.canton.platform.store.backend.common.PackageStorageBackendTemplate.lfPackages(PackageStorageBackendTemplate.scala:54)
	at com.digitalasset.canton.platform.store.dao.JdbcLedgerDao.$anonfun$listLfPackages$1(JdbcLedgerDao.scala:311)
	at com.digitalasset.canton.platform.store.dao.DataSourceConnectionProvider$$anon$1.$anonfun$runSQL$1(HikariJdbcConnectionProvider.scala:80)
	at com.daml.metrics.api.opentelemetry.OpenTelemetryTimer.time(OpenTelemetryMetricsFactory.scala:180)
	at com.daml.metrics.Timed$.value(Timed.scala:18)
	at com.digitalasset.canton.platform.store.dao.DataSourceConnectionProvider$$anon$1.runSQL(HikariJdbcConnectionProvider.scala:80)
	at com.digitalasset.canton.platform.store.dao.DbDispatcherImpl.$anonfun$executeSql$2(DbDispatcher.scala:87)
	at scala.concurrent.Future$.$anonfun$apply$1(Future.scala:687)
	at scala.concurrent.impl.Promise$Transformation.run(Promise.scala:467)
	at com.daml.executors.QueueAwareExecutorService$TrackingRunnable.run(QueueAwareExecutorService.scala:98)
	at com.daml.metrics.InstrumentedExecutorServiceMetrics$InstrumentedExecutorService$InstrumentedRunnable.run(InstrumentedExecutorServiceMetrics.scala:202)
	at java.base/java.util.concurrent.ThreadPoolExecutor.runWorker(ThreadPoolExecutor.java:1136)
	at java.base/java.util.concurrent.ThreadPoolExecutor$Worker.run(ThreadPoolExecutor.java:635)
	at java.base/java.lang.Thread.run(Thread.java:840)
2026-01-20 15:07:58,561 [canton-env-ec-85] ERROR c.d.c.n.g.ApiRequestLogger:participant=sandbox tid:fb6ef35f3e837eade0390e81b676be68 - Request c.d.l.a.v.PackageService/GetPackageStatus by /127.0.0.1:49267: failed with INTERNAL/An error occurred. Please contact the operator and inquire about the request fb6ef35f3e837eade0390e81b676be68 with tid fb6ef35f3e837eade0390e81b676be68
2026-01-20 15:07:58,563 [canton-env-ec-85] ERROR c.d.c.p.a.s.ApiPackageService:participant=sandbox tid:8bd5677a7c93b63579e400c498e6a200 - Unhandled internal error
com.digitalasset.canton.ledger.error.IndexErrors$IndexDbException: INTERNAL: An error occurred. Please contact the operator and inquire about the request 8bd5677a7c93b63579e400c498e6a200 with tid 8bd5677a7c93b63579e400c498e6a200
2026-01-20 15:07:58,470 [daml.index.db.threadpool.connection.api-server-1] DEBUG c.d.c.n.g.ApiRequestLogger:participant=sandbox tid:fd3031239d07e791a5cd2fe1e20bc459 - Request c.d.l.a.v.PackageService/GetPackageStatus by /127.0.0.1:49267: received a message 
  Request tid:fd3031239d07e791a5cd2fe1e20bc459
2026-01-20 15:07:58,476 [canton-env-ec-90] INFO  c.d.c.p.a.s.ApiPackageService:participant=sandbox tid:fd3031239d07e791a5cd2fe1e20bc459 - Received request for a package status: GetPackageStatusRequest(sandbox,57b5c520512c24035057aa4c783cb7ac7f3f49db29806280962e188be7aadb66), packageId -> '57b5c520512c24035057aa4c783cb7ac7f3f49db29806280962e188be7aadb66'.
2026-01-20 15:07:58,561 [daml.index.db.threadpool.connection.api-server-1] ERROR c.d.c.p.s.d.DbDispatcherImpl:participant=sandbox tid:fd3031239d07e791a5cd2fe1e20bc459 - INDEX_DB_SQL_NON_TRANSIENT_ERROR(4,fd303123): Processing the request failed due to a non-transient database error: Table "PACKAGES" not found (this database is empty); SQL statement:

      select packages.package_id, packages.source_description, packages.known_since, packages.package_size
      from packages
      where packages.ledger_offset <= ?
     [42104-210] err-context:{location=DatabaseSelfServiceError.scala:53} 
org.h2.jdbc.JdbcSQLSyntaxErrorException: Table "PACKAGES" not found (this database is empty); SQL statement:

      select packages.package_id, packages.source_description, packages.known_since, packages.package_size
      from packages
      where packages.ledger_offset <= ?
     [42104-210]
	at org.h2.message.DbException.getJdbcSQLException(DbException.java:521)
	at org.h2.message.DbException.getJdbcSQLException(DbException.java:496)
	at org.h2.message.DbException.get(DbException.java:227)
	at org.h2.message.DbException.get(DbException.java:203)
	at org.h2.command.Parser.getTableOrViewNotFoundDbException(Parser.java:8397)
	at org.h2.command.Parser.getTableOrViewNotFoundDbException(Parser.java:8381)
	at org.h2.command.Parser.readTableOrView(Parser.java:8370)
	at org.h2.command.Parser.readTablePrimary(Parser.java:1866)
	at org.h2.command.Parser.readTableReference(Parser.java:2342)
	at org.h2.command.Parser.parseSelectFromPart(Parser.java:2793)
	at org.h2.command.Parser.parseSelect(Parser.java:2900)
	at org.h2.command.Parser.parseQueryPrimary(Parser.java:2783)
	at org.h2.command.Parser.parseQueryTerm(Parser.java:2650)
	at org.h2.command.Parser.parseQueryExpressionBody(Parser.java:2629)
	at org.h2.command.Parser.parseQueryExpressionBodyAndEndOfQuery(Parser.java:2622)
	at org.h2.command.Parser.parseQueryExpression(Parser.java:2615)
	at org.h2.command.Parser.parseQuery(Parser.java:2576)
	at org.h2.command.Parser.parsePrepared(Parser.java:707)
	at org.h2.command.Parser.parse(Parser.java:674)
	at org.h2.command.Parser.parse(Parser.java:644)
	at org.h2.command.Parser.prepareCommand(Parser.java:551)
	at org.h2.engine.SessionLocal.prepareLocal(SessionLocal.java:615)
	at org.h2.engine.SessionLocal.prepareCommand(SessionLocal.java:553)
	at org.h2.jdbc.JdbcConnection.prepareCommand(JdbcConnection.java:1116)
	at org.h2.jdbc.JdbcPreparedStatement.<init>(JdbcPreparedStatement.java:92)
	at org.h2.jdbc.JdbcConnection.prepareStatement(JdbcConnection.java:288)
	at com.zaxxer.hikari.pool.ProxyConnection.prepareStatement(ProxyConnection.java:311)
	at com.zaxxer.hikari.pool.HikariProxyConnection.prepareStatement(HikariProxyConnection.java)
	at anorm.SimpleSql.$anonfun$prepareNoGeneratedKeys$1(SimpleSql.scala:55)
	at anorm.SimpleSql.unsafeStatement(SimpleSql.scala:85)
	at anorm.SimpleSql.unsafeStatement(SimpleSql.scala:68)
	at anorm.Sql.$anonfun$preparedStatement$1(Anorm.scala:77)
	at resource.DefaultManagedResource.open(AbstractManagedResource.scala:107)
	at resource.AbstractManagedResource.acquireFor(AbstractManagedResource.scala:84)
	at resource.ManagedResourceOperations$$anon$1.acquireFor(ManagedResourceOperations.scala:47)
	at resource.DeferredExtractableManagedResource.acquireFor(AbstractManagedResource.scala:25)
	at resource.ManagedResourceOperations.apply(ManagedResourceOperations.scala:31)
	at resource.ManagedResourceOperations.apply$(ManagedResourceOperations.scala:31)
	at resource.DeferredExtractableManagedResource.apply(AbstractManagedResource.scala:22)
	at resource.ManagedResourceOperations.acquireAndGet(ManagedResourceOperations.scala:29)
	at resource.ManagedResourceOperations.acquireAndGet$(ManagedResourceOperations.scala:29)
	at resource.DeferredExtractableManagedResource.acquireAndGet(AbstractManagedResource.scala:22)
	at anorm.Sql$.$anonfun$asTry$1(Anorm.scala:263)
	at scala.util.Try$.apply(Try.scala:210)
	at anorm.Sql$.asTry(Anorm.scala:263)
	at anorm.WithResult.asTry(SqlResult.scala:215)
	at anorm.WithResult.asTry$(SqlResult.scala:213)
	at anorm.SimpleSql.asTry(SimpleSql.scala:6)
	at anorm.WithResult.as(SqlResult.scala:205)
	at anorm.WithResult.as$(SqlResult.scala:204)
	at anorm.SimpleSql.as(SimpleSql.scala:6)
	at com.digitalasset.canton.platform.store.backend.common.PackageStorageBackendTemplate.lfPackages(PackageStorageBackendTemplate.scala:54)
	at com.digitalasset.canton.platform.store.dao.JdbcLedgerDao.$anonfun$listLfPackages$1(JdbcLedgerDao.scala:311)
	at com.digitalasset.canton.platform.store.dao.DataSourceConnectionProvider$$anon$1.$anonfun$runSQL$1(HikariJdbcConnectionProvider.scala:80)
	at com.daml.metrics.api.opentelemetry.OpenTelemetryTimer.time(OpenTelemetryMetricsFactory.scala:180)
	at com.daml.metrics.Timed$.value(Timed.scala:18)
	at com.digitalasset.canton.platform.store.dao.DataSourceConnectionProvider$$anon$1.runSQL(HikariJdbcConnectionProvider.scala:80)
	at com.digitalasset.canton.platform.store.dao.DbDispatcherImpl.$anonfun$executeSql$2(DbDispatcher.scala:87)
	at scala.concurrent.Future$.$anonfun$apply$1(Future.scala:687)
	at scala.concurrent.impl.Promise$Transformation.run(Promise.scala:467)
	at com.daml.executors.QueueAwareExecutorService$TrackingRunnable.run(QueueAwareExecutorService.scala:98)
	at com.daml.metrics.InstrumentedExecutorServiceMetrics$InstrumentedExecutorService$InstrumentedRunnable.run(InstrumentedExecutorServiceMetrics.scala:202)
	at java.base/java.util.concurrent.ThreadPoolExecutor.runWorker(ThreadPoolExecutor.java:1136)
	at java.base/java.util.concurrent.ThreadPoolExecutor$Worker.run(ThreadPoolExecutor.java:635)
	at java.base/java.lang.Thread.run(Thread.java:840)
2026-01-20 15:07:58,560 [canton-env-ec-30] ERROR c.d.c.p.a.s.ApiPackageService:participant=sandbox tid:ffef489ee5b850f9ebc784295d543b10 - Unhandled internal error
com.digitalasset.canton.ledger.error.IndexErrors$IndexDbException: INTERNAL: An error occurred. Please contact the operator and inquire about the request ffef489ee5b850f9ebc784295d543b10 with tid ffef489ee5b850f9ebc784295d543b10
2026-01-20 15:07:58,469 [daml.index.db.threadpool.connection.api-server-4] DEBUG c.d.c.n.g.ApiRequestLogger:participant=sandbox tid:77d6bbe6db0aab720c32756712194a36 - Request c.d.l.a.v.PackageService/GetPackageStatus by /127.0.0.1:49267: received a message 
  Request tid:77d6bbe6db0aab720c32756712194a36
2026-01-20 15:07:58,470 [canton-env-ec-82] INFO  c.d.c.p.a.s.ApiPackageService:participant=sandbox tid:77d6bbe6db0aab720c32756712194a36 - Received request for a package status: GetPackageStatusRequest(sandbox,6839a6d3d430c569b2425e9391717b44ca324b88ba621d597778811b2d05031d), packageId -> '6839a6d3d430c569b2425e9391717b44ca324b88ba621d597778811b2d05031d'.
2026-01-20 15:07:58,560 [daml.index.db.threadpool.connection.api-server-4] ERROR c.d.c.p.s.d.DbDispatcherImpl:participant=sandbox tid:77d6bbe6db0aab720c32756712194a36 - INDEX_DB_SQL_NON_TRANSIENT_ERROR(4,77d6bbe6): Processing the request failed due to a non-transient database error: Table "PACKAGES" not found (this database is empty); SQL statement:

      select packages.package_id, packages.source_description, packages.known_since, packages.package_size
      from packages
      where packages.ledger_offset <= ?
     [42104-210] err-context:{location=DatabaseSelfServiceError.scala:53} 
org.h2.jdbc.JdbcSQLSyntaxErrorException: Table "PACKAGES" not found (this database is empty); SQL statement:

      select packages.package_id, packages.source_description, packages.known_since, packages.package_size
      from packages
      where packages.ledger_offset <= ?
     [42104-210]
	at org.h2.message.DbException.getJdbcSQLException(DbException.java:521)
	at org.h2.message.DbException.getJdbcSQLException(DbException.java:496)
	at org.h2.message.DbException.get(DbException.java:227)
	at org.h2.message.DbException.get(DbException.java:203)
	at org.h2.command.Parser.getTableOrViewNotFoundDbException(Parser.java:8397)
	at org.h2.command.Parser.getTableOrViewNotFoundDbException(Parser.java:8381)
	at org.h2.command.Parser.readTableOrView(Parser.java:8370)
	at org.h2.command.Parser.readTablePrimary(Parser.java:1866)
	at org.h2.command.Parser.readTableReference(Parser.java:2342)
	at org.h2.command.Parser.parseSelectFromPart(Parser.java:2793)
	at org.h2.command.Parser.parseSelect(Parser.java:2900)
	at org.h2.command.Parser.parseQueryPrimary(Parser.java:2783)
	at org.h2.command.Parser.parseQueryTerm(Parser.java:2650)
	at org.h2.command.Parser.parseQueryExpressionBody(Parser.java:2629)
	at org.h2.command.Parser.parseQueryExpressionBodyAndEndOfQuery(Parser.java:2622)
	at org.h2.command.Parser.parseQueryExpression(Parser.java:2615)
	at org.h2.command.Parser.parseQuery(Parser.java:2576)
	at org.h2.command.Parser.parsePrepared(Parser.java:707)
	at org.h2.command.Parser.parse(Parser.java:674)
	at org.h2.command.Parser.parse(Parser.java:644)
	at org.h2.command.Parser.prepareCommand(Parser.java:551)
	at org.h2.engine.SessionLocal.prepareLocal(SessionLocal.java:615)
	at org.h2.engine.SessionLocal.prepareCommand(SessionLocal.java:553)
	at org.h2.jdbc.JdbcConnection.prepareCommand(JdbcConnection.java:1116)
	at org.h2.jdbc.JdbcPreparedStatement.<init>(JdbcPreparedStatement.java:92)
	at org.h2.jdbc.JdbcConnection.prepareStatement(JdbcConnection.java:288)
	at com.zaxxer.hikari.pool.ProxyConnection.prepareStatement(ProxyConnection.java:311)
	at com.zaxxer.hikari.pool.HikariProxyConnection.prepareStatement(HikariProxyConnection.java)
	at anorm.SimpleSql.$anonfun$prepareNoGeneratedKeys$1(SimpleSql.scala:55)
	at anorm.SimpleSql.unsafeStatement(SimpleSql.scala:85)
	at anorm.SimpleSql.unsafeStatement(SimpleSql.scala:68)
	at anorm.Sql.$anonfun$preparedStatement$1(Anorm.scala:77)
	at resource.DefaultManagedResource.open(AbstractManagedResource.scala:107)
	at resource.AbstractManagedResource.acquireFor(AbstractManagedResource.scala:84)
	at resource.ManagedResourceOperations$$anon$1.acquireFor(ManagedResourceOperations.scala:47)
	at resource.DeferredExtractableManagedResource.acquireFor(AbstractManagedResource.scala:25)
	at resource.ManagedResourceOperations.apply(ManagedResourceOperations.scala:31)
	at resource.ManagedResourceOperations.apply$(ManagedResourceOperations.scala:31)
	at resource.DeferredExtractableManagedResource.apply(AbstractManagedResource.scala:22)
	at resource.ManagedResourceOperations.acquireAndGet(ManagedResourceOperations.scala:29)
	at resource.ManagedResourceOperations.acquireAndGet$(ManagedResourceOperations.scala:29)
	at resource.DeferredExtractableManagedResource.acquireAndGet(AbstractManagedResource.scala:22)
	at anorm.Sql$.$anonfun$asTry$1(Anorm.scala:263)
	at scala.util.Try$.apply(Try.scala:210)
	at anorm.Sql$.asTry(Anorm.scala:263)
	at anorm.WithResult.asTry(SqlResult.scala:215)
	at anorm.WithResult.asTry$(SqlResult.scala:213)
	at anorm.SimpleSql.asTry(SimpleSql.scala:6)
	at anorm.WithResult.as(SqlResult.scala:205)
	at anorm.WithResult.as$(SqlResult.scala:204)
	at anorm.SimpleSql.as(SimpleSql.scala:6)
	at com.digitalasset.canton.platform.store.backend.common.PackageStorageBackendTemplate.lfPackages(PackageStorageBackendTemplate.scala:54)
	at com.digitalasset.canton.platform.store.dao.JdbcLedgerDao.$anonfun$listLfPackages$1(JdbcLedgerDao.scala:311)
	at com.digitalasset.canton.platform.store.dao.DataSourceConnectionProvider$$anon$1.$anonfun$runSQL$1(HikariJdbcConnectionProvider.scala:80)
	at com.daml.metrics.api.opentelemetry.OpenTelemetryTimer.time(OpenTelemetryMetricsFactory.scala:180)
	at com.daml.metrics.Timed$.value(Timed.scala:18)
	at com.digitalasset.canton.platform.store.dao.DataSourceConnectionProvider$$anon$1.runSQL(HikariJdbcConnectionProvider.scala:80)
	at com.digitalasset.canton.platform.store.dao.DbDispatcherImpl.$anonfun$executeSql$2(DbDispatcher.scala:87)
	at scala.concurrent.Future$.$anonfun$apply$1(Future.scala:687)
	at scala.concurrent.impl.Promise$Transformation.run(Promise.scala:467)
	at com.daml.executors.QueueAwareExecutorService$TrackingRunnable.run(QueueAwareExecutorService.scala:98)
	at com.daml.metrics.InstrumentedExecutorServiceMetrics$InstrumentedExecutorService$InstrumentedRunnable.run(InstrumentedExecutorServiceMetrics.scala:202)
	at java.base/java.util.concurrent.ThreadPoolExecutor.runWorker(ThreadPoolExecutor.java:1136)
	at java.base/java.util.concurrent.ThreadPoolExecutor$Worker.run(ThreadPoolExecutor.java:635)
	at java.base/java.lang.Thread.run(Thread.java:840)
2026-01-20 15:07:58,559 [canton-env-ec-93] ERROR c.d.c.n.g.ApiRequestLogger:participant=sandbox tid:bf2eb98580fb04643706374238a1e490 - Request c.d.l.a.v.PackageService/GetPackageStatus by /127.0.0.1:49267: failed with INTERNAL/An error occurred. Please contact the operator and inquire about the request bf2eb98580fb04643706374238a1e490 with tid bf2eb98580fb04643706374238a1e490
2026-01-20 15:07:58,559 [canton-env-ec-82] ERROR c.d.c.n.g.ApiRequestLogger:participant=sandbox tid:b4783147a00e81b69329676bb7849be6 - Request c.d.l.a.v.PackageService/GetPackageStatus by /127.0.0.1:49267: failed with INTERNAL/An error occurred. Please contact the operator and inquire about the request b4783147a00e81b69329676bb7849be6 with tid b4783147a00e81b69329676bb7849be6
2026-01-20 15:07:58,559 [canton-env-ec-23] ERROR c.d.c.n.g.ApiRequestLogger:participant=sandbox tid:b7e5bbb6bec489557d0febf027b15937 - Request c.d.l.a.v.PackageService/GetPackageStatus by /127.0.0.1:49267: failed with INTERNAL/An error occurred. Please contact the operator and inquire about the request b7e5bbb6bec489557d0febf027b15937 with tid b7e5bbb6bec489557d0febf027b15937
2026-01-20 15:07:58,469 [daml.index.db.threadpool.connection.api-server-2] DEBUG c.d.c.n.g.ApiRequestLogger:participant=sandbox tid:6f1f30bd7cfc0c77ea0210fe485d4e19 - Request c.d.l.a.v.PackageService/GetPackageStatus by /127.0.0.1:49267: received a message 
  Request tid:6f1f30bd7cfc0c77ea0210fe485d4e19
2026-01-20 15:07:58,470 [canton-env-ec-78] INFO  c.d.c.p.a.s.ApiPackageService:participant=sandbox tid:6f1f30bd7cfc0c77ea0210fe485d4e19 - Received request for a package status: GetPackageStatusRequest(sandbox,6851f194e144b693e63e9034b956c76cef6b5088dd8c66a657ab652a204dba2b), packageId -> '6851f194e144b693e63e9034b956c76cef6b5088dd8c66a657ab652a204dba2b'.
2026-01-20 15:07:58,561 [canton-env-ec-33] INFO  c.d.c.n.g.ApiRequestLogger:participant=sandbox tid:6f1f30bd7cfc0c77ea0210fe485d4e19 - Request c.d.l.a.v.PackageService/GetPackageStatus by /127.0.0.1:49267: cancelled. Cancellations can be caused by timeouts, explicit cancellation by the client, network errors, etc.
2026-01-20 15:07:58,558 [daml.index.db.threadpool.connection.api-server-2] ERROR c.d.c.p.s.d.DbDispatcherImpl:participant=sandbox tid:6f1f30bd7cfc0c77ea0210fe485d4e19 - INDEX_DB_SQL_NON_TRANSIENT_ERROR(4,6f1f30bd): Processing the request failed due to a non-transient database error: Table "PACKAGES" not found (this database is empty); SQL statement:

      select packages.package_id, packages.source_description, packages.known_since, packages.package_size
      from packages
      where packages.ledger_offset <= ?
     [42104-210] err-context:{location=DatabaseSelfServiceError.scala:53} 
org.h2.jdbc.JdbcSQLSyntaxErrorException: Table "PACKAGES" not found (this database is empty); SQL statement:

      select packages.package_id, packages.source_description, packages.known_since, packages.package_size
      from packages
      where packages.ledger_offset <= ?
     [42104-210]
	at org.h2.message.DbException.getJdbcSQLException(DbException.java:521)
	at org.h2.message.DbException.getJdbcSQLException(DbException.java:496)
	at org.h2.message.DbException.get(DbException.java:227)
	at org.h2.message.DbException.get(DbException.java:203)
	at org.h2.command.Parser.getTableOrViewNotFoundDbException(Parser.java:8397)
	at org.h2.command.Parser.getTableOrViewNotFoundDbException(Parser.java:8381)
	at org.h2.command.Parser.readTableOrView(Parser.java:8370)
	at org.h2.command.Parser.readTablePrimary(Parser.java:1866)
	at org.h2.command.Parser.readTableReference(Parser.java:2342)
	at org.h2.command.Parser.parseSelectFromPart(Parser.java:2793)
	at org.h2.command.Parser.parseSelect(Parser.java:2900)
	at org.h2.command.Parser.parseQueryPrimary(Parser.java:2783)
	at org.h2.command.Parser.parseQueryTerm(Parser.java:2650)
	at org.h2.command.Parser.parseQueryExpressionBody(Parser.java:2629)
	at org.h2.command.Parser.parseQueryExpressionBodyAndEndOfQuery(Parser.java:2622)
	at org.h2.command.Parser.parseQueryExpression(Parser.java:2615)
	at org.h2.command.Parser.parseQuery(Parser.java:2576)
	at org.h2.command.Parser.parsePrepared(Parser.java:707)
	at org.h2.command.Parser.parse(Parser.java:674)
	at org.h2.command.Parser.parse(Parser.java:644)
	at org.h2.command.Parser.prepareCommand(Parser.java:551)
	at org.h2.engine.SessionLocal.prepareLocal(SessionLocal.java:615)
	at org.h2.engine.SessionLocal.prepareCommand(SessionLocal.java:553)
	at org.h2.jdbc.JdbcConnection.prepareCommand(JdbcConnection.java:1116)
	at org.h2.jdbc.JdbcPreparedStatement.<init>(JdbcPreparedStatement.java:92)
	at org.h2.jdbc.JdbcConnection.prepareStatement(JdbcConnection.java:288)
	at com.zaxxer.hikari.pool.ProxyConnection.prepareStatement(ProxyConnection.java:311)
	at com.zaxxer.hikari.pool.HikariProxyConnection.prepareStatement(HikariProxyConnection.java)
	at anorm.SimpleSql.$anonfun$prepareNoGeneratedKeys$1(SimpleSql.scala:55)
	at anorm.SimpleSql.unsafeStatement(SimpleSql.scala:85)
	at anorm.SimpleSql.unsafeStatement(SimpleSql.scala:68)
	at anorm.Sql.$anonfun$preparedStatement$1(Anorm.scala:77)
	at resource.DefaultManagedResource.open(AbstractManagedResource.scala:107)
	at resource.AbstractManagedResource.acquireFor(AbstractManagedResource.scala:84)
	at resource.ManagedResourceOperations$$anon$1.acquireFor(ManagedResourceOperations.scala:47)
	at resource.DeferredExtractableManagedResource.acquireFor(AbstractManagedResource.scala:25)
	at resource.ManagedResourceOperations.apply(ManagedResourceOperations.scala:31)
	at resource.ManagedResourceOperations.apply$(ManagedResourceOperations.scala:31)
	at resource.DeferredExtractableManagedResource.apply(AbstractManagedResource.scala:22)
	at resource.ManagedResourceOperations.acquireAndGet(ManagedResourceOperations.scala:29)
	at resource.ManagedResourceOperations.acquireAndGet$(ManagedResourceOperations.scala:29)
	at resource.DeferredExtractableManagedResource.acquireAndGet(AbstractManagedResource.scala:22)
	at anorm.Sql$.$anonfun$asTry$1(Anorm.scala:263)
	at scala.util.Try$.apply(Try.scala:210)
	at anorm.Sql$.asTry(Anorm.scala:263)
	at anorm.WithResult.asTry(SqlResult.scala:215)
	at anorm.WithResult.asTry$(SqlResult.scala:213)
	at anorm.SimpleSql.asTry(SimpleSql.scala:6)
	at anorm.WithResult.as(SqlResult.scala:205)
	at anorm.WithResult.as$(SqlResult.scala:204)
	at anorm.SimpleSql.as(SimpleSql.scala:6)
	at com.digitalasset.canton.platform.store.backend.common.PackageStorageBackendTemplate.lfPackages(PackageStorageBackendTemplate.scala:54)
	at com.digitalasset.canton.platform.store.dao.JdbcLedgerDao.$anonfun$listLfPackages$1(JdbcLedgerDao.scala:311)
	at com.digitalasset.canton.platform.store.dao.DataSourceConnectionProvider$$anon$1.$anonfun$runSQL$1(HikariJdbcConnectionProvider.scala:80)
	at com.daml.metrics.api.opentelemetry.OpenTelemetryTimer.time(OpenTelemetryMetricsFactory.scala:180)
	at com.daml.metrics.Timed$.value(Timed.scala:18)
	at com.digitalasset.canton.platform.store.dao.DataSourceConnectionProvider$$anon$1.runSQL(HikariJdbcConnectionProvider.scala:80)
	at com.digitalasset.canton.platform.store.dao.DbDispatcherImpl.$anonfun$executeSql$2(DbDispatcher.scala:87)
	at scala.concurrent.Future$.$anonfun$apply$1(Future.scala:687)
	at scala.concurrent.impl.Promise$Transformation.run(Promise.scala:467)
	at com.daml.executors.QueueAwareExecutorService$TrackingRunnable.run(QueueAwareExecutorService.scala:98)
	at com.daml.metrics.InstrumentedExecutorServiceMetrics$InstrumentedExecutorService$InstrumentedRunnable.run(InstrumentedExecutorServiceMetrics.scala:202)
	at java.base/java.util.concurrent.ThreadPoolExecutor.runWorker(ThreadPoolExecutor.java:1136)
	at java.base/java.util.concurrent.ThreadPoolExecutor$Worker.run(ThreadPoolExecutor.java:635)
	at java.base/java.lang.Thread.run(Thread.java:840)
2026-01-20 15:07:58,557 [canton-env-ec-100] ERROR c.d.c.p.a.s.ApiPackageService:participant=sandbox tid:7ed97c5c698e21a6a4e15979bb5d4749 - Unhandled internal error
com.digitalasset.canton.ledger.error.IndexErrors$IndexDbException: INTERNAL: An error occurred. Please contact the operator and inquire about the request 7ed97c5c698e21a6a4e15979bb5d4749 with tid 7ed97c5c698e21a6a4e15979bb5d4749
2026-01-20 15:07:58,555 [canton-env-ec-80] ERROR c.d.c.p.a.s.ApiPackageService:participant=sandbox tid:b57e9bb78935afe452a8b950250cd1ef - Unhandled internal error
com.digitalasset.canton.ledger.error.IndexErrors$IndexDbException: INTERNAL: An error occurred. Please contact the operator and inquire about the request b57e9bb78935afe452a8b950250cd1ef with tid b57e9bb78935afe452a8b950250cd1ef
2026-01-20 15:07:58,569 [canton-env-ec-100] ERROR c.d.c.n.g.ApiRequestLogger:participant=sandbox tid:7ed97c5c698e21a6a4e15979bb5d4749 - Request c.d.l.a.v.PackageService/GetPackageStatus by /127.0.0.1:49267: failed with INTERNAL/An error occurred. Please contact the operator and inquire about the request 7ed97c5c698e21a6a4e15979bb5d4749 with tid 7ed97c5c698e21a6a4e15979bb5d4749
2026-01-20 15:07:58,568 [canton-env-ec-92] ERROR c.d.c.p.a.s.ApiPackageService:participant=sandbox tid:6f1f30bd7cfc0c77ea0210fe485d4e19 - Unhandled internal error
com.digitalasset.canton.ledger.error.IndexErrors$IndexDbException: INTERNAL: An error occurred. Please contact the operator and inquire about the request 6f1f30bd7cfc0c77ea0210fe485d4e19 with tid 6f1f30bd7cfc0c77ea0210fe485d4e19
2026-01-20 15:07:58,567 [canton-env-ec-22] ERROR c.d.c.p.a.s.ApiPackageService:participant=sandbox tid:fd3031239d07e791a5cd2fe1e20bc459 - Unhandled internal error
com.digitalasset.canton.ledger.error.IndexErrors$IndexDbException: INTERNAL: An error occurred. Please contact the operator and inquire about the request fd3031239d07e791a5cd2fe1e20bc459 with tid fd3031239d07e791a5cd2fe1e20bc459
2026-01-20 15:07:58,557 [canton-env-ec-29] INFO  c.d.c.n.g.ApiRequestLogger:participant=sandbox tid:77d6bbe6db0aab720c32756712194a36 - Request c.d.l.a.v.PackageService/GetPackageStatus by /127.0.0.1:49267: cancelled. Cancellations can be caused by timeouts, explicit cancellation by the client, network errors, etc.
2026-01-20 15:07:58,566 [canton-env-ec-93] ERROR c.d.c.p.a.s.ApiPackageService:participant=sandbox tid:77d6bbe6db0aab720c32756712194a36 - Unhandled internal error
com.digitalasset.canton.ledger.error.IndexErrors$IndexDbException: INTERNAL: An error occurred. Please contact the operator and inquire about the request 77d6bbe6db0aab720c32756712194a36 with tid 77d6bbe6db0aab720c32756712194a36
2026-01-20 15:07:58,557 [canton-env-ec-101] INFO  c.d.c.n.g.ApiRequestLogger:participant=sandbox tid:a8ba8baa3e9c9b3a561052a88e1c6d84 - Request c.d.l.a.v.PackageService/GetPackageStatus by /127.0.0.1:49267: cancelled. Cancellations can be caused by timeouts, explicit cancellation by the client, network errors, etc.
2026-01-20 15:07:58,566 [canton-env-ec-82] ERROR c.d.c.p.a.s.ApiPackageService:participant=sandbox tid:a8ba8baa3e9c9b3a561052a88e1c6d84 - Unhandled internal error
com.digitalasset.canton.ledger.error.IndexErrors$IndexDbException: INTERNAL: An error occurred. Please contact the operator and inquire about the request a8ba8baa3e9c9b3a561052a88e1c6d84 with tid a8ba8baa3e9c9b3a561052a88e1c6d84
2026-01-20 15:07:58,558 [canton-env-ec-22] INFO  c.d.c.n.g.ApiRequestLogger:participant=sandbox tid:ffef489ee5b850f9ebc784295d543b10 - Request c.d.l.a.v.PackageService/GetPackageStatus by /127.0.0.1:49267: cancelled. Cancellations can be caused by timeouts, explicit cancellation by the client, network errors, etc.
2026-01-20 15:07:58,565 [canton-env-ec-30] ERROR c.d.c.n.g.ApiRequestLogger:participant=sandbox tid:ffef489ee5b850f9ebc784295d543b10 - Request c.d.l.a.v.PackageService/GetPackageStatus by /127.0.0.1:49267: failed with INTERNAL/An error occurred. Please contact the operator and inquire about the request ffef489ee5b850f9ebc784295d543b10 with tid ffef489ee5b850f9ebc784295d543b10
2026-01-20 15:07:58,558 [canton-env-ec-81] INFO  c.d.c.n.g.ApiRequestLogger:participant=sandbox tid:8bd5677a7c93b63579e400c498e6a200 - Request c.d.l.a.v.PackageService/GetPackageStatus by /127.0.0.1:49267: cancelled. Cancellations can be caused by timeouts, explicit cancellation by the client, network errors, etc.
2026-01-20 15:07:58,564 [canton-env-ec-85] ERROR c.d.c.n.g.ApiRequestLogger:participant=sandbox tid:8bd5677a7c93b63579e400c498e6a200 - Request c.d.l.a.v.PackageService/GetPackageStatus by /127.0.0.1:49267: failed with INTERNAL/An error occurred. Please contact the operator and inquire about the request 8bd5677a7c93b63579e400c498e6a200 with tid 8bd5677a7c93b63579e400c498e6a200
2026-01-20 15:07:58,558 [canton-env-ec-31] INFO  c.d.c.n.g.ApiRequestLogger:participant=sandbox tid:3d35086c8c7c9120f54c68ba271f1ff7 - Request c.d.l.a.v.PackageService/GetPackageStatus by /127.0.0.1:49267: cancelled. Cancellations can be caused by timeouts, explicit cancellation by the client, network errors, etc.
2026-01-20 15:07:58,564 [canton-env-ec-88] ERROR c.d.c.p.a.s.ApiPackageService:participant=sandbox tid:3d35086c8c7c9120f54c68ba271f1ff7 - Unhandled internal error
com.digitalasset.canton.ledger.error.IndexErrors$IndexDbException: INTERNAL: An error occurred. Please contact the operator and inquire about the request 3d35086c8c7c9120f54c68ba271f1ff7 with tid 3d35086c8c7c9120f54c68ba271f1ff7
2026-01-20 15:07:58,469 [daml.index.db.threadpool.connection.api-server-0] DEBUG c.d.c.n.g.ApiRequestLogger:participant=sandbox tid:7d8a53136a2a1b355866d5c8875dc325 - Request c.d.l.a.v.PackageService/GetPackageStatus by /127.0.0.1:49267: received a message 
  Request tid:7d8a53136a2a1b355866d5c8875dc325
2026-01-20 15:07:58,476 [canton-env-ec-22] INFO  c.d.c.p.a.s.ApiPackageService:participant=sandbox tid:7d8a53136a2a1b355866d5c8875dc325 - Received request for a package status: GetPackageStatusRequest(sandbox,40f452260bef3f29dede136108fc08a88d5a5250310281067087da6f0baddff7), packageId -> '40f452260bef3f29dede136108fc08a88d5a5250310281067087da6f0baddff7'.
2026-01-20 15:07:58,558 [canton-env-ec-90] INFO  c.d.c.n.g.ApiRequestLogger:participant=sandbox tid:7d8a53136a2a1b355866d5c8875dc325 - Request c.d.l.a.v.PackageService/GetPackageStatus by /127.0.0.1:49267: cancelled. Cancellations can be caused by timeouts, explicit cancellation by the client, network errors, etc.
2026-01-20 15:07:58,563 [daml.index.db.threadpool.connection.api-server-0] ERROR c.d.c.p.s.d.DbDispatcherImpl:participant=sandbox tid:7d8a53136a2a1b355866d5c8875dc325 - INDEX_DB_SQL_NON_TRANSIENT_ERROR(4,7d8a5313): Processing the request failed due to a non-transient database error: Table "PACKAGES" not found (this database is empty); SQL statement:

      select packages.package_id, packages.source_description, packages.known_since, packages.package_size
      from packages
      where packages.ledger_offset <= ?
     [42104-210] err-context:{location=DatabaseSelfServiceError.scala:53} 
org.h2.jdbc.JdbcSQLSyntaxErrorException: Table "PACKAGES" not found (this database is empty); SQL statement:

      select packages.package_id, packages.source_description, packages.known_since, packages.package_size
      from packages
      where packages.ledger_offset <= ?
     [42104-210]
	at org.h2.message.DbException.getJdbcSQLException(DbException.java:521)
	at org.h2.message.DbException.getJdbcSQLException(DbException.java:496)
	at org.h2.message.DbException.get(DbException.java:227)
	at org.h2.message.DbException.get(DbException.java:203)
	at org.h2.command.Parser.getTableOrViewNotFoundDbException(Parser.java:8397)
	at org.h2.command.Parser.getTableOrViewNotFoundDbException(Parser.java:8381)
	at org.h2.command.Parser.readTableOrView(Parser.java:8370)
	at org.h2.command.Parser.readTablePrimary(Parser.java:1866)
	at org.h2.command.Parser.readTableReference(Parser.java:2342)
	at org.h2.command.Parser.parseSelectFromPart(Parser.java:2793)
	at org.h2.command.Parser.parseSelect(Parser.java:2900)
	at org.h2.command.Parser.parseQueryPrimary(Parser.java:2783)
	at org.h2.command.Parser.parseQueryTerm(Parser.java:2650)
	at org.h2.command.Parser.parseQueryExpressionBody(Parser.java:2629)
	at org.h2.command.Parser.parseQueryExpressionBodyAndEndOfQuery(Parser.java:2622)
	at org.h2.command.Parser.parseQueryExpression(Parser.java:2615)
	at org.h2.command.Parser.parseQuery(Parser.java:2576)
	at org.h2.command.Parser.parsePrepared(Parser.java:707)
	at org.h2.command.Parser.parse(Parser.java:674)
	at org.h2.command.Parser.parse(Parser.java:644)
	at org.h2.command.Parser.prepareCommand(Parser.java:551)
	at org.h2.engine.SessionLocal.prepareLocal(SessionLocal.java:615)
	at org.h2.engine.SessionLocal.prepareCommand(SessionLocal.java:553)
	at org.h2.jdbc.JdbcConnection.prepareCommand(JdbcConnection.java:1116)
	at org.h2.jdbc.JdbcPreparedStatement.<init>(JdbcPreparedStatement.java:92)
	at org.h2.jdbc.JdbcConnection.prepareStatement(JdbcConnection.java:288)
	at com.zaxxer.hikari.pool.ProxyConnection.prepareStatement(ProxyConnection.java:311)
	at com.zaxxer.hikari.pool.HikariProxyConnection.prepareStatement(HikariProxyConnection.java)
	at anorm.SimpleSql.$anonfun$prepareNoGeneratedKeys$1(SimpleSql.scala:55)
	at anorm.SimpleSql.unsafeStatement(SimpleSql.scala:85)
	at anorm.SimpleSql.unsafeStatement(SimpleSql.scala:68)
	at anorm.Sql.$anonfun$preparedStatement$1(Anorm.scala:77)
	at resource.DefaultManagedResource.open(AbstractManagedResource.scala:107)
	at resource.AbstractManagedResource.acquireFor(AbstractManagedResource.scala:84)
	at resource.ManagedResourceOperations$$anon$1.acquireFor(ManagedResourceOperations.scala:47)
	at resource.DeferredExtractableManagedResource.acquireFor(AbstractManagedResource.scala:25)
	at resource.ManagedResourceOperations.apply(ManagedResourceOperations.scala:31)
	at resource.ManagedResourceOperations.apply$(ManagedResourceOperations.scala:31)
	at resource.DeferredExtractableManagedResource.apply(AbstractManagedResource.scala:22)
	at resource.ManagedResourceOperations.acquireAndGet(ManagedResourceOperations.scala:29)
	at resource.ManagedResourceOperations.acquireAndGet$(ManagedResourceOperations.scala:29)
	at resource.DeferredExtractableManagedResource.acquireAndGet(AbstractManagedResource.scala:22)
	at anorm.Sql$.$anonfun$asTry$1(Anorm.scala:263)
	at scala.util.Try$.apply(Try.scala:210)
	at anorm.Sql$.asTry(Anorm.scala:263)
	at anorm.WithResult.asTry(SqlResult.scala:215)
	at anorm.WithResult.asTry$(SqlResult.scala:213)
	at anorm.SimpleSql.asTry(SimpleSql.scala:6)
	at anorm.WithResult.as(SqlResult.scala:205)
	at anorm.WithResult.as$(SqlResult.scala:204)
	at anorm.SimpleSql.as(SimpleSql.scala:6)
	at com.digitalasset.canton.platform.store.backend.common.PackageStorageBackendTemplate.lfPackages(PackageStorageBackendTemplate.scala:54)
	at com.digitalasset.canton.platform.store.dao.JdbcLedgerDao.$anonfun$listLfPackages$1(JdbcLedgerDao.scala:311)
	at com.digitalasset.canton.platform.store.dao.DataSourceConnectionProvider$$anon$1.$anonfun$runSQL$1(HikariJdbcConnectionProvider.scala:80)
	at com.daml.metrics.api.opentelemetry.OpenTelemetryTimer.time(OpenTelemetryMetricsFactory.scala:180)
	at com.daml.metrics.Timed$.value(Timed.scala:18)
	at com.digitalasset.canton.platform.store.dao.DataSourceConnectionProvider$$anon$1.runSQL(HikariJdbcConnectionProvider.scala:80)
	at com.digitalasset.canton.platform.store.dao.DbDispatcherImpl.$anonfun$executeSql$2(DbDispatcher.scala:87)
	at scala.concurrent.Future$.$anonfun$apply$1(Future.scala:687)
	at scala.concurrent.impl.Promise$Transformation.run(Promise.scala:467)
	at com.daml.executors.QueueAwareExecutorService$TrackingRunnable.run(QueueAwareExecutorService.scala:98)
	at com.daml.metrics.InstrumentedExecutorServiceMetrics$InstrumentedExecutorService$InstrumentedRunnable.run(InstrumentedExecutorServiceMetrics.scala:202)
	at java.base/java.util.concurrent.ThreadPoolExecutor.runWorker(ThreadPoolExecutor.java:1136)
	at java.base/java.util.concurrent.ThreadPoolExecutor$Worker.run(ThreadPoolExecutor.java:635)
	at java.base/java.lang.Thread.run(Thread.java:840)
2026-01-20 15:07:58,567 [canton-env-ec-99] INFO  c.d.c.n.g.ApiRequestLogger:participant=sandbox tid:85c9f2f8c2625cd5d478e59288591857 - Request c.d.l.a.v.PackageService/GetPackageStatus by /127.0.0.1:49267: cancelled. Cancellations can be caused by timeouts, explicit cancellation by the client, network errors, etc.
2026-01-20 15:07:58,563 [canton-env-ec-79] ERROR c.d.c.p.a.s.ApiPackageService:participant=sandbox tid:85c9f2f8c2625cd5d478e59288591857 - Unhandled internal error
com.digitalasset.canton.ledger.error.IndexErrors$IndexDbException: INTERNAL: An error occurred. Please contact the operator and inquire about the request 85c9f2f8c2625cd5d478e59288591857 with tid 85c9f2f8c2625cd5d478e59288591857
2026-01-20 15:07:58,570 [canton-env-ec-88] ERROR c.d.c.n.g.ApiRequestLogger:participant=sandbox tid:3d35086c8c7c9120f54c68ba271f1ff7 - Request c.d.l.a.v.PackageService/GetPackageStatus by /127.0.0.1:49267: failed with INTERNAL/An error occurred. Please contact the operator and inquire about the request 3d35086c8c7c9120f54c68ba271f1ff7 with tid 3d35086c8c7c9120f54c68ba271f1ff7
2026-01-20 15:07:58,570 [canton-env-ec-82] ERROR c.d.c.n.g.ApiRequestLogger:participant=sandbox tid:a8ba8baa3e9c9b3a561052a88e1c6d84 - Request c.d.l.a.v.PackageService/GetPackageStatus by /127.0.0.1:49267: failed with INTERNAL/An error occurred. Please contact the operator and inquire about the request a8ba8baa3e9c9b3a561052a88e1c6d84 with tid a8ba8baa3e9c9b3a561052a88e1c6d84
2026-01-20 15:07:58,570 [canton-env-ec-93] ERROR c.d.c.n.g.ApiRequestLogger:participant=sandbox tid:77d6bbe6db0aab720c32756712194a36 - Request c.d.l.a.v.PackageService/GetPackageStatus by /127.0.0.1:49267: failed with INTERNAL/An error occurred. Please contact the operator and inquire about the request 77d6bbe6db0aab720c32756712194a36 with tid 77d6bbe6db0aab720c32756712194a36
2026-01-20 15:07:58,564 [canton-env-ec-28] INFO  c.d.c.n.g.ApiRequestLogger:participant=sandbox tid:fd3031239d07e791a5cd2fe1e20bc459 - Request c.d.l.a.v.PackageService/GetPackageStatus by /127.0.0.1:49267: cancelled. Cancellations can be caused by timeouts, explicit cancellation by the client, network errors, etc.
2026-01-20 15:07:58,570 [canton-env-ec-22] ERROR c.d.c.n.g.ApiRequestLogger:participant=sandbox tid:fd3031239d07e791a5cd2fe1e20bc459 - Request c.d.l.a.v.PackageService/GetPackageStatus by /127.0.0.1:49267: failed with INTERNAL/An error occurred. Please contact the operator and inquire about the request fd3031239d07e791a5cd2fe1e20bc459 with tid fd3031239d07e791a5cd2fe1e20bc459
2026-01-20 15:07:58,569 [canton-env-ec-92] ERROR c.d.c.n.g.ApiRequestLogger:participant=sandbox tid:6f1f30bd7cfc0c77ea0210fe485d4e19 - Request c.d.l.a.v.PackageService/GetPackageStatus by /127.0.0.1:49267: failed with INTERNAL/An error occurred. Please contact the operator and inquire about the request 6f1f30bd7cfc0c77ea0210fe485d4e19 with tid 6f1f30bd7cfc0c77ea0210fe485d4e19
2026-01-20 15:07:58,567 [canton-env-ec-95] INFO  c.d.c.n.g.ApiRequestLogger:participant=sandbox tid:b57e9bb78935afe452a8b950250cd1ef - Request c.d.l.a.v.PackageService/GetPackageStatus by /127.0.0.1:49267: cancelled. Cancellations can be caused by timeouts, explicit cancellation by the client, network errors, etc.
2026-01-20 15:07:58,569 [canton-env-ec-80] ERROR c.d.c.n.g.ApiRequestLogger:participant=sandbox tid:b57e9bb78935afe452a8b950250cd1ef - Request c.d.l.a.v.PackageService/GetPackageStatus by /127.0.0.1:49267: failed with INTERNAL/An error occurred. Please contact the operator and inquire about the request b57e9bb78935afe452a8b950250cd1ef with tid b57e9bb78935afe452a8b950250cd1ef
2026-01-20 15:07:58,571 [canton-env-ec-84] ERROR c.d.c.p.a.s.ApiPackageService:participant=sandbox tid:7d8a53136a2a1b355866d5c8875dc325 - Unhandled internal error
com.digitalasset.canton.ledger.error.IndexErrors$IndexDbException: INTERNAL: An error occurred. Please contact the operator and inquire about the request 7d8a53136a2a1b355866d5c8875dc325 with tid 7d8a53136a2a1b355866d5c8875dc325
2026-01-20 15:07:58,571 [canton-env-ec-79] ERROR c.d.c.n.g.ApiRequestLogger:participant=sandbox tid:85c9f2f8c2625cd5d478e59288591857 - Request c.d.l.a.v.PackageService/GetPackageStatus by /127.0.0.1:49267: failed with INTERNAL/An error occurred. Please contact the operator and inquire about the request 85c9f2f8c2625cd5d478e59288591857 with tid 85c9f2f8c2625cd5d478e59288591857
2026-01-20 15:07:58,572 [canton-env-ec-84] ERROR c.d.c.n.g.ApiRequestLogger:participant=sandbox tid:7d8a53136a2a1b355866d5c8875dc325 - Request c.d.l.a.v.PackageService/GetPackageStatus by /127.0.0.1:49267: failed with INTERNAL/An error occurred. Please contact the operator and inquire about the request 7d8a53136a2a1b355866d5c8875dc325 with tid 7d8a53136a2a1b355866d5c8875dc325
2026-01-20 15:11:14,148 [daml.index.db.threadpool.connection.api-server-3] DEBUG c.d.c.n.g.ApiRequestLogger:participant=sandbox tid:fe4587ee1385717368c04c34150aa9c7 - Request c.d.l.a.v.PackageService/GetPackageStatus by /127.0.0.1:49741: received a message 
  Request tid:fe4587ee1385717368c04c34150aa9c7
2026-01-20 15:11:14,150 [canton-env-ec-21] INFO  c.d.c.p.a.s.ApiPackageService:participant=sandbox tid:fe4587ee1385717368c04c34150aa9c7 - Received request for a package status: GetPackageStatusRequest(sandbox,cc348d369011362a5190fe96dd1f0dfbc697fdfd10e382b9e9666f0da05961b7), packageId -> 'cc348d369011362a5190fe96dd1f0dfbc697fdfd10e382b9e9666f0da05961b7'.
2026-01-20 15:11:14,158 [daml.index.db.threadpool.connection.api-server-3] ERROR c.d.c.p.s.d.DbDispatcherImpl:participant=sandbox tid:fe4587ee1385717368c04c34150aa9c7 - INDEX_DB_SQL_NON_TRANSIENT_ERROR(4,fe4587ee): Processing the request failed due to a non-transient database error: Table "PACKAGES" not found (this database is empty); SQL statement:

      select packages.package_id, packages.source_description, packages.known_since, packages.package_size
      from packages
      where packages.ledger_offset <= ?
     [42104-210] err-context:{location=DatabaseSelfServiceError.scala:53} 
org.h2.jdbc.JdbcSQLSyntaxErrorException: Table "PACKAGES" not found (this database is empty); SQL statement:

      select packages.package_id, packages.source_description, packages.known_since, packages.package_size
      from packages
      where packages.ledger_offset <= ?
     [42104-210]
	at org.h2.message.DbException.getJdbcSQLException(DbException.java:521)
	at org.h2.message.DbException.getJdbcSQLException(DbException.java:496)
	at org.h2.message.DbException.get(DbException.java:227)
	at org.h2.message.DbException.get(DbException.java:203)
	at org.h2.command.Parser.getTableOrViewNotFoundDbException(Parser.java:8397)
	at org.h2.command.Parser.getTableOrViewNotFoundDbException(Parser.java:8381)
	at org.h2.command.Parser.readTableOrView(Parser.java:8370)
	at org.h2.command.Parser.readTablePrimary(Parser.java:1866)
	at org.h2.command.Parser.readTableReference(Parser.java:2342)
	at org.h2.command.Parser.parseSelectFromPart(Parser.java:2793)
	at org.h2.command.Parser.parseSelect(Parser.java:2900)
	at org.h2.command.Parser.parseQueryPrimary(Parser.java:2783)
	at org.h2.command.Parser.parseQueryTerm(Parser.java:2650)
	at org.h2.command.Parser.parseQueryExpressionBody(Parser.java:2629)
	at org.h2.command.Parser.parseQueryExpressionBodyAndEndOfQuery(Parser.java:2622)
	at org.h2.command.Parser.parseQueryExpression(Parser.java:2615)
	at org.h2.command.Parser.parseQuery(Parser.java:2576)
	at org.h2.command.Parser.parsePrepared(Parser.java:707)
	at org.h2.command.Parser.parse(Parser.java:674)
	at org.h2.command.Parser.parse(Parser.java:644)
	at org.h2.command.Parser.prepareCommand(Parser.java:551)
	at org.h2.engine.SessionLocal.prepareLocal(SessionLocal.java:615)
	at org.h2.engine.SessionLocal.prepareCommand(SessionLocal.java:553)
	at org.h2.jdbc.JdbcConnection.prepareCommand(JdbcConnection.java:1116)
	at org.h2.jdbc.JdbcPreparedStatement.<init>(JdbcPreparedStatement.java:92)
	at org.h2.jdbc.JdbcConnection.prepareStatement(JdbcConnection.java:288)
	at com.zaxxer.hikari.pool.ProxyConnection.prepareStatement(ProxyConnection.java:311)
	at com.zaxxer.hikari.pool.HikariProxyConnection.prepareStatement(HikariProxyConnection.java)
	at anorm.SimpleSql.$anonfun$prepareNoGeneratedKeys$1(SimpleSql.scala:55)
	at anorm.SimpleSql.unsafeStatement(SimpleSql.scala:85)
	at anorm.SimpleSql.unsafeStatement(SimpleSql.scala:68)
	at anorm.Sql.$anonfun$preparedStatement$1(Anorm.scala:77)
	at resource.DefaultManagedResource.open(AbstractManagedResource.scala:107)
	at resource.AbstractManagedResource.acquireFor(AbstractManagedResource.scala:84)
	at resource.ManagedResourceOperations$$anon$1.acquireFor(ManagedResourceOperations.scala:47)
	at resource.DeferredExtractableManagedResource.acquireFor(AbstractManagedResource.scala:25)
	at resource.ManagedResourceOperations.apply(ManagedResourceOperations.scala:31)
	at resource.ManagedResourceOperations.apply$(ManagedResourceOperations.scala:31)
	at resource.DeferredExtractableManagedResource.apply(AbstractManagedResource.scala:22)
	at resource.ManagedResourceOperations.acquireAndGet(ManagedResourceOperations.scala:29)
	at resource.ManagedResourceOperations.acquireAndGet$(ManagedResourceOperations.scala:29)
	at resource.DeferredExtractableManagedResource.acquireAndGet(AbstractManagedResource.scala:22)
	at anorm.Sql$.$anonfun$asTry$1(Anorm.scala:263)
	at scala.util.Try$.apply(Try.scala:210)
	at anorm.Sql$.asTry(Anorm.scala:263)
	at anorm.WithResult.asTry(SqlResult.scala:215)
	at anorm.WithResult.asTry$(SqlResult.scala:213)
	at anorm.SimpleSql.asTry(SimpleSql.scala:6)
	at anorm.WithResult.as(SqlResult.scala:205)
	at anorm.WithResult.as$(SqlResult.scala:204)
	at anorm.SimpleSql.as(SimpleSql.scala:6)
	at com.digitalasset.canton.platform.store.backend.common.PackageStorageBackendTemplate.lfPackages(PackageStorageBackendTemplate.scala:54)
	at com.digitalasset.canton.platform.store.dao.JdbcLedgerDao.$anonfun$listLfPackages$1(JdbcLedgerDao.scala:311)
	at com.digitalasset.canton.platform.store.dao.DataSourceConnectionProvider$$anon$1.$anonfun$runSQL$1(HikariJdbcConnectionProvider.scala:80)
	at com.daml.metrics.api.opentelemetry.OpenTelemetryTimer.time(OpenTelemetryMetricsFactory.scala:180)
	at com.daml.metrics.Timed$.value(Timed.scala:18)
	at com.digitalasset.canton.platform.store.dao.DataSourceConnectionProvider$$anon$1.runSQL(HikariJdbcConnectionProvider.scala:80)
	at com.digitalasset.canton.platform.store.dao.DbDispatcherImpl.$anonfun$executeSql$2(DbDispatcher.scala:87)
	at scala.concurrent.Future$.$anonfun$apply$1(Future.scala:687)
	at scala.concurrent.impl.Promise$Transformation.run(Promise.scala:467)
	at com.daml.executors.QueueAwareExecutorService$TrackingRunnable.run(QueueAwareExecutorService.scala:98)
	at com.daml.metrics.InstrumentedExecutorServiceMetrics$InstrumentedExecutorService$InstrumentedRunnable.run(InstrumentedExecutorServiceMetrics.scala:202)
	at java.base/java.util.concurrent.ThreadPoolExecutor.runWorker(ThreadPoolExecutor.java:1136)
	at java.base/java.util.concurrent.ThreadPoolExecutor$Worker.run(ThreadPoolExecutor.java:635)
	at java.base/java.lang.Thread.run(Thread.java:840)
2026-01-20 15:11:14,148 [daml.index.db.threadpool.connection.api-server-2] DEBUG c.d.c.n.g.ApiRequestLogger:participant=sandbox tid:ebd9d2c2bab3ad596ddca4701274eb37 - Request c.d.l.a.v.PackageService/GetPackageStatus by /127.0.0.1:49741: received a message 
  Request tid:ebd9d2c2bab3ad596ddca4701274eb37
2026-01-20 15:11:14,150 [canton-env-ec-26] INFO  c.d.c.p.a.s.ApiPackageService:participant=sandbox tid:ebd9d2c2bab3ad596ddca4701274eb37 - Received request for a package status: GetPackageStatusRequest(sandbox,5921708ce82f4255deb1b26d2c05358b548720938a5a325718dc69f381ba47ff), packageId -> '5921708ce82f4255deb1b26d2c05358b548720938a5a325718dc69f381ba47ff'.
2026-01-20 15:11:14,158 [daml.index.db.threadpool.connection.api-server-2] ERROR c.d.c.p.s.d.DbDispatcherImpl:participant=sandbox tid:ebd9d2c2bab3ad596ddca4701274eb37 - INDEX_DB_SQL_NON_TRANSIENT_ERROR(4,ebd9d2c2): Processing the request failed due to a non-transient database error: Table "PACKAGES" not found (this database is empty); SQL statement:

      select packages.package_id, packages.source_description, packages.known_since, packages.package_size
      from packages
      where packages.ledger_offset <= ?
     [42104-210] err-context:{location=DatabaseSelfServiceError.scala:53} 
org.h2.jdbc.JdbcSQLSyntaxErrorException: Table "PACKAGES" not found (this database is empty); SQL statement:

      select packages.package_id, packages.source_description, packages.known_since, packages.package_size
      from packages
      where packages.ledger_offset <= ?
     [42104-210]
	at org.h2.message.DbException.getJdbcSQLException(DbException.java:521)
	at org.h2.message.DbException.getJdbcSQLException(DbException.java:496)
	at org.h2.message.DbException.get(DbException.java:227)
	at org.h2.message.DbException.get(DbException.java:203)
	at org.h2.command.Parser.getTableOrViewNotFoundDbException(Parser.java:8397)
	at org.h2.command.Parser.getTableOrViewNotFoundDbException(Parser.java:8381)
	at org.h2.command.Parser.readTableOrView(Parser.java:8370)
	at org.h2.command.Parser.readTablePrimary(Parser.java:1866)
	at org.h2.command.Parser.readTableReference(Parser.java:2342)
	at org.h2.command.Parser.parseSelectFromPart(Parser.java:2793)
	at org.h2.command.Parser.parseSelect(Parser.java:2900)
	at org.h2.command.Parser.parseQueryPrimary(Parser.java:2783)
	at org.h2.command.Parser.parseQueryTerm(Parser.java:2650)
	at org.h2.command.Parser.parseQueryExpressionBody(Parser.java:2629)
	at org.h2.command.Parser.parseQueryExpressionBodyAndEndOfQuery(Parser.java:2622)
	at org.h2.command.Parser.parseQueryExpression(Parser.java:2615)
	at org.h2.command.Parser.parseQuery(Parser.java:2576)
	at org.h2.command.Parser.parsePrepared(Parser.java:707)
	at org.h2.command.Parser.parse(Parser.java:674)
	at org.h2.command.Parser.parse(Parser.java:644)
	at org.h2.command.Parser.prepareCommand(Parser.java:551)
	at org.h2.engine.SessionLocal.prepareLocal(SessionLocal.java:615)
	at org.h2.engine.SessionLocal.prepareCommand(SessionLocal.java:553)
	at org.h2.jdbc.JdbcConnection.prepareCommand(JdbcConnection.java:1116)
	at org.h2.jdbc.JdbcPreparedStatement.<init>(JdbcPreparedStatement.java:92)
	at org.h2.jdbc.JdbcConnection.prepareStatement(JdbcConnection.java:288)
	at com.zaxxer.hikari.pool.ProxyConnection.prepareStatement(ProxyConnection.java:311)
	at com.zaxxer.hikari.pool.HikariProxyConnection.prepareStatement(HikariProxyConnection.java)
	at anorm.SimpleSql.$anonfun$prepareNoGeneratedKeys$1(SimpleSql.scala:55)
	at anorm.SimpleSql.unsafeStatement(SimpleSql.scala:85)
	at anorm.SimpleSql.unsafeStatement(SimpleSql.scala:68)
	at anorm.Sql.$anonfun$preparedStatement$1(Anorm.scala:77)
	at resource.DefaultManagedResource.open(AbstractManagedResource.scala:107)
	at resource.AbstractManagedResource.acquireFor(AbstractManagedResource.scala:84)
	at resource.ManagedResourceOperations$$anon$1.acquireFor(ManagedResourceOperations.scala:47)
	at resource.DeferredExtractableManagedResource.acquireFor(AbstractManagedResource.scala:25)
	at resource.ManagedResourceOperations.apply(ManagedResourceOperations.scala:31)
	at resource.ManagedResourceOperations.apply$(ManagedResourceOperations.scala:31)
	at resource.DeferredExtractableManagedResource.apply(AbstractManagedResource.scala:22)
	at resource.ManagedResourceOperations.acquireAndGet(ManagedResourceOperations.scala:29)
	at resource.ManagedResourceOperations.acquireAndGet$(ManagedResourceOperations.scala:29)
	at resource.DeferredExtractableManagedResource.acquireAndGet(AbstractManagedResource.scala:22)
	at anorm.Sql$.$anonfun$asTry$1(Anorm.scala:263)
	at scala.util.Try$.apply(Try.scala:210)
	at anorm.Sql$.asTry(Anorm.scala:263)
	at anorm.WithResult.asTry(SqlResult.scala:215)
	at anorm.WithResult.asTry$(SqlResult.scala:213)
	at anorm.SimpleSql.asTry(SimpleSql.scala:6)
	at anorm.WithResult.as(SqlResult.scala:205)
	at anorm.WithResult.as$(SqlResult.scala:204)
	at anorm.SimpleSql.as(SimpleSql.scala:6)
	at com.digitalasset.canton.platform.store.backend.common.PackageStorageBackendTemplate.lfPackages(PackageStorageBackendTemplate.scala:54)
	at com.digitalasset.canton.platform.store.dao.JdbcLedgerDao.$anonfun$listLfPackages$1(JdbcLedgerDao.scala:311)
	at com.digitalasset.canton.platform.store.dao.DataSourceConnectionProvider$$anon$1.$anonfun$runSQL$1(HikariJdbcConnectionProvider.scala:80)
	at com.daml.metrics.api.opentelemetry.OpenTelemetryTimer.time(OpenTelemetryMetricsFactory.scala:180)
	at com.daml.metrics.Timed$.value(Timed.scala:18)
	at com.digitalasset.canton.platform.store.dao.DataSourceConnectionProvider$$anon$1.runSQL(HikariJdbcConnectionProvider.scala:80)
	at com.digitalasset.canton.platform.store.dao.DbDispatcherImpl.$anonfun$executeSql$2(DbDispatcher.scala:87)
	at scala.concurrent.Future$.$anonfun$apply$1(Future.scala:687)
	at scala.concurrent.impl.Promise$Transformation.run(Promise.scala:467)
	at com.daml.executors.QueueAwareExecutorService$TrackingRunnable.run(QueueAwareExecutorService.scala:98)
	at com.daml.metrics.InstrumentedExecutorServiceMetrics$InstrumentedExecutorService$InstrumentedRunnable.run(InstrumentedExecutorServiceMetrics.scala:202)
	at java.base/java.util.concurrent.ThreadPoolExecutor.runWorker(ThreadPoolExecutor.java:1136)
	at java.base/java.util.concurrent.ThreadPoolExecutor$Worker.run(ThreadPoolExecutor.java:635)
	at java.base/java.lang.Thread.run(Thread.java:840)
2026-01-20 15:11:14,151 [daml.index.db.threadpool.connection.api-server-4] DEBUG c.d.c.n.g.ApiRequestLogger:participant=sandbox tid:a254898fd97a05803881cd6d36944a35 - Request c.d.l.a.v.PackageService/GetPackageStatus by /127.0.0.1:49741: received a message 
  Request tid:a254898fd97a05803881cd6d36944a35
2026-01-20 15:11:14,151 [canton-env-ec-29] INFO  c.d.c.p.a.s.ApiPackageService:participant=sandbox tid:a254898fd97a05803881cd6d36944a35 - Received request for a package status: GetPackageStatusRequest(sandbox,e22bce619ae24ca3b8e6519281cb5a33b64b3190cc763248b4c3f9ad5087a92c), packageId -> 'e22bce619ae24ca3b8e6519281cb5a33b64b3190cc763248b4c3f9ad5087a92c'.
2026-01-20 15:11:14,158 [daml.index.db.threadpool.connection.api-server-4] ERROR c.d.c.p.s.d.DbDispatcherImpl:participant=sandbox tid:a254898fd97a05803881cd6d36944a35 - INDEX_DB_SQL_NON_TRANSIENT_ERROR(4,a254898f): Processing the request failed due to a non-transient database error: Table "PACKAGES" not found (this database is empty); SQL statement:

      select packages.package_id, packages.source_description, packages.known_since, packages.package_size
      from packages
      where packages.ledger_offset <= ?
     [42104-210] err-context:{location=DatabaseSelfServiceError.scala:53} 
org.h2.jdbc.JdbcSQLSyntaxErrorException: Table "PACKAGES" not found (this database is empty); SQL statement:

      select packages.package_id, packages.source_description, packages.known_since, packages.package_size
      from packages
      where packages.ledger_offset <= ?
     [42104-210]
	at org.h2.message.DbException.getJdbcSQLException(DbException.java:521)
	at org.h2.message.DbException.getJdbcSQLException(DbException.java:496)
	at org.h2.message.DbException.get(DbException.java:227)
	at org.h2.message.DbException.get(DbException.java:203)
	at org.h2.command.Parser.getTableOrViewNotFoundDbException(Parser.java:8397)
	at org.h2.command.Parser.getTableOrViewNotFoundDbException(Parser.java:8381)
	at org.h2.command.Parser.readTableOrView(Parser.java:8370)
	at org.h2.command.Parser.readTablePrimary(Parser.java:1866)
	at org.h2.command.Parser.readTableReference(Parser.java:2342)
	at org.h2.command.Parser.parseSelectFromPart(Parser.java:2793)
	at org.h2.command.Parser.parseSelect(Parser.java:2900)
	at org.h2.command.Parser.parseQueryPrimary(Parser.java:2783)
	at org.h2.command.Parser.parseQueryTerm(Parser.java:2650)
	at org.h2.command.Parser.parseQueryExpressionBody(Parser.java:2629)
	at org.h2.command.Parser.parseQueryExpressionBodyAndEndOfQuery(Parser.java:2622)
	at org.h2.command.Parser.parseQueryExpression(Parser.java:2615)
	at org.h2.command.Parser.parseQuery(Parser.java:2576)
	at org.h2.command.Parser.parsePrepared(Parser.java:707)
	at org.h2.command.Parser.parse(Parser.java:674)
	at org.h2.command.Parser.parse(Parser.java:644)
	at org.h2.command.Parser.prepareCommand(Parser.java:551)
	at org.h2.engine.SessionLocal.prepareLocal(SessionLocal.java:615)
	at org.h2.engine.SessionLocal.prepareCommand(SessionLocal.java:553)
	at org.h2.jdbc.JdbcConnection.prepareCommand(JdbcConnection.java:1116)
	at org.h2.jdbc.JdbcPreparedStatement.<init>(JdbcPreparedStatement.java:92)
	at org.h2.jdbc.JdbcConnection.prepareStatement(JdbcConnection.java:288)
	at com.zaxxer.hikari.pool.ProxyConnection.prepareStatement(ProxyConnection.java:311)
	at com.zaxxer.hikari.pool.HikariProxyConnection.prepareStatement(HikariProxyConnection.java)
	at anorm.SimpleSql.$anonfun$prepareNoGeneratedKeys$1(SimpleSql.scala:55)
	at anorm.SimpleSql.unsafeStatement(SimpleSql.scala:85)
	at anorm.SimpleSql.unsafeStatement(SimpleSql.scala:68)
	at anorm.Sql.$anonfun$preparedStatement$1(Anorm.scala:77)
	at resource.DefaultManagedResource.open(AbstractManagedResource.scala:107)
	at resource.AbstractManagedResource.acquireFor(AbstractManagedResource.scala:84)
	at resource.ManagedResourceOperations$$anon$1.acquireFor(ManagedResourceOperations.scala:47)
	at resource.DeferredExtractableManagedResource.acquireFor(AbstractManagedResource.scala:25)
	at resource.ManagedResourceOperations.apply(ManagedResourceOperations.scala:31)
	at resource.ManagedResourceOperations.apply$(ManagedResourceOperations.scala:31)
	at resource.DeferredExtractableManagedResource.apply(AbstractManagedResource.scala:22)
	at resource.ManagedResourceOperations.acquireAndGet(ManagedResourceOperations.scala:29)
	at resource.ManagedResourceOperations.acquireAndGet$(ManagedResourceOperations.scala:29)
	at resource.DeferredExtractableManagedResource.acquireAndGet(AbstractManagedResource.scala:22)
	at anorm.Sql$.$anonfun$asTry$1(Anorm.scala:263)
	at scala.util.Try$.apply(Try.scala:210)
	at anorm.Sql$.asTry(Anorm.scala:263)
	at anorm.WithResult.asTry(SqlResult.scala:215)
	at anorm.WithResult.asTry$(SqlResult.scala:213)
	at anorm.SimpleSql.asTry(SimpleSql.scala:6)
	at anorm.WithResult.as(SqlResult.scala:205)
	at anorm.WithResult.as$(SqlResult.scala:204)
	at anorm.SimpleSql.as(SimpleSql.scala:6)
	at com.digitalasset.canton.platform.store.backend.common.PackageStorageBackendTemplate.lfPackages(PackageStorageBackendTemplate.scala:54)
	at com.digitalasset.canton.platform.store.dao.JdbcLedgerDao.$anonfun$listLfPackages$1(JdbcLedgerDao.scala:311)
	at com.digitalasset.canton.platform.store.dao.DataSourceConnectionProvider$$anon$1.$anonfun$runSQL$1(HikariJdbcConnectionProvider.scala:80)
	at com.daml.metrics.api.opentelemetry.OpenTelemetryTimer.time(OpenTelemetryMetricsFactory.scala:180)
	at com.daml.metrics.Timed$.value(Timed.scala:18)
	at com.digitalasset.canton.platform.store.dao.DataSourceConnectionProvider$$anon$1.runSQL(HikariJdbcConnectionProvider.scala:80)
	at com.digitalasset.canton.platform.store.dao.DbDispatcherImpl.$anonfun$executeSql$2(DbDispatcher.scala:87)
	at scala.concurrent.Future$.$anonfun$apply$1(Future.scala:687)
	at scala.concurrent.impl.Promise$Transformation.run(Promise.scala:467)
	at com.daml.executors.QueueAwareExecutorService$TrackingRunnable.run(QueueAwareExecutorService.scala:98)
	at com.daml.metrics.InstrumentedExecutorServiceMetrics$InstrumentedExecutorService$InstrumentedRunnable.run(InstrumentedExecutorServiceMetrics.scala:202)
	at java.base/java.util.concurrent.ThreadPoolExecutor.runWorker(ThreadPoolExecutor.java:1136)
	at java.base/java.util.concurrent.ThreadPoolExecutor$Worker.run(ThreadPoolExecutor.java:635)
	at java.base/java.lang.Thread.run(Thread.java:840)
2026-01-20 15:11:14,151 [daml.index.db.threadpool.connection.api-server-1] DEBUG c.d.c.n.g.ApiRequestLogger:participant=sandbox tid:84e20584e16753dad65a9d6694f64edf - Request c.d.l.a.v.PackageService/GetPackageStatus by /127.0.0.1:49741: received a message 
  Request tid:84e20584e16753dad65a9d6694f64edf
2026-01-20 15:11:14,152 [canton-env-ec-28] INFO  c.d.c.p.a.s.ApiPackageService:participant=sandbox tid:84e20584e16753dad65a9d6694f64edf - Received request for a package status: GetPackageStatusRequest(sandbox,8a7806365bbd98d88b4c13832ebfa305f6abaeaf32cfa2b7dd25c4fa489b79fb), packageId -> '8a7806365bbd98d88b4c13832ebfa305f6abaeaf32cfa2b7dd25c4fa489b79fb'.
2026-01-20 15:11:14,158 [daml.index.db.threadpool.connection.api-server-1] ERROR c.d.c.p.s.d.DbDispatcherImpl:participant=sandbox tid:84e20584e16753dad65a9d6694f64edf - INDEX_DB_SQL_NON_TRANSIENT_ERROR(4,84e20584): Processing the request failed due to a non-transient database error: Table "PACKAGES" not found (this database is empty); SQL statement:

      select packages.package_id, packages.source_description, packages.known_since, packages.package_size
      from packages
      where packages.ledger_offset <= ?
     [42104-210] err-context:{location=DatabaseSelfServiceError.scala:53} 
org.h2.jdbc.JdbcSQLSyntaxErrorException: Table "PACKAGES" not found (this database is empty); SQL statement:

      select packages.package_id, packages.source_description, packages.known_since, packages.package_size
      from packages
      where packages.ledger_offset <= ?
     [42104-210]
	at org.h2.message.DbException.getJdbcSQLException(DbException.java:521)
	at org.h2.message.DbException.getJdbcSQLException(DbException.java:496)
	at org.h2.message.DbException.get(DbException.java:227)
	at org.h2.message.DbException.get(DbException.java:203)
	at org.h2.command.Parser.getTableOrViewNotFoundDbException(Parser.java:8397)
	at org.h2.command.Parser.getTableOrViewNotFoundDbException(Parser.java:8381)
	at org.h2.command.Parser.readTableOrView(Parser.java:8370)
	at org.h2.command.Parser.readTablePrimary(Parser.java:1866)
	at org.h2.command.Parser.readTableReference(Parser.java:2342)
	at org.h2.command.Parser.parseSelectFromPart(Parser.java:2793)
	at org.h2.command.Parser.parseSelect(Parser.java:2900)
	at org.h2.command.Parser.parseQueryPrimary(Parser.java:2783)
	at org.h2.command.Parser.parseQueryTerm(Parser.java:2650)
	at org.h2.command.Parser.parseQueryExpressionBody(Parser.java:2629)
	at org.h2.command.Parser.parseQueryExpressionBodyAndEndOfQuery(Parser.java:2622)
	at org.h2.command.Parser.parseQueryExpression(Parser.java:2615)
	at org.h2.command.Parser.parseQuery(Parser.java:2576)
	at org.h2.command.Parser.parsePrepared(Parser.java:707)
	at org.h2.command.Parser.parse(Parser.java:674)
	at org.h2.command.Parser.parse(Parser.java:644)
	at org.h2.command.Parser.prepareCommand(Parser.java:551)
	at org.h2.engine.SessionLocal.prepareLocal(SessionLocal.java:615)
	at org.h2.engine.SessionLocal.prepareCommand(SessionLocal.java:553)
	at org.h2.jdbc.JdbcConnection.prepareCommand(JdbcConnection.java:1116)
	at org.h2.jdbc.JdbcPreparedStatement.<init>(JdbcPreparedStatement.java:92)
	at org.h2.jdbc.JdbcConnection.prepareStatement(JdbcConnection.java:288)
	at com.zaxxer.hikari.pool.ProxyConnection.prepareStatement(ProxyConnection.java:311)
	at com.zaxxer.hikari.pool.HikariProxyConnection.prepareStatement(HikariProxyConnection.java)
	at anorm.SimpleSql.$anonfun$prepareNoGeneratedKeys$1(SimpleSql.scala:55)
	at anorm.SimpleSql.unsafeStatement(SimpleSql.scala:85)
	at anorm.SimpleSql.unsafeStatement(SimpleSql.scala:68)
	at anorm.Sql.$anonfun$preparedStatement$1(Anorm.scala:77)
	at resource.DefaultManagedResource.open(AbstractManagedResource.scala:107)
	at resource.AbstractManagedResource.acquireFor(AbstractManagedResource.scala:84)
	at resource.ManagedResourceOperations$$anon$1.acquireFor(ManagedResourceOperations.scala:47)
	at resource.DeferredExtractableManagedResource.acquireFor(AbstractManagedResource.scala:25)
	at resource.ManagedResourceOperations.apply(ManagedResourceOperations.scala:31)
	at resource.ManagedResourceOperations.apply$(ManagedResourceOperations.scala:31)
	at resource.DeferredExtractableManagedResource.apply(AbstractManagedResource.scala:22)
	at resource.ManagedResourceOperations.acquireAndGet(ManagedResourceOperations.scala:29)
	at resource.ManagedResourceOperations.acquireAndGet$(ManagedResourceOperations.scala:29)
	at resource.DeferredExtractableManagedResource.acquireAndGet(AbstractManagedResource.scala:22)
	at anorm.Sql$.$anonfun$asTry$1(Anorm.scala:263)
	at scala.util.Try$.apply(Try.scala:210)
	at anorm.Sql$.asTry(Anorm.scala:263)
	at anorm.WithResult.asTry(SqlResult.scala:215)
	at anorm.WithResult.asTry$(SqlResult.scala:213)
	at anorm.SimpleSql.asTry(SimpleSql.scala:6)
	at anorm.WithResult.as(SqlResult.scala:205)
	at anorm.WithResult.as$(SqlResult.scala:204)
	at anorm.SimpleSql.as(SimpleSql.scala:6)
	at com.digitalasset.canton.platform.store.backend.common.PackageStorageBackendTemplate.lfPackages(PackageStorageBackendTemplate.scala:54)
	at com.digitalasset.canton.platform.store.dao.JdbcLedgerDao.$anonfun$listLfPackages$1(JdbcLedgerDao.scala:311)
	at com.digitalasset.canton.platform.store.dao.DataSourceConnectionProvider$$anon$1.$anonfun$runSQL$1(HikariJdbcConnectionProvider.scala:80)
	at com.daml.metrics.api.opentelemetry.OpenTelemetryTimer.time(OpenTelemetryMetricsFactory.scala:180)
	at com.daml.metrics.Timed$.value(Timed.scala:18)
	at com.digitalasset.canton.platform.store.dao.DataSourceConnectionProvider$$anon$1.runSQL(HikariJdbcConnectionProvider.scala:80)
	at com.digitalasset.canton.platform.store.dao.DbDispatcherImpl.$anonfun$executeSql$2(DbDispatcher.scala:87)
	at scala.concurrent.Future$.$anonfun$apply$1(Future.scala:687)
	at scala.concurrent.impl.Promise$Transformation.run(Promise.scala:467)
	at com.daml.executors.QueueAwareExecutorService$TrackingRunnable.run(QueueAwareExecutorService.scala:98)
	at com.daml.metrics.InstrumentedExecutorServiceMetrics$InstrumentedExecutorService$InstrumentedRunnable.run(InstrumentedExecutorServiceMetrics.scala:202)
	at java.base/java.util.concurrent.ThreadPoolExecutor.runWorker(ThreadPoolExecutor.java:1136)
	at java.base/java.util.concurrent.ThreadPoolExecutor$Worker.run(ThreadPoolExecutor.java:635)
	at java.base/java.lang.Thread.run(Thread.java:840)
2026-01-20 15:11:14,151 [daml.index.db.threadpool.connection.api-server-0] DEBUG c.d.c.n.g.ApiRequestLogger:participant=sandbox tid:c83581ea36495ba3630ff7b34c0f0660 - Request c.d.l.a.v.PackageService/GetPackageStatus by /127.0.0.1:49741: received a message 
  Request tid:c83581ea36495ba3630ff7b34c0f0660
2026-01-20 15:11:14,152 [canton-env-ec-78] INFO  c.d.c.p.a.s.ApiPackageService:participant=sandbox tid:c83581ea36495ba3630ff7b34c0f0660 - Received request for a package status: GetPackageStatusRequest(sandbox,d58cf9939847921b2aab78eaa7b427dc4c649d25e6bee3c749ace4c3f52f5c97), packageId -> 'd58cf9939847921b2aab78eaa7b427dc4c649d25e6bee3c749ace4c3f52f5c97'.
2026-01-20 15:11:14,158 [daml.index.db.threadpool.connection.api-server-0] ERROR c.d.c.p.s.d.DbDispatcherImpl:participant=sandbox tid:c83581ea36495ba3630ff7b34c0f0660 - INDEX_DB_SQL_NON_TRANSIENT_ERROR(4,c83581ea): Processing the request failed due to a non-transient database error: Table "PACKAGES" not found (this database is empty); SQL statement:

      select packages.package_id, packages.source_description, packages.known_since, packages.package_size
      from packages
      where packages.ledger_offset <= ?
     [42104-210] err-context:{location=DatabaseSelfServiceError.scala:53} 
org.h2.jdbc.JdbcSQLSyntaxErrorException: Table "PACKAGES" not found (this database is empty); SQL statement:

      select packages.package_id, packages.source_description, packages.known_since, packages.package_size
      from packages
      where packages.ledger_offset <= ?
     [42104-210]
	at org.h2.message.DbException.getJdbcSQLException(DbException.java:521)
	at org.h2.message.DbException.getJdbcSQLException(DbException.java:496)
	at org.h2.message.DbException.get(DbException.java:227)
	at org.h2.message.DbException.get(DbException.java:203)
	at org.h2.command.Parser.getTableOrViewNotFoundDbException(Parser.java:8397)
	at org.h2.command.Parser.getTableOrViewNotFoundDbException(Parser.java:8381)
	at org.h2.command.Parser.readTableOrView(Parser.java:8370)
	at org.h2.command.Parser.readTablePrimary(Parser.java:1866)
	at org.h2.command.Parser.readTableReference(Parser.java:2342)
	at org.h2.command.Parser.parseSelectFromPart(Parser.java:2793)
	at org.h2.command.Parser.parseSelect(Parser.java:2900)
	at org.h2.command.Parser.parseQueryPrimary(Parser.java:2783)
	at org.h2.command.Parser.parseQueryTerm(Parser.java:2650)
	at org.h2.command.Parser.parseQueryExpressionBody(Parser.java:2629)
	at org.h2.command.Parser.parseQueryExpressionBodyAndEndOfQuery(Parser.java:2622)
	at org.h2.command.Parser.parseQueryExpression(Parser.java:2615)
	at org.h2.command.Parser.parseQuery(Parser.java:2576)
	at org.h2.command.Parser.parsePrepared(Parser.java:707)
	at org.h2.command.Parser.parse(Parser.java:674)
	at org.h2.command.Parser.parse(Parser.java:644)
	at org.h2.command.Parser.prepareCommand(Parser.java:551)
	at org.h2.engine.SessionLocal.prepareLocal(SessionLocal.java:615)
	at org.h2.engine.SessionLocal.prepareCommand(SessionLocal.java:553)
	at org.h2.jdbc.JdbcConnection.prepareCommand(JdbcConnection.java:1116)
	at org.h2.jdbc.JdbcPreparedStatement.<init>(JdbcPreparedStatement.java:92)
	at org.h2.jdbc.JdbcConnection.prepareStatement(JdbcConnection.java:288)
	at com.zaxxer.hikari.pool.ProxyConnection.prepareStatement(ProxyConnection.java:311)
	at com.zaxxer.hikari.pool.HikariProxyConnection.prepareStatement(HikariProxyConnection.java)
	at anorm.SimpleSql.$anonfun$prepareNoGeneratedKeys$1(SimpleSql.scala:55)
	at anorm.SimpleSql.unsafeStatement(SimpleSql.scala:85)
	at anorm.SimpleSql.unsafeStatement(SimpleSql.scala:68)
	at anorm.Sql.$anonfun$preparedStatement$1(Anorm.scala:77)
	at resource.DefaultManagedResource.open(AbstractManagedResource.scala:107)
	at resource.AbstractManagedResource.acquireFor(AbstractManagedResource.scala:84)
	at resource.ManagedResourceOperations$$anon$1.acquireFor(ManagedResourceOperations.scala:47)
	at resource.DeferredExtractableManagedResource.acquireFor(AbstractManagedResource.scala:25)
	at resource.ManagedResourceOperations.apply(ManagedResourceOperations.scala:31)
	at resource.ManagedResourceOperations.apply$(ManagedResourceOperations.scala:31)
	at resource.DeferredExtractableManagedResource.apply(AbstractManagedResource.scala:22)
	at resource.ManagedResourceOperations.acquireAndGet(ManagedResourceOperations.scala:29)
	at resource.ManagedResourceOperations.acquireAndGet$(ManagedResourceOperations.scala:29)
	at resource.DeferredExtractableManagedResource.acquireAndGet(AbstractManagedResource.scala:22)
	at anorm.Sql$.$anonfun$asTry$1(Anorm.scala:263)
	at scala.util.Try$.apply(Try.scala:210)
	at anorm.Sql$.asTry(Anorm.scala:263)
	at anorm.WithResult.asTry(SqlResult.scala:215)
	at anorm.WithResult.asTry$(SqlResult.scala:213)
	at anorm.SimpleSql.asTry(SimpleSql.scala:6)
	at anorm.WithResult.as(SqlResult.scala:205)
	at anorm.WithResult.as$(SqlResult.scala:204)
	at anorm.SimpleSql.as(SimpleSql.scala:6)
	at com.digitalasset.canton.platform.store.backend.common.PackageStorageBackendTemplate.lfPackages(PackageStorageBackendTemplate.scala:54)
	at com.digitalasset.canton.platform.store.dao.JdbcLedgerDao.$anonfun$listLfPackages$1(JdbcLedgerDao.scala:311)
	at com.digitalasset.canton.platform.store.dao.DataSourceConnectionProvider$$anon$1.$anonfun$runSQL$1(HikariJdbcConnectionProvider.scala:80)
	at com.daml.metrics.api.opentelemetry.OpenTelemetryTimer.time(OpenTelemetryMetricsFactory.scala:180)
	at com.daml.metrics.Timed$.value(Timed.scala:18)
	at com.digitalasset.canton.platform.store.dao.DataSourceConnectionProvider$$anon$1.runSQL(HikariJdbcConnectionProvider.scala:80)
	at com.digitalasset.canton.platform.store.dao.DbDispatcherImpl.$anonfun$executeSql$2(DbDispatcher.scala:87)
	at scala.concurrent.Future$.$anonfun$apply$1(Future.scala:687)
	at scala.concurrent.impl.Promise$Transformation.run(Promise.scala:467)
	at com.daml.executors.QueueAwareExecutorService$TrackingRunnable.run(QueueAwareExecutorService.scala:98)
	at com.daml.metrics.InstrumentedExecutorServiceMetrics$InstrumentedExecutorService$InstrumentedRunnable.run(InstrumentedExecutorServiceMetrics.scala:202)
	at java.base/java.util.concurrent.ThreadPoolExecutor.runWorker(ThreadPoolExecutor.java:1136)
	at java.base/java.util.concurrent.ThreadPoolExecutor$Worker.run(ThreadPoolExecutor.java:635)
	at java.base/java.lang.Thread.run(Thread.java:840)
2026-01-20 15:11:14,148 [daml.index.db.threadpool.connection.api-server-4] DEBUG c.d.c.n.g.ApiRequestLogger:participant=sandbox tid:72ccacadb580c61852a0ece5199cb038 - Request c.d.l.a.v.PackageService/GetPackageStatus by /127.0.0.1:49741: received a message 
  Request tid:72ccacadb580c61852a0ece5199cb038
2026-01-20 15:11:14,151 [canton-env-ec-77] INFO  c.d.c.p.a.s.ApiPackageService:participant=sandbox tid:72ccacadb580c61852a0ece5199cb038 - Received request for a package status: GetPackageStatusRequest(sandbox,86828b9843465f419db1ef8a8ee741d1eef645df02375ebf509cdc8c3ddd16cb), packageId -> '86828b9843465f419db1ef8a8ee741d1eef645df02375ebf509cdc8c3ddd16cb'.
2026-01-20 15:11:14,174 [daml.index.db.threadpool.connection.api-server-4] ERROR c.d.c.p.s.d.DbDispatcherImpl:participant=sandbox tid:72ccacadb580c61852a0ece5199cb038 - INDEX_DB_SQL_NON_TRANSIENT_ERROR(4,72ccacad): Processing the request failed due to a non-transient database error: Table "PACKAGES" not found (this database is empty); SQL statement:

      select packages.package_id, packages.source_description, packages.known_since, packages.package_size
      from packages
      where packages.ledger_offset <= ?
     [42104-210] err-context:{location=DatabaseSelfServiceError.scala:53} 
org.h2.jdbc.JdbcSQLSyntaxErrorException: Table "PACKAGES" not found (this database is empty); SQL statement:

      select packages.package_id, packages.source_description, packages.known_since, packages.package_size
      from packages
      where packages.ledger_offset <= ?
     [42104-210]
	at org.h2.message.DbException.getJdbcSQLException(DbException.java:521)
	at org.h2.message.DbException.getJdbcSQLException(DbException.java:496)
	at org.h2.message.DbException.get(DbException.java:227)
	at org.h2.message.DbException.get(DbException.java:203)
	at org.h2.command.Parser.getTableOrViewNotFoundDbException(Parser.java:8397)
	at org.h2.command.Parser.getTableOrViewNotFoundDbException(Parser.java:8381)
	at org.h2.command.Parser.readTableOrView(Parser.java:8370)
	at org.h2.command.Parser.readTablePrimary(Parser.java:1866)
	at org.h2.command.Parser.readTableReference(Parser.java:2342)
	at org.h2.command.Parser.parseSelectFromPart(Parser.java:2793)
	at org.h2.command.Parser.parseSelect(Parser.java:2900)
	at org.h2.command.Parser.parseQueryPrimary(Parser.java:2783)
	at org.h2.command.Parser.parseQueryTerm(Parser.java:2650)
	at org.h2.command.Parser.parseQueryExpressionBody(Parser.java:2629)
	at org.h2.command.Parser.parseQueryExpressionBodyAndEndOfQuery(Parser.java:2622)
	at org.h2.command.Parser.parseQueryExpression(Parser.java:2615)
	at org.h2.command.Parser.parseQuery(Parser.java:2576)
	at org.h2.command.Parser.parsePrepared(Parser.java:707)
	at org.h2.command.Parser.parse(Parser.java:674)
	at org.h2.command.Parser.parse(Parser.java:644)
	at org.h2.command.Parser.prepareCommand(Parser.java:551)
	at org.h2.engine.SessionLocal.prepareLocal(SessionLocal.java:615)
	at org.h2.engine.SessionLocal.prepareCommand(SessionLocal.java:553)
	at org.h2.jdbc.JdbcConnection.prepareCommand(JdbcConnection.java:1116)
	at org.h2.jdbc.JdbcPreparedStatement.<init>(JdbcPreparedStatement.java:92)
	at org.h2.jdbc.JdbcConnection.prepareStatement(JdbcConnection.java:288)
	at com.zaxxer.hikari.pool.ProxyConnection.prepareStatement(ProxyConnection.java:311)
	at com.zaxxer.hikari.pool.HikariProxyConnection.prepareStatement(HikariProxyConnection.java)
	at anorm.SimpleSql.$anonfun$prepareNoGeneratedKeys$1(SimpleSql.scala:55)
	at anorm.SimpleSql.unsafeStatement(SimpleSql.scala:85)
	at anorm.SimpleSql.unsafeStatement(SimpleSql.scala:68)
	at anorm.Sql.$anonfun$preparedStatement$1(Anorm.scala:77)
	at resource.DefaultManagedResource.open(AbstractManagedResource.scala:107)
	at resource.AbstractManagedResource.acquireFor(AbstractManagedResource.scala:84)
	at resource.ManagedResourceOperations$$anon$1.acquireFor(ManagedResourceOperations.scala:47)
	at resource.DeferredExtractableManagedResource.acquireFor(AbstractManagedResource.scala:25)
	at resource.ManagedResourceOperations.apply(ManagedResourceOperations.scala:31)
	at resource.ManagedResourceOperations.apply$(ManagedResourceOperations.scala:31)
	at resource.DeferredExtractableManagedResource.apply(AbstractManagedResource.scala:22)
	at resource.ManagedResourceOperations.acquireAndGet(ManagedResourceOperations.scala:29)
	at resource.ManagedResourceOperations.acquireAndGet$(ManagedResourceOperations.scala:29)
	at resource.DeferredExtractableManagedResource.acquireAndGet(AbstractManagedResource.scala:22)
	at anorm.Sql$.$anonfun$asTry$1(Anorm.scala:263)
	at scala.util.Try$.apply(Try.scala:210)
	at anorm.Sql$.asTry(Anorm.scala:263)
	at anorm.WithResult.asTry(SqlResult.scala:215)
	at anorm.WithResult.asTry$(SqlResult.scala:213)
	at anorm.SimpleSql.asTry(SimpleSql.scala:6)
	at anorm.WithResult.as(SqlResult.scala:205)
	at anorm.WithResult.as$(SqlResult.scala:204)
	at anorm.SimpleSql.as(SimpleSql.scala:6)
	at com.digitalasset.canton.platform.store.backend.common.PackageStorageBackendTemplate.lfPackages(PackageStorageBackendTemplate.scala:54)
	at com.digitalasset.canton.platform.store.dao.JdbcLedgerDao.$anonfun$listLfPackages$1(JdbcLedgerDao.scala:311)
	at com.digitalasset.canton.platform.store.dao.DataSourceConnectionProvider$$anon$1.$anonfun$runSQL$1(HikariJdbcConnectionProvider.scala:80)
	at com.daml.metrics.api.opentelemetry.OpenTelemetryTimer.time(OpenTelemetryMetricsFactory.scala:180)
	at com.daml.metrics.Timed$.value(Timed.scala:18)
	at com.digitalasset.canton.platform.store.dao.DataSourceConnectionProvider$$anon$1.runSQL(HikariJdbcConnectionProvider.scala:80)
	at com.digitalasset.canton.platform.store.dao.DbDispatcherImpl.$anonfun$executeSql$2(DbDispatcher.scala:87)
	at scala.concurrent.Future$.$anonfun$apply$1(Future.scala:687)
	at scala.concurrent.impl.Promise$Transformation.run(Promise.scala:467)
	at com.daml.executors.QueueAwareExecutorService$TrackingRunnable.run(QueueAwareExecutorService.scala:98)
	at com.daml.metrics.InstrumentedExecutorServiceMetrics$InstrumentedExecutorService$InstrumentedRunnable.run(InstrumentedExecutorServiceMetrics.scala:202)
	at java.base/java.util.concurrent.ThreadPoolExecutor.runWorker(ThreadPoolExecutor.java:1136)
	at java.base/java.util.concurrent.ThreadPoolExecutor$Worker.run(ThreadPoolExecutor.java:635)
	at java.base/java.lang.Thread.run(Thread.java:840)
2026-01-20 15:11:14,174 [canton-env-ec-82] ERROR c.d.c.p.a.s.ApiPackageService:participant=sandbox tid:84e20584e16753dad65a9d6694f64edf - Unhandled internal error
com.digitalasset.canton.ledger.error.IndexErrors$IndexDbException: INTERNAL: An error occurred. Please contact the operator and inquire about the request 84e20584e16753dad65a9d6694f64edf with tid 84e20584e16753dad65a9d6694f64edf
2026-01-20 15:11:14,174 [canton-env-ec-78] ERROR c.d.c.p.a.s.ApiPackageService:participant=sandbox tid:c83581ea36495ba3630ff7b34c0f0660 - Unhandled internal error
com.digitalasset.canton.ledger.error.IndexErrors$IndexDbException: INTERNAL: An error occurred. Please contact the operator and inquire about the request c83581ea36495ba3630ff7b34c0f0660 with tid c83581ea36495ba3630ff7b34c0f0660
2026-01-20 15:11:14,174 [canton-env-ec-89] ERROR c.d.c.p.a.s.ApiPackageService:participant=sandbox tid:ebd9d2c2bab3ad596ddca4701274eb37 - Unhandled internal error
com.digitalasset.canton.ledger.error.IndexErrors$IndexDbException: INTERNAL: An error occurred. Please contact the operator and inquire about the request ebd9d2c2bab3ad596ddca4701274eb37 with tid ebd9d2c2bab3ad596ddca4701274eb37
2026-01-20 15:11:14,174 [canton-env-ec-29] ERROR c.d.c.p.a.s.ApiPackageService:participant=sandbox tid:a254898fd97a05803881cd6d36944a35 - Unhandled internal error
com.digitalasset.canton.ledger.error.IndexErrors$IndexDbException: INTERNAL: An error occurred. Please contact the operator and inquire about the request a254898fd97a05803881cd6d36944a35 with tid a254898fd97a05803881cd6d36944a35
2026-01-20 15:11:14,174 [canton-env-ec-26] ERROR c.d.c.p.a.s.ApiPackageService:participant=sandbox tid:fe4587ee1385717368c04c34150aa9c7 - Unhandled internal error
com.digitalasset.canton.ledger.error.IndexErrors$IndexDbException: INTERNAL: An error occurred. Please contact the operator and inquire about the request fe4587ee1385717368c04c34150aa9c7 with tid fe4587ee1385717368c04c34150aa9c7
2026-01-20 15:11:14,151 [daml.index.db.threadpool.connection.api-server-2] DEBUG c.d.c.n.g.ApiRequestLogger:participant=sandbox tid:aa82cc6e21594d8ffa79db6531c97824 - Request c.d.l.a.v.PackageService/GetPackageStatus by /127.0.0.1:49741: received a message 
  Request tid:aa82cc6e21594d8ffa79db6531c97824
2026-01-20 15:11:14,151 [canton-env-ec-33] INFO  c.d.c.p.a.s.ApiPackageService:participant=sandbox tid:aa82cc6e21594d8ffa79db6531c97824 - Received request for a package status: GetPackageStatusRequest(sandbox,7748754b5e4d9392d6b485367e7b4d5e1b0142ff4d4ce3327911166633c5da04), packageId -> '7748754b5e4d9392d6b485367e7b4d5e1b0142ff4d4ce3327911166633c5da04'.
2026-01-20 15:11:14,174 [daml.index.db.threadpool.connection.api-server-2] ERROR c.d.c.p.s.d.DbDispatcherImpl:participant=sandbox tid:aa82cc6e21594d8ffa79db6531c97824 - INDEX_DB_SQL_NON_TRANSIENT_ERROR(4,aa82cc6e): Processing the request failed due to a non-transient database error: Table "PACKAGES" not found (this database is empty); SQL statement:

      select packages.package_id, packages.source_description, packages.known_since, packages.package_size
      from packages
      where packages.ledger_offset <= ?
     [42104-210] err-context:{location=DatabaseSelfServiceError.scala:53} 
org.h2.jdbc.JdbcSQLSyntaxErrorException: Table "PACKAGES" not found (this database is empty); SQL statement:

      select packages.package_id, packages.source_description, packages.known_since, packages.package_size
      from packages
      where packages.ledger_offset <= ?
     [42104-210]
	at org.h2.message.DbException.getJdbcSQLException(DbException.java:521)
	at org.h2.message.DbException.getJdbcSQLException(DbException.java:496)
	at org.h2.message.DbException.get(DbException.java:227)
	at org.h2.message.DbException.get(DbException.java:203)
	at org.h2.command.Parser.getTableOrViewNotFoundDbException(Parser.java:8397)
	at org.h2.command.Parser.getTableOrViewNotFoundDbException(Parser.java:8381)
	at org.h2.command.Parser.readTableOrView(Parser.java:8370)
	at org.h2.command.Parser.readTablePrimary(Parser.java:1866)
	at org.h2.command.Parser.readTableReference(Parser.java:2342)
	at org.h2.command.Parser.parseSelectFromPart(Parser.java:2793)
	at org.h2.command.Parser.parseSelect(Parser.java:2900)
	at org.h2.command.Parser.parseQueryPrimary(Parser.java:2783)
	at org.h2.command.Parser.parseQueryTerm(Parser.java:2650)
	at org.h2.command.Parser.parseQueryExpressionBody(Parser.java:2629)
	at org.h2.command.Parser.parseQueryExpressionBodyAndEndOfQuery(Parser.java:2622)
	at org.h2.command.Parser.parseQueryExpression(Parser.java:2615)
	at org.h2.command.Parser.parseQuery(Parser.java:2576)
	at org.h2.command.Parser.parsePrepared(Parser.java:707)
	at org.h2.command.Parser.parse(Parser.java:674)
	at org.h2.command.Parser.parse(Parser.java:644)
	at org.h2.command.Parser.prepareCommand(Parser.java:551)
	at org.h2.engine.SessionLocal.prepareLocal(SessionLocal.java:615)
	at org.h2.engine.SessionLocal.prepareCommand(SessionLocal.java:553)
	at org.h2.jdbc.JdbcConnection.prepareCommand(JdbcConnection.java:1116)
	at org.h2.jdbc.JdbcPreparedStatement.<init>(JdbcPreparedStatement.java:92)
	at org.h2.jdbc.JdbcConnection.prepareStatement(JdbcConnection.java:288)
	at com.zaxxer.hikari.pool.ProxyConnection.prepareStatement(ProxyConnection.java:311)
	at com.zaxxer.hikari.pool.HikariProxyConnection.prepareStatement(HikariProxyConnection.java)
	at anorm.SimpleSql.$anonfun$prepareNoGeneratedKeys$1(SimpleSql.scala:55)
	at anorm.SimpleSql.unsafeStatement(SimpleSql.scala:85)
	at anorm.SimpleSql.unsafeStatement(SimpleSql.scala:68)
	at anorm.Sql.$anonfun$preparedStatement$1(Anorm.scala:77)
	at resource.DefaultManagedResource.open(AbstractManagedResource.scala:107)
	at resource.AbstractManagedResource.acquireFor(AbstractManagedResource.scala:84)
	at resource.ManagedResourceOperations$$anon$1.acquireFor(ManagedResourceOperations.scala:47)
	at resource.DeferredExtractableManagedResource.acquireFor(AbstractManagedResource.scala:25)
	at resource.ManagedResourceOperations.apply(ManagedResourceOperations.scala:31)
	at resource.ManagedResourceOperations.apply$(ManagedResourceOperations.scala:31)
	at resource.DeferredExtractableManagedResource.apply(AbstractManagedResource.scala:22)
	at resource.ManagedResourceOperations.acquireAndGet(ManagedResourceOperations.scala:29)
	at resource.ManagedResourceOperations.acquireAndGet$(ManagedResourceOperations.scala:29)
	at resource.DeferredExtractableManagedResource.acquireAndGet(AbstractManagedResource.scala:22)
	at anorm.Sql$.$anonfun$asTry$1(Anorm.scala:263)
	at scala.util.Try$.apply(Try.scala:210)
	at anorm.Sql$.asTry(Anorm.scala:263)
	at anorm.WithResult.asTry(SqlResult.scala:215)
	at anorm.WithResult.asTry$(SqlResult.scala:213)
	at anorm.SimpleSql.asTry(SimpleSql.scala:6)
	at anorm.WithResult.as(SqlResult.scala:205)
	at anorm.WithResult.as$(SqlResult.scala:204)
	at anorm.SimpleSql.as(SimpleSql.scala:6)
	at com.digitalasset.canton.platform.store.backend.common.PackageStorageBackendTemplate.lfPackages(PackageStorageBackendTemplate.scala:54)
	at com.digitalasset.canton.platform.store.dao.JdbcLedgerDao.$anonfun$listLfPackages$1(JdbcLedgerDao.scala:311)
	at com.digitalasset.canton.platform.store.dao.DataSourceConnectionProvider$$anon$1.$anonfun$runSQL$1(HikariJdbcConnectionProvider.scala:80)
	at com.daml.metrics.api.opentelemetry.OpenTelemetryTimer.time(OpenTelemetryMetricsFactory.scala:180)
	at com.daml.metrics.Timed$.value(Timed.scala:18)
	at com.digitalasset.canton.platform.store.dao.DataSourceConnectionProvider$$anon$1.runSQL(HikariJdbcConnectionProvider.scala:80)
	at com.digitalasset.canton.platform.store.dao.DbDispatcherImpl.$anonfun$executeSql$2(DbDispatcher.scala:87)
	at scala.concurrent.Future$.$anonfun$apply$1(Future.scala:687)
	at scala.concurrent.impl.Promise$Transformation.run(Promise.scala:467)
	at com.daml.executors.QueueAwareExecutorService$TrackingRunnable.run(QueueAwareExecutorService.scala:98)
	at com.daml.metrics.InstrumentedExecutorServiceMetrics$InstrumentedExecutorService$InstrumentedRunnable.run(InstrumentedExecutorServiceMetrics.scala:202)
	at java.base/java.util.concurrent.ThreadPoolExecutor.runWorker(ThreadPoolExecutor.java:1136)
	at java.base/java.util.concurrent.ThreadPoolExecutor$Worker.run(ThreadPoolExecutor.java:635)
	at java.base/java.lang.Thread.run(Thread.java:840)
2026-01-20 15:11:14,151 [daml.index.db.threadpool.connection.api-server-0] DEBUG c.d.c.n.g.ApiRequestLogger:participant=sandbox tid:00d0b3bf5e7d676cbd20c1a61993df5c - Request c.d.l.a.v.PackageService/GetPackageStatus by /127.0.0.1:49741: received a message 
  Request tid:00d0b3bf5e7d676cbd20c1a61993df5c
2026-01-20 15:11:14,153 [canton-env-ec-57] INFO  c.d.c.p.a.s.ApiPackageService:participant=sandbox tid:00d0b3bf5e7d676cbd20c1a61993df5c - Received request for a package status: GetPackageStatusRequest(sandbox,f20de1e4e37b92280264c08bf15eca0be0bc5babd7a7b5e574997f154c00cb78), packageId -> 'f20de1e4e37b92280264c08bf15eca0be0bc5babd7a7b5e574997f154c00cb78'.
2026-01-20 15:11:14,174 [daml.index.db.threadpool.connection.api-server-0] ERROR c.d.c.p.s.d.DbDispatcherImpl:participant=sandbox tid:00d0b3bf5e7d676cbd20c1a61993df5c - INDEX_DB_SQL_NON_TRANSIENT_ERROR(4,00d0b3bf): Processing the request failed due to a non-transient database error: Table "PACKAGES" not found (this database is empty); SQL statement:

      select packages.package_id, packages.source_description, packages.known_since, packages.package_size
      from packages
      where packages.ledger_offset <= ?
     [42104-210] err-context:{location=DatabaseSelfServiceError.scala:53} 
org.h2.jdbc.JdbcSQLSyntaxErrorException: Table "PACKAGES" not found (this database is empty); SQL statement:

      select packages.package_id, packages.source_description, packages.known_since, packages.package_size
      from packages
      where packages.ledger_offset <= ?
     [42104-210]
	at org.h2.message.DbException.getJdbcSQLException(DbException.java:521)
	at org.h2.message.DbException.getJdbcSQLException(DbException.java:496)
	at org.h2.message.DbException.get(DbException.java:227)
	at org.h2.message.DbException.get(DbException.java:203)
	at org.h2.command.Parser.getTableOrViewNotFoundDbException(Parser.java:8397)
	at org.h2.command.Parser.getTableOrViewNotFoundDbException(Parser.java:8381)
	at org.h2.command.Parser.readTableOrView(Parser.java:8370)
	at org.h2.command.Parser.readTablePrimary(Parser.java:1866)
	at org.h2.command.Parser.readTableReference(Parser.java:2342)
	at org.h2.command.Parser.parseSelectFromPart(Parser.java:2793)
	at org.h2.command.Parser.parseSelect(Parser.java:2900)
	at org.h2.command.Parser.parseQueryPrimary(Parser.java:2783)
	at org.h2.command.Parser.parseQueryTerm(Parser.java:2650)
	at org.h2.command.Parser.parseQueryExpressionBody(Parser.java:2629)
	at org.h2.command.Parser.parseQueryExpressionBodyAndEndOfQuery(Parser.java:2622)
	at org.h2.command.Parser.parseQueryExpression(Parser.java:2615)
	at org.h2.command.Parser.parseQuery(Parser.java:2576)
	at org.h2.command.Parser.parsePrepared(Parser.java:707)
	at org.h2.command.Parser.parse(Parser.java:674)
	at org.h2.command.Parser.parse(Parser.java:644)
	at org.h2.command.Parser.prepareCommand(Parser.java:551)
	at org.h2.engine.SessionLocal.prepareLocal(SessionLocal.java:615)
	at org.h2.engine.SessionLocal.prepareCommand(SessionLocal.java:553)
	at org.h2.jdbc.JdbcConnection.prepareCommand(JdbcConnection.java:1116)
	at org.h2.jdbc.JdbcPreparedStatement.<init>(JdbcPreparedStatement.java:92)
	at org.h2.jdbc.JdbcConnection.prepareStatement(JdbcConnection.java:288)
	at com.zaxxer.hikari.pool.ProxyConnection.prepareStatement(ProxyConnection.java:311)
	at com.zaxxer.hikari.pool.HikariProxyConnection.prepareStatement(HikariProxyConnection.java)
	at anorm.SimpleSql.$anonfun$prepareNoGeneratedKeys$1(SimpleSql.scala:55)
	at anorm.SimpleSql.unsafeStatement(SimpleSql.scala:85)
	at anorm.SimpleSql.unsafeStatement(SimpleSql.scala:68)
	at anorm.Sql.$anonfun$preparedStatement$1(Anorm.scala:77)
	at resource.DefaultManagedResource.open(AbstractManagedResource.scala:107)
	at resource.AbstractManagedResource.acquireFor(AbstractManagedResource.scala:84)
	at resource.ManagedResourceOperations$$anon$1.acquireFor(ManagedResourceOperations.scala:47)
	at resource.DeferredExtractableManagedResource.acquireFor(AbstractManagedResource.scala:25)
	at resource.ManagedResourceOperations.apply(ManagedResourceOperations.scala:31)
	at resource.ManagedResourceOperations.apply$(ManagedResourceOperations.scala:31)
	at resource.DeferredExtractableManagedResource.apply(AbstractManagedResource.scala:22)
	at resource.ManagedResourceOperations.acquireAndGet(ManagedResourceOperations.scala:29)
	at resource.ManagedResourceOperations.acquireAndGet$(ManagedResourceOperations.scala:29)
	at resource.DeferredExtractableManagedResource.acquireAndGet(AbstractManagedResource.scala:22)
	at anorm.Sql$.$anonfun$asTry$1(Anorm.scala:263)
	at scala.util.Try$.apply(Try.scala:210)
	at anorm.Sql$.asTry(Anorm.scala:263)
	at anorm.WithResult.asTry(SqlResult.scala:215)
	at anorm.WithResult.asTry$(SqlResult.scala:213)
	at anorm.SimpleSql.asTry(SimpleSql.scala:6)
	at anorm.WithResult.as(SqlResult.scala:205)
	at anorm.WithResult.as$(SqlResult.scala:204)
	at anorm.SimpleSql.as(SimpleSql.scala:6)
	at com.digitalasset.canton.platform.store.backend.common.PackageStorageBackendTemplate.lfPackages(PackageStorageBackendTemplate.scala:54)
	at com.digitalasset.canton.platform.store.dao.JdbcLedgerDao.$anonfun$listLfPackages$1(JdbcLedgerDao.scala:311)
	at com.digitalasset.canton.platform.store.dao.DataSourceConnectionProvider$$anon$1.$anonfun$runSQL$1(HikariJdbcConnectionProvider.scala:80)
	at com.daml.metrics.api.opentelemetry.OpenTelemetryTimer.time(OpenTelemetryMetricsFactory.scala:180)
	at com.daml.metrics.Timed$.value(Timed.scala:18)
	at com.digitalasset.canton.platform.store.dao.DataSourceConnectionProvider$$anon$1.runSQL(HikariJdbcConnectionProvider.scala:80)
	at com.digitalasset.canton.platform.store.dao.DbDispatcherImpl.$anonfun$executeSql$2(DbDispatcher.scala:87)
	at scala.concurrent.Future$.$anonfun$apply$1(Future.scala:687)
	at scala.concurrent.impl.Promise$Transformation.run(Promise.scala:467)
	at com.daml.executors.QueueAwareExecutorService$TrackingRunnable.run(QueueAwareExecutorService.scala:98)
	at com.daml.metrics.InstrumentedExecutorServiceMetrics$InstrumentedExecutorService$InstrumentedRunnable.run(InstrumentedExecutorServiceMetrics.scala:202)
	at java.base/java.util.concurrent.ThreadPoolExecutor.runWorker(ThreadPoolExecutor.java:1136)
	at java.base/java.util.concurrent.ThreadPoolExecutor$Worker.run(ThreadPoolExecutor.java:635)
	at java.base/java.lang.Thread.run(Thread.java:840)
2026-01-20 15:11:14,151 [daml.index.db.threadpool.connection.api-server-3] DEBUG c.d.c.n.g.ApiRequestLogger:participant=sandbox tid:f473236732b67af74ecdb58004b9f375 - Request c.d.l.a.v.PackageService/GetPackageStatus by /127.0.0.1:49741: received a message 
  Request tid:f473236732b67af74ecdb58004b9f375
2026-01-20 15:11:14,152 [canton-env-ec-27] INFO  c.d.c.p.a.s.ApiPackageService:participant=sandbox tid:f473236732b67af74ecdb58004b9f375 - Received request for a package status: GetPackageStatusRequest(sandbox,bfcd37bd6b84768e86e432f5f6c33e25d9e7724a9d42e33875ff74f6348e733f), packageId -> 'bfcd37bd6b84768e86e432f5f6c33e25d9e7724a9d42e33875ff74f6348e733f'.
2026-01-20 15:11:14,174 [daml.index.db.threadpool.connection.api-server-3] ERROR c.d.c.p.s.d.DbDispatcherImpl:participant=sandbox tid:f473236732b67af74ecdb58004b9f375 - INDEX_DB_SQL_NON_TRANSIENT_ERROR(4,f4732367): Processing the request failed due to a non-transient database error: Table "PACKAGES" not found (this database is empty); SQL statement:

      select packages.package_id, packages.source_description, packages.known_since, packages.package_size
      from packages
      where packages.ledger_offset <= ?
     [42104-210] err-context:{location=DatabaseSelfServiceError.scala:53} 
org.h2.jdbc.JdbcSQLSyntaxErrorException: Table "PACKAGES" not found (this database is empty); SQL statement:

      select packages.package_id, packages.source_description, packages.known_since, packages.package_size
      from packages
      where packages.ledger_offset <= ?
     [42104-210]
	at org.h2.message.DbException.getJdbcSQLException(DbException.java:521)
	at org.h2.message.DbException.getJdbcSQLException(DbException.java:496)
	at org.h2.message.DbException.get(DbException.java:227)
	at org.h2.message.DbException.get(DbException.java:203)
	at org.h2.command.Parser.getTableOrViewNotFoundDbException(Parser.java:8397)
	at org.h2.command.Parser.getTableOrViewNotFoundDbException(Parser.java:8381)
	at org.h2.command.Parser.readTableOrView(Parser.java:8370)
	at org.h2.command.Parser.readTablePrimary(Parser.java:1866)
	at org.h2.command.Parser.readTableReference(Parser.java:2342)
	at org.h2.command.Parser.parseSelectFromPart(Parser.java:2793)
	at org.h2.command.Parser.parseSelect(Parser.java:2900)
	at org.h2.command.Parser.parseQueryPrimary(Parser.java:2783)
	at org.h2.command.Parser.parseQueryTerm(Parser.java:2650)
	at org.h2.command.Parser.parseQueryExpressionBody(Parser.java:2629)
	at org.h2.command.Parser.parseQueryExpressionBodyAndEndOfQuery(Parser.java:2622)
	at org.h2.command.Parser.parseQueryExpression(Parser.java:2615)
	at org.h2.command.Parser.parseQuery(Parser.java:2576)
	at org.h2.command.Parser.parsePrepared(Parser.java:707)
	at org.h2.command.Parser.parse(Parser.java:674)
	at org.h2.command.Parser.parse(Parser.java:644)
	at org.h2.command.Parser.prepareCommand(Parser.java:551)
	at org.h2.engine.SessionLocal.prepareLocal(SessionLocal.java:615)
	at org.h2.engine.SessionLocal.prepareCommand(SessionLocal.java:553)
	at org.h2.jdbc.JdbcConnection.prepareCommand(JdbcConnection.java:1116)
	at org.h2.jdbc.JdbcPreparedStatement.<init>(JdbcPreparedStatement.java:92)
	at org.h2.jdbc.JdbcConnection.prepareStatement(JdbcConnection.java:288)
	at com.zaxxer.hikari.pool.ProxyConnection.prepareStatement(ProxyConnection.java:311)
	at com.zaxxer.hikari.pool.HikariProxyConnection.prepareStatement(HikariProxyConnection.java)
	at anorm.SimpleSql.$anonfun$prepareNoGeneratedKeys$1(SimpleSql.scala:55)
	at anorm.SimpleSql.unsafeStatement(SimpleSql.scala:85)
	at anorm.SimpleSql.unsafeStatement(SimpleSql.scala:68)
	at anorm.Sql.$anonfun$preparedStatement$1(Anorm.scala:77)
	at resource.DefaultManagedResource.open(AbstractManagedResource.scala:107)
	at resource.AbstractManagedResource.acquireFor(AbstractManagedResource.scala:84)
	at resource.ManagedResourceOperations$$anon$1.acquireFor(ManagedResourceOperations.scala:47)
	at resource.DeferredExtractableManagedResource.acquireFor(AbstractManagedResource.scala:25)
	at resource.ManagedResourceOperations.apply(ManagedResourceOperations.scala:31)
	at resource.ManagedResourceOperations.apply$(ManagedResourceOperations.scala:31)
	at resource.DeferredExtractableManagedResource.apply(AbstractManagedResource.scala:22)
	at resource.ManagedResourceOperations.acquireAndGet(ManagedResourceOperations.scala:29)
	at resource.ManagedResourceOperations.acquireAndGet$(ManagedResourceOperations.scala:29)
	at resource.DeferredExtractableManagedResource.acquireAndGet(AbstractManagedResource.scala:22)
	at anorm.Sql$.$anonfun$asTry$1(Anorm.scala:263)
	at scala.util.Try$.apply(Try.scala:210)
	at anorm.Sql$.asTry(Anorm.scala:263)
	at anorm.WithResult.asTry(SqlResult.scala:215)
	at anorm.WithResult.asTry$(SqlResult.scala:213)
	at anorm.SimpleSql.asTry(SimpleSql.scala:6)
	at anorm.WithResult.as(SqlResult.scala:205)
	at anorm.WithResult.as$(SqlResult.scala:204)
	at anorm.SimpleSql.as(SimpleSql.scala:6)
	at com.digitalasset.canton.platform.store.backend.common.PackageStorageBackendTemplate.lfPackages(PackageStorageBackendTemplate.scala:54)
	at com.digitalasset.canton.platform.store.dao.JdbcLedgerDao.$anonfun$listLfPackages$1(JdbcLedgerDao.scala:311)
	at com.digitalasset.canton.platform.store.dao.DataSourceConnectionProvider$$anon$1.$anonfun$runSQL$1(HikariJdbcConnectionProvider.scala:80)
	at com.daml.metrics.api.opentelemetry.OpenTelemetryTimer.time(OpenTelemetryMetricsFactory.scala:180)
	at com.daml.metrics.Timed$.value(Timed.scala:18)
	at com.digitalasset.canton.platform.store.dao.DataSourceConnectionProvider$$anon$1.runSQL(HikariJdbcConnectionProvider.scala:80)
	at com.digitalasset.canton.platform.store.dao.DbDispatcherImpl.$anonfun$executeSql$2(DbDispatcher.scala:87)
	at scala.concurrent.Future$.$anonfun$apply$1(Future.scala:687)
	at scala.concurrent.impl.Promise$Transformation.run(Promise.scala:467)
	at com.daml.executors.QueueAwareExecutorService$TrackingRunnable.run(QueueAwareExecutorService.scala:98)
	at com.daml.metrics.InstrumentedExecutorServiceMetrics$InstrumentedExecutorService$InstrumentedRunnable.run(InstrumentedExecutorServiceMetrics.scala:202)
	at java.base/java.util.concurrent.ThreadPoolExecutor.runWorker(ThreadPoolExecutor.java:1136)
	at java.base/java.util.concurrent.ThreadPoolExecutor$Worker.run(ThreadPoolExecutor.java:635)
	at java.base/java.lang.Thread.run(Thread.java:840)
2026-01-20 15:11:14,151 [daml.index.db.threadpool.connection.api-server-1] DEBUG c.d.c.n.g.ApiRequestLogger:participant=sandbox tid:ca504ed0f5166e3a7046ec75417cd51c - Request c.d.l.a.v.PackageService/GetPackageStatus by /127.0.0.1:49741: received a message 
  Request tid:ca504ed0f5166e3a7046ec75417cd51c
2026-01-20 15:11:14,153 [canton-env-ec-80] INFO  c.d.c.p.a.s.ApiPackageService:participant=sandbox tid:ca504ed0f5166e3a7046ec75417cd51c - Received request for a package status: GetPackageStatusRequest(sandbox,6c2c0667393c5f92f1885163068cd31800d2264eb088eb6fc740e11241b2bf06), packageId -> '6c2c0667393c5f92f1885163068cd31800d2264eb088eb6fc740e11241b2bf06'.
2026-01-20 15:11:14,174 [daml.index.db.threadpool.connection.api-server-1] ERROR c.d.c.p.s.d.DbDispatcherImpl:participant=sandbox tid:ca504ed0f5166e3a7046ec75417cd51c - INDEX_DB_SQL_NON_TRANSIENT_ERROR(4,ca504ed0): Processing the request failed due to a non-transient database error: Table "PACKAGES" not found (this database is empty); SQL statement:

      select packages.package_id, packages.source_description, packages.known_since, packages.package_size
      from packages
      where packages.ledger_offset <= ?
     [42104-210] err-context:{location=DatabaseSelfServiceError.scala:53} 
org.h2.jdbc.JdbcSQLSyntaxErrorException: Table "PACKAGES" not found (this database is empty); SQL statement:

      select packages.package_id, packages.source_description, packages.known_since, packages.package_size
      from packages
      where packages.ledger_offset <= ?
     [42104-210]
	at org.h2.message.DbException.getJdbcSQLException(DbException.java:521)
	at org.h2.message.DbException.getJdbcSQLException(DbException.java:496)
	at org.h2.message.DbException.get(DbException.java:227)
	at org.h2.message.DbException.get(DbException.java:203)
	at org.h2.command.Parser.getTableOrViewNotFoundDbException(Parser.java:8397)
	at org.h2.command.Parser.getTableOrViewNotFoundDbException(Parser.java:8381)
	at org.h2.command.Parser.readTableOrView(Parser.java:8370)
	at org.h2.command.Parser.readTablePrimary(Parser.java:1866)
	at org.h2.command.Parser.readTableReference(Parser.java:2342)
	at org.h2.command.Parser.parseSelectFromPart(Parser.java:2793)
	at org.h2.command.Parser.parseSelect(Parser.java:2900)
	at org.h2.command.Parser.parseQueryPrimary(Parser.java:2783)
	at org.h2.command.Parser.parseQueryTerm(Parser.java:2650)
	at org.h2.command.Parser.parseQueryExpressionBody(Parser.java:2629)
	at org.h2.command.Parser.parseQueryExpressionBodyAndEndOfQuery(Parser.java:2622)
	at org.h2.command.Parser.parseQueryExpression(Parser.java:2615)
	at org.h2.command.Parser.parseQuery(Parser.java:2576)
	at org.h2.command.Parser.parsePrepared(Parser.java:707)
	at org.h2.command.Parser.parse(Parser.java:674)
	at org.h2.command.Parser.parse(Parser.java:644)
	at org.h2.command.Parser.prepareCommand(Parser.java:551)
	at org.h2.engine.SessionLocal.prepareLocal(SessionLocal.java:615)
	at org.h2.engine.SessionLocal.prepareCommand(SessionLocal.java:553)
	at org.h2.jdbc.JdbcConnection.prepareCommand(JdbcConnection.java:1116)
	at org.h2.jdbc.JdbcPreparedStatement.<init>(JdbcPreparedStatement.java:92)
	at org.h2.jdbc.JdbcConnection.prepareStatement(JdbcConnection.java:288)
	at com.zaxxer.hikari.pool.ProxyConnection.prepareStatement(ProxyConnection.java:311)
	at com.zaxxer.hikari.pool.HikariProxyConnection.prepareStatement(HikariProxyConnection.java)
	at anorm.SimpleSql.$anonfun$prepareNoGeneratedKeys$1(SimpleSql.scala:55)
	at anorm.SimpleSql.unsafeStatement(SimpleSql.scala:85)
	at anorm.SimpleSql.unsafeStatement(SimpleSql.scala:68)
	at anorm.Sql.$anonfun$preparedStatement$1(Anorm.scala:77)
	at resource.DefaultManagedResource.open(AbstractManagedResource.scala:107)
	at resource.AbstractManagedResource.acquireFor(AbstractManagedResource.scala:84)
	at resource.ManagedResourceOperations$$anon$1.acquireFor(ManagedResourceOperations.scala:47)
	at resource.DeferredExtractableManagedResource.acquireFor(AbstractManagedResource.scala:25)
	at resource.ManagedResourceOperations.apply(ManagedResourceOperations.scala:31)
	at resource.ManagedResourceOperations.apply$(ManagedResourceOperations.scala:31)
	at resource.DeferredExtractableManagedResource.apply(AbstractManagedResource.scala:22)
	at resource.ManagedResourceOperations.acquireAndGet(ManagedResourceOperations.scala:29)
	at resource.ManagedResourceOperations.acquireAndGet$(ManagedResourceOperations.scala:29)
	at resource.DeferredExtractableManagedResource.acquireAndGet(AbstractManagedResource.scala:22)
	at anorm.Sql$.$anonfun$asTry$1(Anorm.scala:263)
	at scala.util.Try$.apply(Try.scala:210)
	at anorm.Sql$.asTry(Anorm.scala:263)
	at anorm.WithResult.asTry(SqlResult.scala:215)
	at anorm.WithResult.asTry$(SqlResult.scala:213)
	at anorm.SimpleSql.asTry(SimpleSql.scala:6)
	at anorm.WithResult.as(SqlResult.scala:205)
	at anorm.WithResult.as$(SqlResult.scala:204)
	at anorm.SimpleSql.as(SimpleSql.scala:6)
	at com.digitalasset.canton.platform.store.backend.common.PackageStorageBackendTemplate.lfPackages(PackageStorageBackendTemplate.scala:54)
	at com.digitalasset.canton.platform.store.dao.JdbcLedgerDao.$anonfun$listLfPackages$1(JdbcLedgerDao.scala:311)
	at com.digitalasset.canton.platform.store.dao.DataSourceConnectionProvider$$anon$1.$anonfun$runSQL$1(HikariJdbcConnectionProvider.scala:80)
	at com.daml.metrics.api.opentelemetry.OpenTelemetryTimer.time(OpenTelemetryMetricsFactory.scala:180)
	at com.daml.metrics.Timed$.value(Timed.scala:18)
	at com.digitalasset.canton.platform.store.dao.DataSourceConnectionProvider$$anon$1.runSQL(HikariJdbcConnectionProvider.scala:80)
	at com.digitalasset.canton.platform.store.dao.DbDispatcherImpl.$anonfun$executeSql$2(DbDispatcher.scala:87)
	at scala.concurrent.Future$.$anonfun$apply$1(Future.scala:687)
	at scala.concurrent.impl.Promise$Transformation.run(Promise.scala:467)
	at com.daml.executors.QueueAwareExecutorService$TrackingRunnable.run(QueueAwareExecutorService.scala:98)
	at com.daml.metrics.InstrumentedExecutorServiceMetrics$InstrumentedExecutorService$InstrumentedRunnable.run(InstrumentedExecutorServiceMetrics.scala:202)
	at java.base/java.util.concurrent.ThreadPoolExecutor.runWorker(ThreadPoolExecutor.java:1136)
	at java.base/java.util.concurrent.ThreadPoolExecutor$Worker.run(ThreadPoolExecutor.java:635)
	at java.base/java.lang.Thread.run(Thread.java:840)
2026-01-20 15:11:14,152 [daml.index.db.threadpool.connection.api-server-3] DEBUG c.d.c.n.g.ApiRequestLogger:participant=sandbox tid:9b048d3e3969f502562258620b41249b - Request c.d.l.a.v.PackageService/GetPackageStatus by /127.0.0.1:49741: received a message 
  Request tid:9b048d3e3969f502562258620b41249b
2026-01-20 15:11:14,154 [canton-env-ec-22] INFO  c.d.c.p.a.s.ApiPackageService:participant=sandbox tid:9b048d3e3969f502562258620b41249b - Received request for a package status: GetPackageStatusRequest(sandbox,57b5c520512c24035057aa4c783cb7ac7f3f49db29806280962e188be7aadb66), packageId -> '57b5c520512c24035057aa4c783cb7ac7f3f49db29806280962e188be7aadb66'.
2026-01-20 15:11:14,178 [daml.index.db.threadpool.connection.api-server-3] ERROR c.d.c.p.s.d.DbDispatcherImpl:participant=sandbox tid:9b048d3e3969f502562258620b41249b - INDEX_DB_SQL_NON_TRANSIENT_ERROR(4,9b048d3e): Processing the request failed due to a non-transient database error: Table "PACKAGES" not found (this database is empty); SQL statement:

      select packages.package_id, packages.source_description, packages.known_since, packages.package_size
      from packages
      where packages.ledger_offset <= ?
     [42104-210] err-context:{location=DatabaseSelfServiceError.scala:53} 
org.h2.jdbc.JdbcSQLSyntaxErrorException: Table "PACKAGES" not found (this database is empty); SQL statement:

      select packages.package_id, packages.source_description, packages.known_since, packages.package_size
      from packages
      where packages.ledger_offset <= ?
     [42104-210]
	at org.h2.message.DbException.getJdbcSQLException(DbException.java:521)
	at org.h2.message.DbException.getJdbcSQLException(DbException.java:496)
	at org.h2.message.DbException.get(DbException.java:227)
	at org.h2.message.DbException.get(DbException.java:203)
	at org.h2.command.Parser.getTableOrViewNotFoundDbException(Parser.java:8397)
	at org.h2.command.Parser.getTableOrViewNotFoundDbException(Parser.java:8381)
	at org.h2.command.Parser.readTableOrView(Parser.java:8370)
	at org.h2.command.Parser.readTablePrimary(Parser.java:1866)
	at org.h2.command.Parser.readTableReference(Parser.java:2342)
	at org.h2.command.Parser.parseSelectFromPart(Parser.java:2793)
	at org.h2.command.Parser.parseSelect(Parser.java:2900)
	at org.h2.command.Parser.parseQueryPrimary(Parser.java:2783)
	at org.h2.command.Parser.parseQueryTerm(Parser.java:2650)
	at org.h2.command.Parser.parseQueryExpressionBody(Parser.java:2629)
	at org.h2.command.Parser.parseQueryExpressionBodyAndEndOfQuery(Parser.java:2622)
	at org.h2.command.Parser.parseQueryExpression(Parser.java:2615)
	at org.h2.command.Parser.parseQuery(Parser.java:2576)
	at org.h2.command.Parser.parsePrepared(Parser.java:707)
	at org.h2.command.Parser.parse(Parser.java:674)
	at org.h2.command.Parser.parse(Parser.java:644)
	at org.h2.command.Parser.prepareCommand(Parser.java:551)
	at org.h2.engine.SessionLocal.prepareLocal(SessionLocal.java:615)
	at org.h2.engine.SessionLocal.prepareCommand(SessionLocal.java:553)
	at org.h2.jdbc.JdbcConnection.prepareCommand(JdbcConnection.java:1116)
	at org.h2.jdbc.JdbcPreparedStatement.<init>(JdbcPreparedStatement.java:92)
	at org.h2.jdbc.JdbcConnection.prepareStatement(JdbcConnection.java:288)
	at com.zaxxer.hikari.pool.ProxyConnection.prepareStatement(ProxyConnection.java:311)
	at com.zaxxer.hikari.pool.HikariProxyConnection.prepareStatement(HikariProxyConnection.java)
	at anorm.SimpleSql.$anonfun$prepareNoGeneratedKeys$1(SimpleSql.scala:55)
	at anorm.SimpleSql.unsafeStatement(SimpleSql.scala:85)
	at anorm.SimpleSql.unsafeStatement(SimpleSql.scala:68)
	at anorm.Sql.$anonfun$preparedStatement$1(Anorm.scala:77)
	at resource.DefaultManagedResource.open(AbstractManagedResource.scala:107)
	at resource.AbstractManagedResource.acquireFor(AbstractManagedResource.scala:84)
	at resource.ManagedResourceOperations$$anon$1.acquireFor(ManagedResourceOperations.scala:47)
	at resource.DeferredExtractableManagedResource.acquireFor(AbstractManagedResource.scala:25)
	at resource.ManagedResourceOperations.apply(ManagedResourceOperations.scala:31)
	at resource.ManagedResourceOperations.apply$(ManagedResourceOperations.scala:31)
	at resource.DeferredExtractableManagedResource.apply(AbstractManagedResource.scala:22)
	at resource.ManagedResourceOperations.acquireAndGet(ManagedResourceOperations.scala:29)
	at resource.ManagedResourceOperations.acquireAndGet$(ManagedResourceOperations.scala:29)
	at resource.DeferredExtractableManagedResource.acquireAndGet(AbstractManagedResource.scala:22)
	at anorm.Sql$.$anonfun$asTry$1(Anorm.scala:263)
	at scala.util.Try$.apply(Try.scala:210)
	at anorm.Sql$.asTry(Anorm.scala:263)
	at anorm.WithResult.asTry(SqlResult.scala:215)
	at anorm.WithResult.asTry$(SqlResult.scala:213)
	at anorm.SimpleSql.asTry(SimpleSql.scala:6)
	at anorm.WithResult.as(SqlResult.scala:205)
	at anorm.WithResult.as$(SqlResult.scala:204)
	at anorm.SimpleSql.as(SimpleSql.scala:6)
	at com.digitalasset.canton.platform.store.backend.common.PackageStorageBackendTemplate.lfPackages(PackageStorageBackendTemplate.scala:54)
	at com.digitalasset.canton.platform.store.dao.JdbcLedgerDao.$anonfun$listLfPackages$1(JdbcLedgerDao.scala:311)
	at com.digitalasset.canton.platform.store.dao.DataSourceConnectionProvider$$anon$1.$anonfun$runSQL$1(HikariJdbcConnectionProvider.scala:80)
	at com.daml.metrics.api.opentelemetry.OpenTelemetryTimer.time(OpenTelemetryMetricsFactory.scala:180)
	at com.daml.metrics.Timed$.value(Timed.scala:18)
	at com.digitalasset.canton.platform.store.dao.DataSourceConnectionProvider$$anon$1.runSQL(HikariJdbcConnectionProvider.scala:80)
	at com.digitalasset.canton.platform.store.dao.DbDispatcherImpl.$anonfun$executeSql$2(DbDispatcher.scala:87)
	at scala.concurrent.Future$.$anonfun$apply$1(Future.scala:687)
	at scala.concurrent.impl.Promise$Transformation.run(Promise.scala:467)
	at com.daml.executors.QueueAwareExecutorService$TrackingRunnable.run(QueueAwareExecutorService.scala:98)
	at com.daml.metrics.InstrumentedExecutorServiceMetrics$InstrumentedExecutorService$InstrumentedRunnable.run(InstrumentedExecutorServiceMetrics.scala:202)
	at java.base/java.util.concurrent.ThreadPoolExecutor.runWorker(ThreadPoolExecutor.java:1136)
	at java.base/java.util.concurrent.ThreadPoolExecutor$Worker.run(ThreadPoolExecutor.java:635)
	at java.base/java.lang.Thread.run(Thread.java:840)
2026-01-20 15:11:14,178 [canton-env-ec-81] ERROR c.d.c.p.a.s.ApiPackageService:participant=sandbox tid:f473236732b67af74ecdb58004b9f375 - Unhandled internal error
com.digitalasset.canton.ledger.error.IndexErrors$IndexDbException: INTERNAL: An error occurred. Please contact the operator and inquire about the request f473236732b67af74ecdb58004b9f375 with tid f473236732b67af74ecdb58004b9f375
2026-01-20 15:11:14,151 [daml.index.db.threadpool.connection.api-server-0] DEBUG c.d.c.n.g.ApiRequestLogger:participant=sandbox tid:4abeefe0ec2654daf0353681bc4a88c7 - Request c.d.l.a.v.PackageService/GetPackageStatus by /127.0.0.1:49741: received a message 
  Request tid:4abeefe0ec2654daf0353681bc4a88c7
2026-01-20 15:11:14,154 [canton-env-ec-20] INFO  c.d.c.p.a.s.ApiPackageService:participant=sandbox tid:4abeefe0ec2654daf0353681bc4a88c7 - Received request for a package status: GetPackageStatusRequest(sandbox,d704ffbe610258c670d226b969e861dfcaf2f51bf0d205ef6ff6362af45985a1), packageId -> 'd704ffbe610258c670d226b969e861dfcaf2f51bf0d205ef6ff6362af45985a1'.
2026-01-20 15:11:14,178 [daml.index.db.threadpool.connection.api-server-0] ERROR c.d.c.p.s.d.DbDispatcherImpl:participant=sandbox tid:4abeefe0ec2654daf0353681bc4a88c7 - INDEX_DB_SQL_NON_TRANSIENT_ERROR(4,4abeefe0): Processing the request failed due to a non-transient database error: Table "PACKAGES" not found (this database is empty); SQL statement:

      select packages.package_id, packages.source_description, packages.known_since, packages.package_size
      from packages
      where packages.ledger_offset <= ?
     [42104-210] err-context:{location=DatabaseSelfServiceError.scala:53} 
org.h2.jdbc.JdbcSQLSyntaxErrorException: Table "PACKAGES" not found (this database is empty); SQL statement:

      select packages.package_id, packages.source_description, packages.known_since, packages.package_size
      from packages
      where packages.ledger_offset <= ?
     [42104-210]
	at org.h2.message.DbException.getJdbcSQLException(DbException.java:521)
	at org.h2.message.DbException.getJdbcSQLException(DbException.java:496)
	at org.h2.message.DbException.get(DbException.java:227)
	at org.h2.message.DbException.get(DbException.java:203)
	at org.h2.command.Parser.getTableOrViewNotFoundDbException(Parser.java:8397)
	at org.h2.command.Parser.getTableOrViewNotFoundDbException(Parser.java:8381)
	at org.h2.command.Parser.readTableOrView(Parser.java:8370)
	at org.h2.command.Parser.readTablePrimary(Parser.java:1866)
	at org.h2.command.Parser.readTableReference(Parser.java:2342)
	at org.h2.command.Parser.parseSelectFromPart(Parser.java:2793)
	at org.h2.command.Parser.parseSelect(Parser.java:2900)
	at org.h2.command.Parser.parseQueryPrimary(Parser.java:2783)
	at org.h2.command.Parser.parseQueryTerm(Parser.java:2650)
	at org.h2.command.Parser.parseQueryExpressionBody(Parser.java:2629)
	at org.h2.command.Parser.parseQueryExpressionBodyAndEndOfQuery(Parser.java:2622)
	at org.h2.command.Parser.parseQueryExpression(Parser.java:2615)
	at org.h2.command.Parser.parseQuery(Parser.java:2576)
	at org.h2.command.Parser.parsePrepared(Parser.java:707)
	at org.h2.command.Parser.parse(Parser.java:674)
	at org.h2.command.Parser.parse(Parser.java:644)
	at org.h2.command.Parser.prepareCommand(Parser.java:551)
	at org.h2.engine.SessionLocal.prepareLocal(SessionLocal.java:615)
	at org.h2.engine.SessionLocal.prepareCommand(SessionLocal.java:553)
	at org.h2.jdbc.JdbcConnection.prepareCommand(JdbcConnection.java:1116)
	at org.h2.jdbc.JdbcPreparedStatement.<init>(JdbcPreparedStatement.java:92)
	at org.h2.jdbc.JdbcConnection.prepareStatement(JdbcConnection.java:288)
	at com.zaxxer.hikari.pool.ProxyConnection.prepareStatement(ProxyConnection.java:311)
	at com.zaxxer.hikari.pool.HikariProxyConnection.prepareStatement(HikariProxyConnection.java)
	at anorm.SimpleSql.$anonfun$prepareNoGeneratedKeys$1(SimpleSql.scala:55)
	at anorm.SimpleSql.unsafeStatement(SimpleSql.scala:85)
	at anorm.SimpleSql.unsafeStatement(SimpleSql.scala:68)
	at anorm.Sql.$anonfun$preparedStatement$1(Anorm.scala:77)
	at resource.DefaultManagedResource.open(AbstractManagedResource.scala:107)
	at resource.AbstractManagedResource.acquireFor(AbstractManagedResource.scala:84)
	at resource.ManagedResourceOperations$$anon$1.acquireFor(ManagedResourceOperations.scala:47)
	at resource.DeferredExtractableManagedResource.acquireFor(AbstractManagedResource.scala:25)
	at resource.ManagedResourceOperations.apply(ManagedResourceOperations.scala:31)
	at resource.ManagedResourceOperations.apply$(ManagedResourceOperations.scala:31)
	at resource.DeferredExtractableManagedResource.apply(AbstractManagedResource.scala:22)
	at resource.ManagedResourceOperations.acquireAndGet(ManagedResourceOperations.scala:29)
	at resource.ManagedResourceOperations.acquireAndGet$(ManagedResourceOperations.scala:29)
	at resource.DeferredExtractableManagedResource.acquireAndGet(AbstractManagedResource.scala:22)
	at anorm.Sql$.$anonfun$asTry$1(Anorm.scala:263)
	at scala.util.Try$.apply(Try.scala:210)
	at anorm.Sql$.asTry(Anorm.scala:263)
	at anorm.WithResult.asTry(SqlResult.scala:215)
	at anorm.WithResult.asTry$(SqlResult.scala:213)
	at anorm.SimpleSql.asTry(SimpleSql.scala:6)
	at anorm.WithResult.as(SqlResult.scala:205)
	at anorm.WithResult.as$(SqlResult.scala:204)
	at anorm.SimpleSql.as(SimpleSql.scala:6)
	at com.digitalasset.canton.platform.store.backend.common.PackageStorageBackendTemplate.lfPackages(PackageStorageBackendTemplate.scala:54)
	at com.digitalasset.canton.platform.store.dao.JdbcLedgerDao.$anonfun$listLfPackages$1(JdbcLedgerDao.scala:311)
	at com.digitalasset.canton.platform.store.dao.DataSourceConnectionProvider$$anon$1.$anonfun$runSQL$1(HikariJdbcConnectionProvider.scala:80)
	at com.daml.metrics.api.opentelemetry.OpenTelemetryTimer.time(OpenTelemetryMetricsFactory.scala:180)
	at com.daml.metrics.Timed$.value(Timed.scala:18)
	at com.digitalasset.canton.platform.store.dao.DataSourceConnectionProvider$$anon$1.runSQL(HikariJdbcConnectionProvider.scala:80)
	at com.digitalasset.canton.platform.store.dao.DbDispatcherImpl.$anonfun$executeSql$2(DbDispatcher.scala:87)
	at scala.concurrent.Future$.$anonfun$apply$1(Future.scala:687)
	at scala.concurrent.impl.Promise$Transformation.run(Promise.scala:467)
	at com.daml.executors.QueueAwareExecutorService$TrackingRunnable.run(QueueAwareExecutorService.scala:98)
	at com.daml.metrics.InstrumentedExecutorServiceMetrics$InstrumentedExecutorService$InstrumentedRunnable.run(InstrumentedExecutorServiceMetrics.scala:202)
	at java.base/java.util.concurrent.ThreadPoolExecutor.runWorker(ThreadPoolExecutor.java:1136)
	at java.base/java.util.concurrent.ThreadPoolExecutor$Worker.run(ThreadPoolExecutor.java:635)
	at java.base/java.lang.Thread.run(Thread.java:840)
2026-01-20 15:11:14,178 [canton-env-ec-27] ERROR c.d.c.p.a.s.ApiPackageService:participant=sandbox tid:00d0b3bf5e7d676cbd20c1a61993df5c - Unhandled internal error
com.digitalasset.canton.ledger.error.IndexErrors$IndexDbException: INTERNAL: An error occurred. Please contact the operator and inquire about the request 00d0b3bf5e7d676cbd20c1a61993df5c with tid 00d0b3bf5e7d676cbd20c1a61993df5c
2026-01-20 15:11:14,152 [daml.index.db.threadpool.connection.api-server-2] DEBUG c.d.c.n.g.ApiRequestLogger:participant=sandbox tid:79648209884424049c11f9a447c1a974 - Request c.d.l.a.v.PackageService/GetPackageStatus by /127.0.0.1:49741: received a message 
  Request tid:79648209884424049c11f9a447c1a974
2026-01-20 15:11:14,154 [canton-env-ec-83] INFO  c.d.c.p.a.s.ApiPackageService:participant=sandbox tid:79648209884424049c11f9a447c1a974 - Received request for a package status: GetPackageStatusRequest(sandbox,e4cc67c3264eba4a19c080cac5ab32d87551578e0f5f58b6a9460f91c7abc254), packageId -> 'e4cc67c3264eba4a19c080cac5ab32d87551578e0f5f58b6a9460f91c7abc254'.
2026-01-20 15:11:14,177 [daml.index.db.threadpool.connection.api-server-2] ERROR c.d.c.p.s.d.DbDispatcherImpl:participant=sandbox tid:79648209884424049c11f9a447c1a974 - INDEX_DB_SQL_NON_TRANSIENT_ERROR(4,79648209): Processing the request failed due to a non-transient database error: Table "PACKAGES" not found (this database is empty); SQL statement:

      select packages.package_id, packages.source_description, packages.known_since, packages.package_size
      from packages
      where packages.ledger_offset <= ?
     [42104-210] err-context:{location=DatabaseSelfServiceError.scala:53} 
org.h2.jdbc.JdbcSQLSyntaxErrorException: Table "PACKAGES" not found (this database is empty); SQL statement:

      select packages.package_id, packages.source_description, packages.known_since, packages.package_size
      from packages
      where packages.ledger_offset <= ?
     [42104-210]
	at org.h2.message.DbException.getJdbcSQLException(DbException.java:521)
	at org.h2.message.DbException.getJdbcSQLException(DbException.java:496)
	at org.h2.message.DbException.get(DbException.java:227)
	at org.h2.message.DbException.get(DbException.java:203)
	at org.h2.command.Parser.getTableOrViewNotFoundDbException(Parser.java:8397)
	at org.h2.command.Parser.getTableOrViewNotFoundDbException(Parser.java:8381)
	at org.h2.command.Parser.readTableOrView(Parser.java:8370)
	at org.h2.command.Parser.readTablePrimary(Parser.java:1866)
	at org.h2.command.Parser.readTableReference(Parser.java:2342)
	at org.h2.command.Parser.parseSelectFromPart(Parser.java:2793)
	at org.h2.command.Parser.parseSelect(Parser.java:2900)
	at org.h2.command.Parser.parseQueryPrimary(Parser.java:2783)
	at org.h2.command.Parser.parseQueryTerm(Parser.java:2650)
	at org.h2.command.Parser.parseQueryExpressionBody(Parser.java:2629)
	at org.h2.command.Parser.parseQueryExpressionBodyAndEndOfQuery(Parser.java:2622)
	at org.h2.command.Parser.parseQueryExpression(Parser.java:2615)
	at org.h2.command.Parser.parseQuery(Parser.java:2576)
	at org.h2.command.Parser.parsePrepared(Parser.java:707)
	at org.h2.command.Parser.parse(Parser.java:674)
	at org.h2.command.Parser.parse(Parser.java:644)
	at org.h2.command.Parser.prepareCommand(Parser.java:551)
	at org.h2.engine.SessionLocal.prepareLocal(SessionLocal.java:615)
	at org.h2.engine.SessionLocal.prepareCommand(SessionLocal.java:553)
	at org.h2.jdbc.JdbcConnection.prepareCommand(JdbcConnection.java:1116)
	at org.h2.jdbc.JdbcPreparedStatement.<init>(JdbcPreparedStatement.java:92)
	at org.h2.jdbc.JdbcConnection.prepareStatement(JdbcConnection.java:288)
	at com.zaxxer.hikari.pool.ProxyConnection.prepareStatement(ProxyConnection.java:311)
	at com.zaxxer.hikari.pool.HikariProxyConnection.prepareStatement(HikariProxyConnection.java)
	at anorm.SimpleSql.$anonfun$prepareNoGeneratedKeys$1(SimpleSql.scala:55)
	at anorm.SimpleSql.unsafeStatement(SimpleSql.scala:85)
	at anorm.SimpleSql.unsafeStatement(SimpleSql.scala:68)
	at anorm.Sql.$anonfun$preparedStatement$1(Anorm.scala:77)
	at resource.DefaultManagedResource.open(AbstractManagedResource.scala:107)
	at resource.AbstractManagedResource.acquireFor(AbstractManagedResource.scala:84)
	at resource.ManagedResourceOperations$$anon$1.acquireFor(ManagedResourceOperations.scala:47)
	at resource.DeferredExtractableManagedResource.acquireFor(AbstractManagedResource.scala:25)
	at resource.ManagedResourceOperations.apply(ManagedResourceOperations.scala:31)
	at resource.ManagedResourceOperations.apply$(ManagedResourceOperations.scala:31)
	at resource.DeferredExtractableManagedResource.apply(AbstractManagedResource.scala:22)
	at resource.ManagedResourceOperations.acquireAndGet(ManagedResourceOperations.scala:29)
	at resource.ManagedResourceOperations.acquireAndGet$(ManagedResourceOperations.scala:29)
	at resource.DeferredExtractableManagedResource.acquireAndGet(AbstractManagedResource.scala:22)
	at anorm.Sql$.$anonfun$asTry$1(Anorm.scala:263)
	at scala.util.Try$.apply(Try.scala:210)
	at anorm.Sql$.asTry(Anorm.scala:263)
	at anorm.WithResult.asTry(SqlResult.scala:215)
	at anorm.WithResult.asTry$(SqlResult.scala:213)
	at anorm.SimpleSql.asTry(SimpleSql.scala:6)
	at anorm.WithResult.as(SqlResult.scala:205)
	at anorm.WithResult.as$(SqlResult.scala:204)
	at anorm.SimpleSql.as(SimpleSql.scala:6)
	at com.digitalasset.canton.platform.store.backend.common.PackageStorageBackendTemplate.lfPackages(PackageStorageBackendTemplate.scala:54)
	at com.digitalasset.canton.platform.store.dao.JdbcLedgerDao.$anonfun$listLfPackages$1(JdbcLedgerDao.scala:311)
	at com.digitalasset.canton.platform.store.dao.DataSourceConnectionProvider$$anon$1.$anonfun$runSQL$1(HikariJdbcConnectionProvider.scala:80)
	at com.daml.metrics.api.opentelemetry.OpenTelemetryTimer.time(OpenTelemetryMetricsFactory.scala:180)
	at com.daml.metrics.Timed$.value(Timed.scala:18)
	at com.digitalasset.canton.platform.store.dao.DataSourceConnectionProvider$$anon$1.runSQL(HikariJdbcConnectionProvider.scala:80)
	at com.digitalasset.canton.platform.store.dao.DbDispatcherImpl.$anonfun$executeSql$2(DbDispatcher.scala:87)
	at scala.concurrent.Future$.$anonfun$apply$1(Future.scala:687)
	at scala.concurrent.impl.Promise$Transformation.run(Promise.scala:467)
	at com.daml.executors.QueueAwareExecutorService$TrackingRunnable.run(QueueAwareExecutorService.scala:98)
	at com.daml.metrics.InstrumentedExecutorServiceMetrics$InstrumentedExecutorService$InstrumentedRunnable.run(InstrumentedExecutorServiceMetrics.scala:202)
	at java.base/java.util.concurrent.ThreadPoolExecutor.runWorker(ThreadPoolExecutor.java:1136)
	at java.base/java.util.concurrent.ThreadPoolExecutor$Worker.run(ThreadPoolExecutor.java:635)
	at java.base/java.lang.Thread.run(Thread.java:840)
2026-01-20 15:11:14,177 [canton-env-ec-77] ERROR c.d.c.p.a.s.ApiPackageService:participant=sandbox tid:aa82cc6e21594d8ffa79db6531c97824 - Unhandled internal error
com.digitalasset.canton.ledger.error.IndexErrors$IndexDbException: INTERNAL: An error occurred. Please contact the operator and inquire about the request aa82cc6e21594d8ffa79db6531c97824 with tid aa82cc6e21594d8ffa79db6531c97824
2026-01-20 15:11:14,177 [canton-env-ec-26] ERROR c.d.c.n.g.ApiRequestLogger:participant=sandbox tid:fe4587ee1385717368c04c34150aa9c7 - Request c.d.l.a.v.PackageService/GetPackageStatus by /127.0.0.1:49741: failed with INTERNAL/An error occurred. Please contact the operator and inquire about the request fe4587ee1385717368c04c34150aa9c7 with tid fe4587ee1385717368c04c34150aa9c7
2026-01-20 15:11:14,176 [canton-env-ec-29] ERROR c.d.c.n.g.ApiRequestLogger:participant=sandbox tid:a254898fd97a05803881cd6d36944a35 - Request c.d.l.a.v.PackageService/GetPackageStatus by /127.0.0.1:49741: failed with INTERNAL/An error occurred. Please contact the operator and inquire about the request a254898fd97a05803881cd6d36944a35 with tid a254898fd97a05803881cd6d36944a35
2026-01-20 15:11:14,176 [canton-env-ec-89] ERROR c.d.c.n.g.ApiRequestLogger:participant=sandbox tid:ebd9d2c2bab3ad596ddca4701274eb37 - Request c.d.l.a.v.PackageService/GetPackageStatus by /127.0.0.1:49741: failed with INTERNAL/An error occurred. Please contact the operator and inquire about the request ebd9d2c2bab3ad596ddca4701274eb37 with tid ebd9d2c2bab3ad596ddca4701274eb37
2026-01-20 15:11:14,176 [canton-env-ec-78] ERROR c.d.c.n.g.ApiRequestLogger:participant=sandbox tid:c83581ea36495ba3630ff7b34c0f0660 - Request c.d.l.a.v.PackageService/GetPackageStatus by /127.0.0.1:49741: failed with INTERNAL/An error occurred. Please contact the operator and inquire about the request c83581ea36495ba3630ff7b34c0f0660 with tid c83581ea36495ba3630ff7b34c0f0660
2026-01-20 15:11:14,176 [canton-env-ec-82] ERROR c.d.c.n.g.ApiRequestLogger:participant=sandbox tid:84e20584e16753dad65a9d6694f64edf - Request c.d.l.a.v.PackageService/GetPackageStatus by /127.0.0.1:49741: failed with INTERNAL/An error occurred. Please contact the operator and inquire about the request 84e20584e16753dad65a9d6694f64edf with tid 84e20584e16753dad65a9d6694f64edf
2026-01-20 15:11:14,151 [daml.index.db.threadpool.connection.api-server-4] DEBUG c.d.c.n.g.ApiRequestLogger:participant=sandbox tid:33bf88c660328aa3b1685177caa09fd3 - Request c.d.l.a.v.PackageService/GetPackageStatus by /127.0.0.1:49741: received a message 
  Request tid:33bf88c660328aa3b1685177caa09fd3
2026-01-20 15:11:14,154 [canton-env-ec-81] INFO  c.d.c.p.a.s.ApiPackageService:participant=sandbox tid:33bf88c660328aa3b1685177caa09fd3 - Received request for a package status: GetPackageStatusRequest(sandbox,99a2705ed38c1c26cbb8fe7acf36bbf626668e167a33335de932599219e0a235), packageId -> '99a2705ed38c1c26cbb8fe7acf36bbf626668e167a33335de932599219e0a235'.
2026-01-20 15:11:14,176 [daml.index.db.threadpool.connection.api-server-4] ERROR c.d.c.p.s.d.DbDispatcherImpl:participant=sandbox tid:33bf88c660328aa3b1685177caa09fd3 - INDEX_DB_SQL_NON_TRANSIENT_ERROR(4,33bf88c6): Processing the request failed due to a non-transient database error: Table "PACKAGES" not found (this database is empty); SQL statement:

      select packages.package_id, packages.source_description, packages.known_since, packages.package_size
      from packages
      where packages.ledger_offset <= ?
     [42104-210] err-context:{location=DatabaseSelfServiceError.scala:53} 
org.h2.jdbc.JdbcSQLSyntaxErrorException: Table "PACKAGES" not found (this database is empty); SQL statement:

      select packages.package_id, packages.source_description, packages.known_since, packages.package_size
      from packages
      where packages.ledger_offset <= ?
     [42104-210]
	at org.h2.message.DbException.getJdbcSQLException(DbException.java:521)
	at org.h2.message.DbException.getJdbcSQLException(DbException.java:496)
	at org.h2.message.DbException.get(DbException.java:227)
	at org.h2.message.DbException.get(DbException.java:203)
	at org.h2.command.Parser.getTableOrViewNotFoundDbException(Parser.java:8397)
	at org.h2.command.Parser.getTableOrViewNotFoundDbException(Parser.java:8381)
	at org.h2.command.Parser.readTableOrView(Parser.java:8370)
	at org.h2.command.Parser.readTablePrimary(Parser.java:1866)
	at org.h2.command.Parser.readTableReference(Parser.java:2342)
	at org.h2.command.Parser.parseSelectFromPart(Parser.java:2793)
	at org.h2.command.Parser.parseSelect(Parser.java:2900)
	at org.h2.command.Parser.parseQueryPrimary(Parser.java:2783)
	at org.h2.command.Parser.parseQueryTerm(Parser.java:2650)
	at org.h2.command.Parser.parseQueryExpressionBody(Parser.java:2629)
	at org.h2.command.Parser.parseQueryExpressionBodyAndEndOfQuery(Parser.java:2622)
	at org.h2.command.Parser.parseQueryExpression(Parser.java:2615)
	at org.h2.command.Parser.parseQuery(Parser.java:2576)
	at org.h2.command.Parser.parsePrepared(Parser.java:707)
	at org.h2.command.Parser.parse(Parser.java:674)
	at org.h2.command.Parser.parse(Parser.java:644)
	at org.h2.command.Parser.prepareCommand(Parser.java:551)
	at org.h2.engine.SessionLocal.prepareLocal(SessionLocal.java:615)
	at org.h2.engine.SessionLocal.prepareCommand(SessionLocal.java:553)
	at org.h2.jdbc.JdbcConnection.prepareCommand(JdbcConnection.java:1116)
	at org.h2.jdbc.JdbcPreparedStatement.<init>(JdbcPreparedStatement.java:92)
	at org.h2.jdbc.JdbcConnection.prepareStatement(JdbcConnection.java:288)
	at com.zaxxer.hikari.pool.ProxyConnection.prepareStatement(ProxyConnection.java:311)
	at com.zaxxer.hikari.pool.HikariProxyConnection.prepareStatement(HikariProxyConnection.java)
	at anorm.SimpleSql.$anonfun$prepareNoGeneratedKeys$1(SimpleSql.scala:55)
	at anorm.SimpleSql.unsafeStatement(SimpleSql.scala:85)
	at anorm.SimpleSql.unsafeStatement(SimpleSql.scala:68)
	at anorm.Sql.$anonfun$preparedStatement$1(Anorm.scala:77)
	at resource.DefaultManagedResource.open(AbstractManagedResource.scala:107)
	at resource.AbstractManagedResource.acquireFor(AbstractManagedResource.scala:84)
	at resource.ManagedResourceOperations$$anon$1.acquireFor(ManagedResourceOperations.scala:47)
	at resource.DeferredExtractableManagedResource.acquireFor(AbstractManagedResource.scala:25)
	at resource.ManagedResourceOperations.apply(ManagedResourceOperations.scala:31)
	at resource.ManagedResourceOperations.apply$(ManagedResourceOperations.scala:31)
	at resource.DeferredExtractableManagedResource.apply(AbstractManagedResource.scala:22)
	at resource.ManagedResourceOperations.acquireAndGet(ManagedResourceOperations.scala:29)
	at resource.ManagedResourceOperations.acquireAndGet$(ManagedResourceOperations.scala:29)
	at resource.DeferredExtractableManagedResource.acquireAndGet(AbstractManagedResource.scala:22)
	at anorm.Sql$.$anonfun$asTry$1(Anorm.scala:263)
	at scala.util.Try$.apply(Try.scala:210)
	at anorm.Sql$.asTry(Anorm.scala:263)
	at anorm.WithResult.asTry(SqlResult.scala:215)
	at anorm.WithResult.asTry$(SqlResult.scala:213)
	at anorm.SimpleSql.asTry(SimpleSql.scala:6)
	at anorm.WithResult.as(SqlResult.scala:205)
	at anorm.WithResult.as$(SqlResult.scala:204)
	at anorm.SimpleSql.as(SimpleSql.scala:6)
	at com.digitalasset.canton.platform.store.backend.common.PackageStorageBackendTemplate.lfPackages(PackageStorageBackendTemplate.scala:54)
	at com.digitalasset.canton.platform.store.dao.JdbcLedgerDao.$anonfun$listLfPackages$1(JdbcLedgerDao.scala:311)
	at com.digitalasset.canton.platform.store.dao.DataSourceConnectionProvider$$anon$1.$anonfun$runSQL$1(HikariJdbcConnectionProvider.scala:80)
	at com.daml.metrics.api.opentelemetry.OpenTelemetryTimer.time(OpenTelemetryMetricsFactory.scala:180)
	at com.daml.metrics.Timed$.value(Timed.scala:18)
	at com.digitalasset.canton.platform.store.dao.DataSourceConnectionProvider$$anon$1.runSQL(HikariJdbcConnectionProvider.scala:80)
	at com.digitalasset.canton.platform.store.dao.DbDispatcherImpl.$anonfun$executeSql$2(DbDispatcher.scala:87)
	at scala.concurrent.Future$.$anonfun$apply$1(Future.scala:687)
	at scala.concurrent.impl.Promise$Transformation.run(Promise.scala:467)
	at com.daml.executors.QueueAwareExecutorService$TrackingRunnable.run(QueueAwareExecutorService.scala:98)
	at com.daml.metrics.InstrumentedExecutorServiceMetrics$InstrumentedExecutorService$InstrumentedRunnable.run(InstrumentedExecutorServiceMetrics.scala:202)
	at java.base/java.util.concurrent.ThreadPoolExecutor.runWorker(ThreadPoolExecutor.java:1136)
	at java.base/java.util.concurrent.ThreadPoolExecutor$Worker.run(ThreadPoolExecutor.java:635)
	at java.base/java.lang.Thread.run(Thread.java:840)
2026-01-20 15:11:14,175 [canton-env-ec-91] ERROR c.d.c.p.a.s.ApiPackageService:participant=sandbox tid:72ccacadb580c61852a0ece5199cb038 - Unhandled internal error
com.digitalasset.canton.ledger.error.IndexErrors$IndexDbException: INTERNAL: An error occurred. Please contact the operator and inquire about the request 72ccacadb580c61852a0ece5199cb038 with tid 72ccacadb580c61852a0ece5199cb038
2026-01-20 15:11:14,188 [canton-env-ec-93] ERROR c.d.c.p.a.s.ApiPackageService:participant=sandbox tid:33bf88c660328aa3b1685177caa09fd3 - Unhandled internal error
com.digitalasset.canton.ledger.error.IndexErrors$IndexDbException: INTERNAL: An error occurred. Please contact the operator and inquire about the request 33bf88c660328aa3b1685177caa09fd3 with tid 33bf88c660328aa3b1685177caa09fd3
2026-01-20 15:11:14,186 [canton-env-ec-89] ERROR c.d.c.p.a.s.ApiPackageService:participant=sandbox tid:79648209884424049c11f9a447c1a974 - Unhandled internal error
com.digitalasset.canton.ledger.error.IndexErrors$IndexDbException: INTERNAL: An error occurred. Please contact the operator and inquire about the request 79648209884424049c11f9a447c1a974 with tid 79648209884424049c11f9a447c1a974
2026-01-20 15:11:14,186 [canton-env-ec-82] ERROR c.d.c.p.a.s.ApiPackageService:participant=sandbox tid:4abeefe0ec2654daf0353681bc4a88c7 - Unhandled internal error
com.digitalasset.canton.ledger.error.IndexErrors$IndexDbException: INTERNAL: An error occurred. Please contact the operator and inquire about the request 4abeefe0ec2654daf0353681bc4a88c7 with tid 4abeefe0ec2654daf0353681bc4a88c7
2026-01-20 15:11:14,186 [canton-env-ec-26] ERROR c.d.c.p.a.s.ApiPackageService:participant=sandbox tid:9b048d3e3969f502562258620b41249b - Unhandled internal error
com.digitalasset.canton.ledger.error.IndexErrors$IndexDbException: INTERNAL: An error occurred. Please contact the operator and inquire about the request 9b048d3e3969f502562258620b41249b with tid 9b048d3e3969f502562258620b41249b
2026-01-20 15:11:14,151 [daml.index.db.threadpool.connection.api-server-2] DEBUG c.d.c.n.g.ApiRequestLogger:participant=sandbox tid:8049257c186d0929ba214d90bc7a04e7 - Request c.d.l.a.v.PackageService/GetPackageStatus by /127.0.0.1:49741: received a message 
  Request tid:8049257c186d0929ba214d90bc7a04e7
2026-01-20 15:11:14,154 [canton-env-ec-79] INFO  c.d.c.p.a.s.ApiPackageService:participant=sandbox tid:8049257c186d0929ba214d90bc7a04e7 - Received request for a package status: GetPackageStatusRequest(sandbox,c1f1f00558799eec139fb4f4c76f95fb52fa1837a5dd29600baa1c8ed1bdccfd), packageId -> 'c1f1f00558799eec139fb4f4c76f95fb52fa1837a5dd29600baa1c8ed1bdccfd'.
2026-01-20 15:11:14,185 [daml.index.db.threadpool.connection.api-server-2] ERROR c.d.c.p.s.d.DbDispatcherImpl:participant=sandbox tid:8049257c186d0929ba214d90bc7a04e7 - INDEX_DB_SQL_NON_TRANSIENT_ERROR(4,8049257c): Processing the request failed due to a non-transient database error: Table "PACKAGES" not found (this database is empty); SQL statement:

      select packages.package_id, packages.source_description, packages.known_since, packages.package_size
      from packages
      where packages.ledger_offset <= ?
     [42104-210] err-context:{location=DatabaseSelfServiceError.scala:53} 
org.h2.jdbc.JdbcSQLSyntaxErrorException: Table "PACKAGES" not found (this database is empty); SQL statement:

      select packages.package_id, packages.source_description, packages.known_since, packages.package_size
      from packages
      where packages.ledger_offset <= ?
     [42104-210]
	at org.h2.message.DbException.getJdbcSQLException(DbException.java:521)
	at org.h2.message.DbException.getJdbcSQLException(DbException.java:496)
	at org.h2.message.DbException.get(DbException.java:227)
	at org.h2.message.DbException.get(DbException.java:203)
	at org.h2.command.Parser.getTableOrViewNotFoundDbException(Parser.java:8397)
	at org.h2.command.Parser.getTableOrViewNotFoundDbException(Parser.java:8381)
	at org.h2.command.Parser.readTableOrView(Parser.java:8370)
	at org.h2.command.Parser.readTablePrimary(Parser.java:1866)
	at org.h2.command.Parser.readTableReference(Parser.java:2342)
	at org.h2.command.Parser.parseSelectFromPart(Parser.java:2793)
	at org.h2.command.Parser.parseSelect(Parser.java:2900)
	at org.h2.command.Parser.parseQueryPrimary(Parser.java:2783)
	at org.h2.command.Parser.parseQueryTerm(Parser.java:2650)
	at org.h2.command.Parser.parseQueryExpressionBody(Parser.java:2629)
	at org.h2.command.Parser.parseQueryExpressionBodyAndEndOfQuery(Parser.java:2622)
	at org.h2.command.Parser.parseQueryExpression(Parser.java:2615)
	at org.h2.command.Parser.parseQuery(Parser.java:2576)
	at org.h2.command.Parser.parsePrepared(Parser.java:707)
	at org.h2.command.Parser.parse(Parser.java:674)
	at org.h2.command.Parser.parse(Parser.java:644)
	at org.h2.command.Parser.prepareCommand(Parser.java:551)
	at org.h2.engine.SessionLocal.prepareLocal(SessionLocal.java:615)
	at org.h2.engine.SessionLocal.prepareCommand(SessionLocal.java:553)
	at org.h2.jdbc.JdbcConnection.prepareCommand(JdbcConnection.java:1116)
	at org.h2.jdbc.JdbcPreparedStatement.<init>(JdbcPreparedStatement.java:92)
	at org.h2.jdbc.JdbcConnection.prepareStatement(JdbcConnection.java:288)
	at com.zaxxer.hikari.pool.ProxyConnection.prepareStatement(ProxyConnection.java:311)
	at com.zaxxer.hikari.pool.HikariProxyConnection.prepareStatement(HikariProxyConnection.java)
	at anorm.SimpleSql.$anonfun$prepareNoGeneratedKeys$1(SimpleSql.scala:55)
	at anorm.SimpleSql.unsafeStatement(SimpleSql.scala:85)
	at anorm.SimpleSql.unsafeStatement(SimpleSql.scala:68)
	at anorm.Sql.$anonfun$preparedStatement$1(Anorm.scala:77)
	at resource.DefaultManagedResource.open(AbstractManagedResource.scala:107)
	at resource.AbstractManagedResource.acquireFor(AbstractManagedResource.scala:84)
	at resource.ManagedResourceOperations$$anon$1.acquireFor(ManagedResourceOperations.scala:47)
	at resource.DeferredExtractableManagedResource.acquireFor(AbstractManagedResource.scala:25)
	at resource.ManagedResourceOperations.apply(ManagedResourceOperations.scala:31)
	at resource.ManagedResourceOperations.apply$(ManagedResourceOperations.scala:31)
	at resource.DeferredExtractableManagedResource.apply(AbstractManagedResource.scala:22)
	at resource.ManagedResourceOperations.acquireAndGet(ManagedResourceOperations.scala:29)
	at resource.ManagedResourceOperations.acquireAndGet$(ManagedResourceOperations.scala:29)
	at resource.DeferredExtractableManagedResource.acquireAndGet(AbstractManagedResource.scala:22)
	at anorm.Sql$.$anonfun$asTry$1(Anorm.scala:263)
	at scala.util.Try$.apply(Try.scala:210)
	at anorm.Sql$.asTry(Anorm.scala:263)
	at anorm.WithResult.asTry(SqlResult.scala:215)
	at anorm.WithResult.asTry$(SqlResult.scala:213)
	at anorm.SimpleSql.asTry(SimpleSql.scala:6)
	at anorm.WithResult.as(SqlResult.scala:205)
	at anorm.WithResult.as$(SqlResult.scala:204)
	at anorm.SimpleSql.as(SimpleSql.scala:6)
	at com.digitalasset.canton.platform.store.backend.common.PackageStorageBackendTemplate.lfPackages(PackageStorageBackendTemplate.scala:54)
	at com.digitalasset.canton.platform.store.dao.JdbcLedgerDao.$anonfun$listLfPackages$1(JdbcLedgerDao.scala:311)
	at com.digitalasset.canton.platform.store.dao.DataSourceConnectionProvider$$anon$1.$anonfun$runSQL$1(HikariJdbcConnectionProvider.scala:80)
	at com.daml.metrics.api.opentelemetry.OpenTelemetryTimer.time(OpenTelemetryMetricsFactory.scala:180)
	at com.daml.metrics.Timed$.value(Timed.scala:18)
	at com.digitalasset.canton.platform.store.dao.DataSourceConnectionProvider$$anon$1.runSQL(HikariJdbcConnectionProvider.scala:80)
	at com.digitalasset.canton.platform.store.dao.DbDispatcherImpl.$anonfun$executeSql$2(DbDispatcher.scala:87)
	at scala.concurrent.Future$.$anonfun$apply$1(Future.scala:687)
	at scala.concurrent.impl.Promise$Transformation.run(Promise.scala:467)
	at com.daml.executors.QueueAwareExecutorService$TrackingRunnable.run(QueueAwareExecutorService.scala:98)
	at com.daml.metrics.InstrumentedExecutorServiceMetrics$InstrumentedExecutorService$InstrumentedRunnable.run(InstrumentedExecutorServiceMetrics.scala:202)
	at java.base/java.util.concurrent.ThreadPoolExecutor.runWorker(ThreadPoolExecutor.java:1136)
	at java.base/java.util.concurrent.ThreadPoolExecutor$Worker.run(ThreadPoolExecutor.java:635)
	at java.base/java.lang.Thread.run(Thread.java:840)
2026-01-20 15:11:14,184 [canton-env-ec-77] ERROR c.d.c.n.g.ApiRequestLogger:participant=sandbox tid:aa82cc6e21594d8ffa79db6531c97824 - Request c.d.l.a.v.PackageService/GetPackageStatus by /127.0.0.1:49741: failed with INTERNAL/An error occurred. Please contact the operator and inquire about the request aa82cc6e21594d8ffa79db6531c97824 with tid aa82cc6e21594d8ffa79db6531c97824
2026-01-20 15:11:14,154 [daml.index.db.threadpool.connection.api-server-0] DEBUG c.d.c.n.g.ApiRequestLogger:participant=sandbox tid:a63ce4a034f8697f3922cbd4082373d7 - Request c.d.l.a.v.PackageService/GetPackageStatus by /127.0.0.1:49741: received a message 
  Request tid:a63ce4a034f8697f3922cbd4082373d7
2026-01-20 15:11:14,154 [canton-env-ec-57] INFO  c.d.c.p.a.s.ApiPackageService:participant=sandbox tid:a63ce4a034f8697f3922cbd4082373d7 - Received request for a package status: GetPackageStatusRequest(sandbox,10e0333b52bba1ff147fc408a6b7d68465b157635ee230493bd6029b750dcb05), packageId -> '10e0333b52bba1ff147fc408a6b7d68465b157635ee230493bd6029b750dcb05'.
2026-01-20 15:11:14,184 [daml.index.db.threadpool.connection.api-server-0] ERROR c.d.c.p.s.d.DbDispatcherImpl:participant=sandbox tid:a63ce4a034f8697f3922cbd4082373d7 - INDEX_DB_SQL_NON_TRANSIENT_ERROR(4,a63ce4a0): Processing the request failed due to a non-transient database error: Table "PACKAGES" not found (this database is empty); SQL statement:

      select packages.package_id, packages.source_description, packages.known_since, packages.package_size
      from packages
      where packages.ledger_offset <= ?
     [42104-210] err-context:{location=DatabaseSelfServiceError.scala:53} 
org.h2.jdbc.JdbcSQLSyntaxErrorException: Table "PACKAGES" not found (this database is empty); SQL statement:

      select packages.package_id, packages.source_description, packages.known_since, packages.package_size
      from packages
      where packages.ledger_offset <= ?
     [42104-210]
	at org.h2.message.DbException.getJdbcSQLException(DbException.java:521)
	at org.h2.message.DbException.getJdbcSQLException(DbException.java:496)
	at org.h2.message.DbException.get(DbException.java:227)
	at org.h2.message.DbException.get(DbException.java:203)
	at org.h2.command.Parser.getTableOrViewNotFoundDbException(Parser.java:8397)
	at org.h2.command.Parser.getTableOrViewNotFoundDbException(Parser.java:8381)
	at org.h2.command.Parser.readTableOrView(Parser.java:8370)
	at org.h2.command.Parser.readTablePrimary(Parser.java:1866)
	at org.h2.command.Parser.readTableReference(Parser.java:2342)
	at org.h2.command.Parser.parseSelectFromPart(Parser.java:2793)
	at org.h2.command.Parser.parseSelect(Parser.java:2900)
	at org.h2.command.Parser.parseQueryPrimary(Parser.java:2783)
	at org.h2.command.Parser.parseQueryTerm(Parser.java:2650)
	at org.h2.command.Parser.parseQueryExpressionBody(Parser.java:2629)
	at org.h2.command.Parser.parseQueryExpressionBodyAndEndOfQuery(Parser.java:2622)
	at org.h2.command.Parser.parseQueryExpression(Parser.java:2615)
	at org.h2.command.Parser.parseQuery(Parser.java:2576)
	at org.h2.command.Parser.parsePrepared(Parser.java:707)
	at org.h2.command.Parser.parse(Parser.java:674)
	at org.h2.command.Parser.parse(Parser.java:644)
	at org.h2.command.Parser.prepareCommand(Parser.java:551)
	at org.h2.engine.SessionLocal.prepareLocal(SessionLocal.java:615)
	at org.h2.engine.SessionLocal.prepareCommand(SessionLocal.java:553)
	at org.h2.jdbc.JdbcConnection.prepareCommand(JdbcConnection.java:1116)
	at org.h2.jdbc.JdbcPreparedStatement.<init>(JdbcPreparedStatement.java:92)
	at org.h2.jdbc.JdbcConnection.prepareStatement(JdbcConnection.java:288)
	at com.zaxxer.hikari.pool.ProxyConnection.prepareStatement(ProxyConnection.java:311)
	at com.zaxxer.hikari.pool.HikariProxyConnection.prepareStatement(HikariProxyConnection.java)
	at anorm.SimpleSql.$anonfun$prepareNoGeneratedKeys$1(SimpleSql.scala:55)
	at anorm.SimpleSql.unsafeStatement(SimpleSql.scala:85)
	at anorm.SimpleSql.unsafeStatement(SimpleSql.scala:68)
	at anorm.Sql.$anonfun$preparedStatement$1(Anorm.scala:77)
	at resource.DefaultManagedResource.open(AbstractManagedResource.scala:107)
	at resource.AbstractManagedResource.acquireFor(AbstractManagedResource.scala:84)
	at resource.ManagedResourceOperations$$anon$1.acquireFor(ManagedResourceOperations.scala:47)
	at resource.DeferredExtractableManagedResource.acquireFor(AbstractManagedResource.scala:25)
	at resource.ManagedResourceOperations.apply(ManagedResourceOperations.scala:31)
	at resource.ManagedResourceOperations.apply$(ManagedResourceOperations.scala:31)
	at resource.DeferredExtractableManagedResource.apply(AbstractManagedResource.scala:22)
	at resource.ManagedResourceOperations.acquireAndGet(ManagedResourceOperations.scala:29)
	at resource.ManagedResourceOperations.acquireAndGet$(ManagedResourceOperations.scala:29)
	at resource.DeferredExtractableManagedResource.acquireAndGet(AbstractManagedResource.scala:22)
	at anorm.Sql$.$anonfun$asTry$1(Anorm.scala:263)
	at scala.util.Try$.apply(Try.scala:210)
	at anorm.Sql$.asTry(Anorm.scala:263)
	at anorm.WithResult.asTry(SqlResult.scala:215)
	at anorm.WithResult.asTry$(SqlResult.scala:213)
	at anorm.SimpleSql.asTry(SimpleSql.scala:6)
	at anorm.WithResult.as(SqlResult.scala:205)
	at anorm.WithResult.as$(SqlResult.scala:204)
	at anorm.SimpleSql.as(SimpleSql.scala:6)
	at com.digitalasset.canton.platform.store.backend.common.PackageStorageBackendTemplate.lfPackages(PackageStorageBackendTemplate.scala:54)
	at com.digitalasset.canton.platform.store.dao.JdbcLedgerDao.$anonfun$listLfPackages$1(JdbcLedgerDao.scala:311)
	at com.digitalasset.canton.platform.store.dao.DataSourceConnectionProvider$$anon$1.$anonfun$runSQL$1(HikariJdbcConnectionProvider.scala:80)
	at com.daml.metrics.api.opentelemetry.OpenTelemetryTimer.time(OpenTelemetryMetricsFactory.scala:180)
	at com.daml.metrics.Timed$.value(Timed.scala:18)
	at com.digitalasset.canton.platform.store.dao.DataSourceConnectionProvider$$anon$1.runSQL(HikariJdbcConnectionProvider.scala:80)
	at com.digitalasset.canton.platform.store.dao.DbDispatcherImpl.$anonfun$executeSql$2(DbDispatcher.scala:87)
	at scala.concurrent.Future$.$anonfun$apply$1(Future.scala:687)
	at scala.concurrent.impl.Promise$Transformation.run(Promise.scala:467)
	at com.daml.executors.QueueAwareExecutorService$TrackingRunnable.run(QueueAwareExecutorService.scala:98)
	at com.daml.metrics.InstrumentedExecutorServiceMetrics$InstrumentedExecutorService$InstrumentedRunnable.run(InstrumentedExecutorServiceMetrics.scala:202)
	at java.base/java.util.concurrent.ThreadPoolExecutor.runWorker(ThreadPoolExecutor.java:1136)
	at java.base/java.util.concurrent.ThreadPoolExecutor$Worker.run(ThreadPoolExecutor.java:635)
	at java.base/java.lang.Thread.run(Thread.java:840)
2026-01-20 15:11:14,183 [canton-env-ec-27] ERROR c.d.c.n.g.ApiRequestLogger:participant=sandbox tid:00d0b3bf5e7d676cbd20c1a61993df5c - Request c.d.l.a.v.PackageService/GetPackageStatus by /127.0.0.1:49741: failed with INTERNAL/An error occurred. Please contact the operator and inquire about the request 00d0b3bf5e7d676cbd20c1a61993df5c with tid 00d0b3bf5e7d676cbd20c1a61993df5c
2026-01-20 15:11:14,154 [daml.index.db.threadpool.connection.api-server-3] DEBUG c.d.c.n.g.ApiRequestLogger:participant=sandbox tid:db181e36c6993de96fe4552d5db6335f - Request c.d.l.a.v.PackageService/GetPackageStatus by /127.0.0.1:49741: received a message 
  Request tid:db181e36c6993de96fe4552d5db6335f
2026-01-20 15:11:14,154 [canton-env-ec-21] INFO  c.d.c.p.a.s.ApiPackageService:participant=sandbox tid:db181e36c6993de96fe4552d5db6335f - Received request for a package status: GetPackageStatusRequest(sandbox,38e6274601b21d7202bb995bc5ec147decda5a01b68d57dda422425038772af7), packageId -> '38e6274601b21d7202bb995bc5ec147decda5a01b68d57dda422425038772af7'.
2026-01-20 15:11:14,180 [daml.index.db.threadpool.connection.api-server-3] ERROR c.d.c.p.s.d.DbDispatcherImpl:participant=sandbox tid:db181e36c6993de96fe4552d5db6335f - INDEX_DB_SQL_NON_TRANSIENT_ERROR(4,db181e36): Processing the request failed due to a non-transient database error: Table "PACKAGES" not found (this database is empty); SQL statement:

      select packages.package_id, packages.source_description, packages.known_since, packages.package_size
      from packages
      where packages.ledger_offset <= ?
     [42104-210] err-context:{location=DatabaseSelfServiceError.scala:53} 
org.h2.jdbc.JdbcSQLSyntaxErrorException: Table "PACKAGES" not found (this database is empty); SQL statement:

      select packages.package_id, packages.source_description, packages.known_since, packages.package_size
      from packages
      where packages.ledger_offset <= ?
     [42104-210]
	at org.h2.message.DbException.getJdbcSQLException(DbException.java:521)
	at org.h2.message.DbException.getJdbcSQLException(DbException.java:496)
	at org.h2.message.DbException.get(DbException.java:227)
	at org.h2.message.DbException.get(DbException.java:203)
	at org.h2.command.Parser.getTableOrViewNotFoundDbException(Parser.java:8397)
	at org.h2.command.Parser.getTableOrViewNotFoundDbException(Parser.java:8381)
	at org.h2.command.Parser.readTableOrView(Parser.java:8370)
	at org.h2.command.Parser.readTablePrimary(Parser.java:1866)
	at org.h2.command.Parser.readTableReference(Parser.java:2342)
	at org.h2.command.Parser.parseSelectFromPart(Parser.java:2793)
	at org.h2.command.Parser.parseSelect(Parser.java:2900)
	at org.h2.command.Parser.parseQueryPrimary(Parser.java:2783)
	at org.h2.command.Parser.parseQueryTerm(Parser.java:2650)
	at org.h2.command.Parser.parseQueryExpressionBody(Parser.java:2629)
	at org.h2.command.Parser.parseQueryExpressionBodyAndEndOfQuery(Parser.java:2622)
	at org.h2.command.Parser.parseQueryExpression(Parser.java:2615)
	at org.h2.command.Parser.parseQuery(Parser.java:2576)
	at org.h2.command.Parser.parsePrepared(Parser.java:707)
	at org.h2.command.Parser.parse(Parser.java:674)
	at org.h2.command.Parser.parse(Parser.java:644)
	at org.h2.command.Parser.prepareCommand(Parser.java:551)
	at org.h2.engine.SessionLocal.prepareLocal(SessionLocal.java:615)
	at org.h2.engine.SessionLocal.prepareCommand(SessionLocal.java:553)
	at org.h2.jdbc.JdbcConnection.prepareCommand(JdbcConnection.java:1116)
	at org.h2.jdbc.JdbcPreparedStatement.<init>(JdbcPreparedStatement.java:92)
	at org.h2.jdbc.JdbcConnection.prepareStatement(JdbcConnection.java:288)
	at com.zaxxer.hikari.pool.ProxyConnection.prepareStatement(ProxyConnection.java:311)
	at com.zaxxer.hikari.pool.HikariProxyConnection.prepareStatement(HikariProxyConnection.java)
	at anorm.SimpleSql.$anonfun$prepareNoGeneratedKeys$1(SimpleSql.scala:55)
	at anorm.SimpleSql.unsafeStatement(SimpleSql.scala:85)
	at anorm.SimpleSql.unsafeStatement(SimpleSql.scala:68)
	at anorm.Sql.$anonfun$preparedStatement$1(Anorm.scala:77)
	at resource.DefaultManagedResource.open(AbstractManagedResource.scala:107)
	at resource.AbstractManagedResource.acquireFor(AbstractManagedResource.scala:84)
	at resource.ManagedResourceOperations$$anon$1.acquireFor(ManagedResourceOperations.scala:47)
	at resource.DeferredExtractableManagedResource.acquireFor(AbstractManagedResource.scala:25)
	at resource.ManagedResourceOperations.apply(ManagedResourceOperations.scala:31)
	at resource.ManagedResourceOperations.apply$(ManagedResourceOperations.scala:31)
	at resource.DeferredExtractableManagedResource.apply(AbstractManagedResource.scala:22)
	at resource.ManagedResourceOperations.acquireAndGet(ManagedResourceOperations.scala:29)
	at resource.ManagedResourceOperations.acquireAndGet$(ManagedResourceOperations.scala:29)
	at resource.DeferredExtractableManagedResource.acquireAndGet(AbstractManagedResource.scala:22)
	at anorm.Sql$.$anonfun$asTry$1(Anorm.scala:263)
	at scala.util.Try$.apply(Try.scala:210)
	at anorm.Sql$.asTry(Anorm.scala:263)
	at anorm.WithResult.asTry(SqlResult.scala:215)
	at anorm.WithResult.asTry$(SqlResult.scala:213)
	at anorm.SimpleSql.asTry(SimpleSql.scala:6)
	at anorm.WithResult.as(SqlResult.scala:205)
	at anorm.WithResult.as$(SqlResult.scala:204)
	at anorm.SimpleSql.as(SimpleSql.scala:6)
	at com.digitalasset.canton.platform.store.backend.common.PackageStorageBackendTemplate.lfPackages(PackageStorageBackendTemplate.scala:54)
	at com.digitalasset.canton.platform.store.dao.JdbcLedgerDao.$anonfun$listLfPackages$1(JdbcLedgerDao.scala:311)
	at com.digitalasset.canton.platform.store.dao.DataSourceConnectionProvider$$anon$1.$anonfun$runSQL$1(HikariJdbcConnectionProvider.scala:80)
	at com.daml.metrics.api.opentelemetry.OpenTelemetryTimer.time(OpenTelemetryMetricsFactory.scala:180)
	at com.daml.metrics.Timed$.value(Timed.scala:18)
	at com.digitalasset.canton.platform.store.dao.DataSourceConnectionProvider$$anon$1.runSQL(HikariJdbcConnectionProvider.scala:80)
	at com.digitalasset.canton.platform.store.dao.DbDispatcherImpl.$anonfun$executeSql$2(DbDispatcher.scala:87)
	at scala.concurrent.Future$.$anonfun$apply$1(Future.scala:687)
	at scala.concurrent.impl.Promise$Transformation.run(Promise.scala:467)
	at com.daml.executors.QueueAwareExecutorService$TrackingRunnable.run(QueueAwareExecutorService.scala:98)
	at com.daml.metrics.InstrumentedExecutorServiceMetrics$InstrumentedExecutorService$InstrumentedRunnable.run(InstrumentedExecutorServiceMetrics.scala:202)
	at java.base/java.util.concurrent.ThreadPoolExecutor.runWorker(ThreadPoolExecutor.java:1136)
	at java.base/java.util.concurrent.ThreadPoolExecutor$Worker.run(ThreadPoolExecutor.java:635)
	at java.base/java.lang.Thread.run(Thread.java:840)
2026-01-20 15:11:14,179 [canton-env-ec-81] ERROR c.d.c.n.g.ApiRequestLogger:participant=sandbox tid:f473236732b67af74ecdb58004b9f375 - Request c.d.l.a.v.PackageService/GetPackageStatus by /127.0.0.1:49741: failed with INTERNAL/An error occurred. Please contact the operator and inquire about the request f473236732b67af74ecdb58004b9f375 with tid f473236732b67af74ecdb58004b9f375
2026-01-20 15:11:14,151 [daml.index.db.threadpool.connection.api-server-1] DEBUG c.d.c.n.g.ApiRequestLogger:participant=sandbox tid:c703a22fae9875660c7c5235e3131f5f - Request c.d.l.a.v.PackageService/GetPackageStatus by /127.0.0.1:49741: received a message 
  Request tid:c703a22fae9875660c7c5235e3131f5f
2026-01-20 15:11:14,154 [canton-env-ec-32] INFO  c.d.c.p.a.s.ApiPackageService:participant=sandbox tid:c703a22fae9875660c7c5235e3131f5f - Received request for a package status: GetPackageStatusRequest(sandbox,733e38d36a2759688a4b2c4cec69d48e7b55ecc8dedc8067b815926c917a182a), packageId -> '733e38d36a2759688a4b2c4cec69d48e7b55ecc8dedc8067b815926c917a182a'.
2026-01-20 15:11:14,179 [daml.index.db.threadpool.connection.api-server-1] ERROR c.d.c.p.s.d.DbDispatcherImpl:participant=sandbox tid:c703a22fae9875660c7c5235e3131f5f - INDEX_DB_SQL_NON_TRANSIENT_ERROR(4,c703a22f): Processing the request failed due to a non-transient database error: Table "PACKAGES" not found (this database is empty); SQL statement:

      select packages.package_id, packages.source_description, packages.known_since, packages.package_size
      from packages
      where packages.ledger_offset <= ?
     [42104-210] err-context:{location=DatabaseSelfServiceError.scala:53} 
org.h2.jdbc.JdbcSQLSyntaxErrorException: Table "PACKAGES" not found (this database is empty); SQL statement:

      select packages.package_id, packages.source_description, packages.known_since, packages.package_size
      from packages
      where packages.ledger_offset <= ?
     [42104-210]
	at org.h2.message.DbException.getJdbcSQLException(DbException.java:521)
	at org.h2.message.DbException.getJdbcSQLException(DbException.java:496)
	at org.h2.message.DbException.get(DbException.java:227)
	at org.h2.message.DbException.get(DbException.java:203)
	at org.h2.command.Parser.getTableOrViewNotFoundDbException(Parser.java:8397)
	at org.h2.command.Parser.getTableOrViewNotFoundDbException(Parser.java:8381)
	at org.h2.command.Parser.readTableOrView(Parser.java:8370)
	at org.h2.command.Parser.readTablePrimary(Parser.java:1866)
	at org.h2.command.Parser.readTableReference(Parser.java:2342)
	at org.h2.command.Parser.parseSelectFromPart(Parser.java:2793)
	at org.h2.command.Parser.parseSelect(Parser.java:2900)
	at org.h2.command.Parser.parseQueryPrimary(Parser.java:2783)
	at org.h2.command.Parser.parseQueryTerm(Parser.java:2650)
	at org.h2.command.Parser.parseQueryExpressionBody(Parser.java:2629)
	at org.h2.command.Parser.parseQueryExpressionBodyAndEndOfQuery(Parser.java:2622)
	at org.h2.command.Parser.parseQueryExpression(Parser.java:2615)
	at org.h2.command.Parser.parseQuery(Parser.java:2576)
	at org.h2.command.Parser.parsePrepared(Parser.java:707)
	at org.h2.command.Parser.parse(Parser.java:674)
	at org.h2.command.Parser.parse(Parser.java:644)
	at org.h2.command.Parser.prepareCommand(Parser.java:551)
	at org.h2.engine.SessionLocal.prepareLocal(SessionLocal.java:615)
	at org.h2.engine.SessionLocal.prepareCommand(SessionLocal.java:553)
	at org.h2.jdbc.JdbcConnection.prepareCommand(JdbcConnection.java:1116)
	at org.h2.jdbc.JdbcPreparedStatement.<init>(JdbcPreparedStatement.java:92)
	at org.h2.jdbc.JdbcConnection.prepareStatement(JdbcConnection.java:288)
	at com.zaxxer.hikari.pool.ProxyConnection.prepareStatement(ProxyConnection.java:311)
	at com.zaxxer.hikari.pool.HikariProxyConnection.prepareStatement(HikariProxyConnection.java)
	at anorm.SimpleSql.$anonfun$prepareNoGeneratedKeys$1(SimpleSql.scala:55)
	at anorm.SimpleSql.unsafeStatement(SimpleSql.scala:85)
	at anorm.SimpleSql.unsafeStatement(SimpleSql.scala:68)
	at anorm.Sql.$anonfun$preparedStatement$1(Anorm.scala:77)
	at resource.DefaultManagedResource.open(AbstractManagedResource.scala:107)
	at resource.AbstractManagedResource.acquireFor(AbstractManagedResource.scala:84)
	at resource.ManagedResourceOperations$$anon$1.acquireFor(ManagedResourceOperations.scala:47)
	at resource.DeferredExtractableManagedResource.acquireFor(AbstractManagedResource.scala:25)
	at resource.ManagedResourceOperations.apply(ManagedResourceOperations.scala:31)
	at resource.ManagedResourceOperations.apply$(ManagedResourceOperations.scala:31)
	at resource.DeferredExtractableManagedResource.apply(AbstractManagedResource.scala:22)
	at resource.ManagedResourceOperations.acquireAndGet(ManagedResourceOperations.scala:29)
	at resource.ManagedResourceOperations.acquireAndGet$(ManagedResourceOperations.scala:29)
	at resource.DeferredExtractableManagedResource.acquireAndGet(AbstractManagedResource.scala:22)
	at anorm.Sql$.$anonfun$asTry$1(Anorm.scala:263)
	at scala.util.Try$.apply(Try.scala:210)
	at anorm.Sql$.asTry(Anorm.scala:263)
	at anorm.WithResult.asTry(SqlResult.scala:215)
	at anorm.WithResult.asTry$(SqlResult.scala:213)
	at anorm.SimpleSql.asTry(SimpleSql.scala:6)
	at anorm.WithResult.as(SqlResult.scala:205)
	at anorm.WithResult.as$(SqlResult.scala:204)
	at anorm.SimpleSql.as(SimpleSql.scala:6)
	at com.digitalasset.canton.platform.store.backend.common.PackageStorageBackendTemplate.lfPackages(PackageStorageBackendTemplate.scala:54)
	at com.digitalasset.canton.platform.store.dao.JdbcLedgerDao.$anonfun$listLfPackages$1(JdbcLedgerDao.scala:311)
	at com.digitalasset.canton.platform.store.dao.DataSourceConnectionProvider$$anon$1.$anonfun$runSQL$1(HikariJdbcConnectionProvider.scala:80)
	at com.daml.metrics.api.opentelemetry.OpenTelemetryTimer.time(OpenTelemetryMetricsFactory.scala:180)
	at com.daml.metrics.Timed$.value(Timed.scala:18)
	at com.digitalasset.canton.platform.store.dao.DataSourceConnectionProvider$$anon$1.runSQL(HikariJdbcConnectionProvider.scala:80)
	at com.digitalasset.canton.platform.store.dao.DbDispatcherImpl.$anonfun$executeSql$2(DbDispatcher.scala:87)
	at scala.concurrent.Future$.$anonfun$apply$1(Future.scala:687)
	at scala.concurrent.impl.Promise$Transformation.run(Promise.scala:467)
	at com.daml.executors.QueueAwareExecutorService$TrackingRunnable.run(QueueAwareExecutorService.scala:98)
	at com.daml.metrics.InstrumentedExecutorServiceMetrics$InstrumentedExecutorService$InstrumentedRunnable.run(InstrumentedExecutorServiceMetrics.scala:202)
	at java.base/java.util.concurrent.ThreadPoolExecutor.runWorker(ThreadPoolExecutor.java:1136)
	at java.base/java.util.concurrent.ThreadPoolExecutor$Worker.run(ThreadPoolExecutor.java:635)
	at java.base/java.lang.Thread.run(Thread.java:840)
2026-01-20 15:11:14,154 [daml.index.db.threadpool.connection.api-server-3] DEBUG c.d.c.n.g.ApiRequestLogger:participant=sandbox tid:69792e62eda79e724768c159e762edfd - Request c.d.l.a.v.PackageService/GetPackageStatus by /127.0.0.1:49741: received a message 
  Request tid:69792e62eda79e724768c159e762edfd
2026-01-20 15:11:14,155 [canton-env-ec-93] INFO  c.d.c.p.a.s.ApiPackageService:participant=sandbox tid:69792e62eda79e724768c159e762edfd - Received request for a package status: GetPackageStatusRequest(sandbox,6851f194e144b693e63e9034b956c76cef6b5088dd8c66a657ab652a204dba2b), packageId -> '6851f194e144b693e63e9034b956c76cef6b5088dd8c66a657ab652a204dba2b'.
2026-01-20 15:11:14,196 [daml.index.db.threadpool.connection.api-server-3] ERROR c.d.c.p.s.d.DbDispatcherImpl:participant=sandbox tid:69792e62eda79e724768c159e762edfd - INDEX_DB_SQL_NON_TRANSIENT_ERROR(4,69792e62): Processing the request failed due to a non-transient database error: Table "PACKAGES" not found (this database is empty); SQL statement:

      select packages.package_id, packages.source_description, packages.known_since, packages.package_size
      from packages
      where packages.ledger_offset <= ?
     [42104-210] err-context:{location=DatabaseSelfServiceError.scala:53} 
org.h2.jdbc.JdbcSQLSyntaxErrorException: Table "PACKAGES" not found (this database is empty); SQL statement:

      select packages.package_id, packages.source_description, packages.known_since, packages.package_size
      from packages
      where packages.ledger_offset <= ?
     [42104-210]
	at org.h2.message.DbException.getJdbcSQLException(DbException.java:521)
	at org.h2.message.DbException.getJdbcSQLException(DbException.java:496)
	at org.h2.message.DbException.get(DbException.java:227)
	at org.h2.message.DbException.get(DbException.java:203)
	at org.h2.command.Parser.getTableOrViewNotFoundDbException(Parser.java:8397)
	at org.h2.command.Parser.getTableOrViewNotFoundDbException(Parser.java:8381)
	at org.h2.command.Parser.readTableOrView(Parser.java:8370)
	at org.h2.command.Parser.readTablePrimary(Parser.java:1866)
	at org.h2.command.Parser.readTableReference(Parser.java:2342)
	at org.h2.command.Parser.parseSelectFromPart(Parser.java:2793)
	at org.h2.command.Parser.parseSelect(Parser.java:2900)
	at org.h2.command.Parser.parseQueryPrimary(Parser.java:2783)
	at org.h2.command.Parser.parseQueryTerm(Parser.java:2650)
	at org.h2.command.Parser.parseQueryExpressionBody(Parser.java:2629)
	at org.h2.command.Parser.parseQueryExpressionBodyAndEndOfQuery(Parser.java:2622)
	at org.h2.command.Parser.parseQueryExpression(Parser.java:2615)
	at org.h2.command.Parser.parseQuery(Parser.java:2576)
	at org.h2.command.Parser.parsePrepared(Parser.java:707)
	at org.h2.command.Parser.parse(Parser.java:674)
	at org.h2.command.Parser.parse(Parser.java:644)
	at org.h2.command.Parser.prepareCommand(Parser.java:551)
	at org.h2.engine.SessionLocal.prepareLocal(SessionLocal.java:615)
	at org.h2.engine.SessionLocal.prepareCommand(SessionLocal.java:553)
	at org.h2.jdbc.JdbcConnection.prepareCommand(JdbcConnection.java:1116)
	at org.h2.jdbc.JdbcPreparedStatement.<init>(JdbcPreparedStatement.java:92)
	at org.h2.jdbc.JdbcConnection.prepareStatement(JdbcConnection.java:288)
	at com.zaxxer.hikari.pool.ProxyConnection.prepareStatement(ProxyConnection.java:311)
	at com.zaxxer.hikari.pool.HikariProxyConnection.prepareStatement(HikariProxyConnection.java)
	at anorm.SimpleSql.$anonfun$prepareNoGeneratedKeys$1(SimpleSql.scala:55)
	at anorm.SimpleSql.unsafeStatement(SimpleSql.scala:85)
	at anorm.SimpleSql.unsafeStatement(SimpleSql.scala:68)
	at anorm.Sql.$anonfun$preparedStatement$1(Anorm.scala:77)
	at resource.DefaultManagedResource.open(AbstractManagedResource.scala:107)
	at resource.AbstractManagedResource.acquireFor(AbstractManagedResource.scala:84)
	at resource.ManagedResourceOperations$$anon$1.acquireFor(ManagedResourceOperations.scala:47)
	at resource.DeferredExtractableManagedResource.acquireFor(AbstractManagedResource.scala:25)
	at resource.ManagedResourceOperations.apply(ManagedResourceOperations.scala:31)
	at resource.ManagedResourceOperations.apply$(ManagedResourceOperations.scala:31)
	at resource.DeferredExtractableManagedResource.apply(AbstractManagedResource.scala:22)
	at resource.ManagedResourceOperations.acquireAndGet(ManagedResourceOperations.scala:29)
	at resource.ManagedResourceOperations.acquireAndGet$(ManagedResourceOperations.scala:29)
	at resource.DeferredExtractableManagedResource.acquireAndGet(AbstractManagedResource.scala:22)
	at anorm.Sql$.$anonfun$asTry$1(Anorm.scala:263)
	at scala.util.Try$.apply(Try.scala:210)
	at anorm.Sql$.asTry(Anorm.scala:263)
	at anorm.WithResult.asTry(SqlResult.scala:215)
	at anorm.WithResult.asTry$(SqlResult.scala:213)
	at anorm.SimpleSql.asTry(SimpleSql.scala:6)
	at anorm.WithResult.as(SqlResult.scala:205)
	at anorm.WithResult.as$(SqlResult.scala:204)
	at anorm.SimpleSql.as(SimpleSql.scala:6)
	at com.digitalasset.canton.platform.store.backend.common.PackageStorageBackendTemplate.lfPackages(PackageStorageBackendTemplate.scala:54)
	at com.digitalasset.canton.platform.store.dao.JdbcLedgerDao.$anonfun$listLfPackages$1(JdbcLedgerDao.scala:311)
	at com.digitalasset.canton.platform.store.dao.DataSourceConnectionProvider$$anon$1.$anonfun$runSQL$1(HikariJdbcConnectionProvider.scala:80)
	at com.daml.metrics.api.opentelemetry.OpenTelemetryTimer.time(OpenTelemetryMetricsFactory.scala:180)
	at com.daml.metrics.Timed$.value(Timed.scala:18)
	at com.digitalasset.canton.platform.store.dao.DataSourceConnectionProvider$$anon$1.runSQL(HikariJdbcConnectionProvider.scala:80)
	at com.digitalasset.canton.platform.store.dao.DbDispatcherImpl.$anonfun$executeSql$2(DbDispatcher.scala:87)
	at scala.concurrent.Future$.$anonfun$apply$1(Future.scala:687)
	at scala.concurrent.impl.Promise$Transformation.run(Promise.scala:467)
	at com.daml.executors.QueueAwareExecutorService$TrackingRunnable.run(QueueAwareExecutorService.scala:98)
	at com.daml.metrics.InstrumentedExecutorServiceMetrics$InstrumentedExecutorService$InstrumentedRunnable.run(InstrumentedExecutorServiceMetrics.scala:202)
	at java.base/java.util.concurrent.ThreadPoolExecutor.runWorker(ThreadPoolExecutor.java:1136)
	at java.base/java.util.concurrent.ThreadPoolExecutor$Worker.run(ThreadPoolExecutor.java:635)
	at java.base/java.lang.Thread.run(Thread.java:840)
2026-01-20 15:11:14,179 [canton-env-ec-80] ERROR c.d.c.p.a.s.ApiPackageService:participant=sandbox tid:ca504ed0f5166e3a7046ec75417cd51c - Unhandled internal error
com.digitalasset.canton.ledger.error.IndexErrors$IndexDbException: INTERNAL: An error occurred. Please contact the operator and inquire about the request ca504ed0f5166e3a7046ec75417cd51c with tid ca504ed0f5166e3a7046ec75417cd51c
2026-01-20 15:11:14,154 [daml.index.db.threadpool.connection.api-server-1] DEBUG c.d.c.n.g.ApiRequestLogger:participant=sandbox tid:5186cd4d30eb6d0829243680ea3189bb - Request c.d.l.a.v.PackageService/GetPackageStatus by /127.0.0.1:49741: received a message 
  Request tid:5186cd4d30eb6d0829243680ea3189bb
2026-01-20 15:11:14,155 [canton-env-ec-91] INFO  c.d.c.p.a.s.ApiPackageService:participant=sandbox tid:5186cd4d30eb6d0829243680ea3189bb - Received request for a package status: GetPackageStatusRequest(sandbox,82fa64bf7428c614565513731b36464c411b8f252b6f2188aeaca9236f013c84), packageId -> '82fa64bf7428c614565513731b36464c411b8f252b6f2188aeaca9236f013c84'.
2026-01-20 15:11:14,198 [daml.index.db.threadpool.connection.api-server-1] ERROR c.d.c.p.s.d.DbDispatcherImpl:participant=sandbox tid:5186cd4d30eb6d0829243680ea3189bb - INDEX_DB_SQL_NON_TRANSIENT_ERROR(4,5186cd4d): Processing the request failed due to a non-transient database error: Table "PACKAGES" not found (this database is empty); SQL statement:

      select packages.package_id, packages.source_description, packages.known_since, packages.package_size
      from packages
      where packages.ledger_offset <= ?
     [42104-210] err-context:{location=DatabaseSelfServiceError.scala:53} 
org.h2.jdbc.JdbcSQLSyntaxErrorException: Table "PACKAGES" not found (this database is empty); SQL statement:

      select packages.package_id, packages.source_description, packages.known_since, packages.package_size
      from packages
      where packages.ledger_offset <= ?
     [42104-210]
	at org.h2.message.DbException.getJdbcSQLException(DbException.java:521)
	at org.h2.message.DbException.getJdbcSQLException(DbException.java:496)
	at org.h2.message.DbException.get(DbException.java:227)
	at org.h2.message.DbException.get(DbException.java:203)
	at org.h2.command.Parser.getTableOrViewNotFoundDbException(Parser.java:8397)
	at org.h2.command.Parser.getTableOrViewNotFoundDbException(Parser.java:8381)
	at org.h2.command.Parser.readTableOrView(Parser.java:8370)
	at org.h2.command.Parser.readTablePrimary(Parser.java:1866)
	at org.h2.command.Parser.readTableReference(Parser.java:2342)
	at org.h2.command.Parser.parseSelectFromPart(Parser.java:2793)
	at org.h2.command.Parser.parseSelect(Parser.java:2900)
	at org.h2.command.Parser.parseQueryPrimary(Parser.java:2783)
	at org.h2.command.Parser.parseQueryTerm(Parser.java:2650)
	at org.h2.command.Parser.parseQueryExpressionBody(Parser.java:2629)
	at org.h2.command.Parser.parseQueryExpressionBodyAndEndOfQuery(Parser.java:2622)
	at org.h2.command.Parser.parseQueryExpression(Parser.java:2615)
	at org.h2.command.Parser.parseQuery(Parser.java:2576)
	at org.h2.command.Parser.parsePrepared(Parser.java:707)
	at org.h2.command.Parser.parse(Parser.java:674)
	at org.h2.command.Parser.parse(Parser.java:644)
	at org.h2.command.Parser.prepareCommand(Parser.java:551)
	at org.h2.engine.SessionLocal.prepareLocal(SessionLocal.java:615)
	at org.h2.engine.SessionLocal.prepareCommand(SessionLocal.java:553)
	at org.h2.jdbc.JdbcConnection.prepareCommand(JdbcConnection.java:1116)
	at org.h2.jdbc.JdbcPreparedStatement.<init>(JdbcPreparedStatement.java:92)
	at org.h2.jdbc.JdbcConnection.prepareStatement(JdbcConnection.java:288)
	at com.zaxxer.hikari.pool.ProxyConnection.prepareStatement(ProxyConnection.java:311)
	at com.zaxxer.hikari.pool.HikariProxyConnection.prepareStatement(HikariProxyConnection.java)
	at anorm.SimpleSql.$anonfun$prepareNoGeneratedKeys$1(SimpleSql.scala:55)
	at anorm.SimpleSql.unsafeStatement(SimpleSql.scala:85)
	at anorm.SimpleSql.unsafeStatement(SimpleSql.scala:68)
	at anorm.Sql.$anonfun$preparedStatement$1(Anorm.scala:77)
	at resource.DefaultManagedResource.open(AbstractManagedResource.scala:107)
	at resource.AbstractManagedResource.acquireFor(AbstractManagedResource.scala:84)
	at resource.ManagedResourceOperations$$anon$1.acquireFor(ManagedResourceOperations.scala:47)
	at resource.DeferredExtractableManagedResource.acquireFor(AbstractManagedResource.scala:25)
	at resource.ManagedResourceOperations.apply(ManagedResourceOperations.scala:31)
	at resource.ManagedResourceOperations.apply$(ManagedResourceOperations.scala:31)
	at resource.DeferredExtractableManagedResource.apply(AbstractManagedResource.scala:22)
	at resource.ManagedResourceOperations.acquireAndGet(ManagedResourceOperations.scala:29)
	at resource.ManagedResourceOperations.acquireAndGet$(ManagedResourceOperations.scala:29)
	at resource.DeferredExtractableManagedResource.acquireAndGet(AbstractManagedResource.scala:22)
	at anorm.Sql$.$anonfun$asTry$1(Anorm.scala:263)
	at scala.util.Try$.apply(Try.scala:210)
	at anorm.Sql$.asTry(Anorm.scala:263)
	at anorm.WithResult.asTry(SqlResult.scala:215)
	at anorm.WithResult.asTry$(SqlResult.scala:213)
	at anorm.SimpleSql.asTry(SimpleSql.scala:6)
	at anorm.WithResult.as(SqlResult.scala:205)
	at anorm.WithResult.as$(SqlResult.scala:204)
	at anorm.SimpleSql.as(SimpleSql.scala:6)
	at com.digitalasset.canton.platform.store.backend.common.PackageStorageBackendTemplate.lfPackages(PackageStorageBackendTemplate.scala:54)
	at com.digitalasset.canton.platform.store.dao.JdbcLedgerDao.$anonfun$listLfPackages$1(JdbcLedgerDao.scala:311)
	at com.digitalasset.canton.platform.store.dao.DataSourceConnectionProvider$$anon$1.$anonfun$runSQL$1(HikariJdbcConnectionProvider.scala:80)
	at com.daml.metrics.api.opentelemetry.OpenTelemetryTimer.time(OpenTelemetryMetricsFactory.scala:180)
	at com.daml.metrics.Timed$.value(Timed.scala:18)
	at com.digitalasset.canton.platform.store.dao.DataSourceConnectionProvider$$anon$1.runSQL(HikariJdbcConnectionProvider.scala:80)
	at com.digitalasset.canton.platform.store.dao.DbDispatcherImpl.$anonfun$executeSql$2(DbDispatcher.scala:87)
	at scala.concurrent.Future$.$anonfun$apply$1(Future.scala:687)
	at scala.concurrent.impl.Promise$Transformation.run(Promise.scala:467)
	at com.daml.executors.QueueAwareExecutorService$TrackingRunnable.run(QueueAwareExecutorService.scala:98)
	at com.daml.metrics.InstrumentedExecutorServiceMetrics$InstrumentedExecutorService$InstrumentedRunnable.run(InstrumentedExecutorServiceMetrics.scala:202)
	at java.base/java.util.concurrent.ThreadPoolExecutor.runWorker(ThreadPoolExecutor.java:1136)
	at java.base/java.util.concurrent.ThreadPoolExecutor$Worker.run(ThreadPoolExecutor.java:635)
	at java.base/java.lang.Thread.run(Thread.java:840)
2026-01-20 15:11:14,196 [canton-env-ec-81] ERROR c.d.c.p.a.s.ApiPackageService:participant=sandbox tid:db181e36c6993de96fe4552d5db6335f - Unhandled internal error
com.digitalasset.canton.ledger.error.IndexErrors$IndexDbException: INTERNAL: An error occurred. Please contact the operator and inquire about the request db181e36c6993de96fe4552d5db6335f with tid db181e36c6993de96fe4552d5db6335f
2026-01-20 15:11:14,206 [canton-env-ec-81] ERROR c.d.c.n.g.ApiRequestLogger:participant=sandbox tid:db181e36c6993de96fe4552d5db6335f - Request c.d.l.a.v.PackageService/GetPackageStatus by /127.0.0.1:49741: failed with INTERNAL/An error occurred. Please contact the operator and inquire about the request db181e36c6993de96fe4552d5db6335f with tid db181e36c6993de96fe4552d5db6335f
2026-01-20 15:11:14,191 [canton-env-ec-27] ERROR c.d.c.p.a.s.ApiPackageService:participant=sandbox tid:a63ce4a034f8697f3922cbd4082373d7 - Unhandled internal error
com.digitalasset.canton.ledger.error.IndexErrors$IndexDbException: INTERNAL: An error occurred. Please contact the operator and inquire about the request a63ce4a034f8697f3922cbd4082373d7 with tid a63ce4a034f8697f3922cbd4082373d7
2026-01-20 15:11:14,154 [daml.index.db.threadpool.connection.api-server-0] DEBUG c.d.c.n.g.ApiRequestLogger:participant=sandbox tid:828e6a9b423ea5a5dd79c542475008c1 - Request c.d.l.a.v.PackageService/GetPackageStatus by /127.0.0.1:49741: received a message 
  Request tid:828e6a9b423ea5a5dd79c542475008c1
2026-01-20 15:11:14,155 [canton-env-ec-28] INFO  c.d.c.p.a.s.ApiPackageService:participant=sandbox tid:828e6a9b423ea5a5dd79c542475008c1 - Received request for a package status: GetPackageStatusRequest(sandbox,76bf0fd12bd945762a01f8fc5bbcdfa4d0ff20f8762af490f8f41d6237c6524f), packageId -> '76bf0fd12bd945762a01f8fc5bbcdfa4d0ff20f8762af490f8f41d6237c6524f'.
2026-01-20 15:11:14,191 [daml.index.db.threadpool.connection.api-server-0] ERROR c.d.c.p.s.d.DbDispatcherImpl:participant=sandbox tid:828e6a9b423ea5a5dd79c542475008c1 - INDEX_DB_SQL_NON_TRANSIENT_ERROR(4,828e6a9b): Processing the request failed due to a non-transient database error: Table "PACKAGES" not found (this database is empty); SQL statement:

      select packages.package_id, packages.source_description, packages.known_since, packages.package_size
      from packages
      where packages.ledger_offset <= ?
     [42104-210] err-context:{location=DatabaseSelfServiceError.scala:53} 
org.h2.jdbc.JdbcSQLSyntaxErrorException: Table "PACKAGES" not found (this database is empty); SQL statement:

      select packages.package_id, packages.source_description, packages.known_since, packages.package_size
      from packages
      where packages.ledger_offset <= ?
     [42104-210]
	at org.h2.message.DbException.getJdbcSQLException(DbException.java:521)
	at org.h2.message.DbException.getJdbcSQLException(DbException.java:496)
	at org.h2.message.DbException.get(DbException.java:227)
	at org.h2.message.DbException.get(DbException.java:203)
	at org.h2.command.Parser.getTableOrViewNotFoundDbException(Parser.java:8397)
	at org.h2.command.Parser.getTableOrViewNotFoundDbException(Parser.java:8381)
	at org.h2.command.Parser.readTableOrView(Parser.java:8370)
	at org.h2.command.Parser.readTablePrimary(Parser.java:1866)
	at org.h2.command.Parser.readTableReference(Parser.java:2342)
	at org.h2.command.Parser.parseSelectFromPart(Parser.java:2793)
	at org.h2.command.Parser.parseSelect(Parser.java:2900)
	at org.h2.command.Parser.parseQueryPrimary(Parser.java:2783)
	at org.h2.command.Parser.parseQueryTerm(Parser.java:2650)
	at org.h2.command.Parser.parseQueryExpressionBody(Parser.java:2629)
	at org.h2.command.Parser.parseQueryExpressionBodyAndEndOfQuery(Parser.java:2622)
	at org.h2.command.Parser.parseQueryExpression(Parser.java:2615)
	at org.h2.command.Parser.parseQuery(Parser.java:2576)
	at org.h2.command.Parser.parsePrepared(Parser.java:707)
	at org.h2.command.Parser.parse(Parser.java:674)
	at org.h2.command.Parser.parse(Parser.java:644)
	at org.h2.command.Parser.prepareCommand(Parser.java:551)
	at org.h2.engine.SessionLocal.prepareLocal(SessionLocal.java:615)
	at org.h2.engine.SessionLocal.prepareCommand(SessionLocal.java:553)
	at org.h2.jdbc.JdbcConnection.prepareCommand(JdbcConnection.java:1116)
	at org.h2.jdbc.JdbcPreparedStatement.<init>(JdbcPreparedStatement.java:92)
	at org.h2.jdbc.JdbcConnection.prepareStatement(JdbcConnection.java:288)
	at com.zaxxer.hikari.pool.ProxyConnection.prepareStatement(ProxyConnection.java:311)
	at com.zaxxer.hikari.pool.HikariProxyConnection.prepareStatement(HikariProxyConnection.java)
	at anorm.SimpleSql.$anonfun$prepareNoGeneratedKeys$1(SimpleSql.scala:55)
	at anorm.SimpleSql.unsafeStatement(SimpleSql.scala:85)
	at anorm.SimpleSql.unsafeStatement(SimpleSql.scala:68)
	at anorm.Sql.$anonfun$preparedStatement$1(Anorm.scala:77)
	at resource.DefaultManagedResource.open(AbstractManagedResource.scala:107)
	at resource.AbstractManagedResource.acquireFor(AbstractManagedResource.scala:84)
	at resource.ManagedResourceOperations$$anon$1.acquireFor(ManagedResourceOperations.scala:47)
	at resource.DeferredExtractableManagedResource.acquireFor(AbstractManagedResource.scala:25)
	at resource.ManagedResourceOperations.apply(ManagedResourceOperations.scala:31)
	at resource.ManagedResourceOperations.apply$(ManagedResourceOperations.scala:31)
	at resource.DeferredExtractableManagedResource.apply(AbstractManagedResource.scala:22)
	at resource.ManagedResourceOperations.acquireAndGet(ManagedResourceOperations.scala:29)
	at resource.ManagedResourceOperations.acquireAndGet$(ManagedResourceOperations.scala:29)
	at resource.DeferredExtractableManagedResource.acquireAndGet(AbstractManagedResource.scala:22)
	at anorm.Sql$.$anonfun$asTry$1(Anorm.scala:263)
	at scala.util.Try$.apply(Try.scala:210)
	at anorm.Sql$.asTry(Anorm.scala:263)
	at anorm.WithResult.asTry(SqlResult.scala:215)
	at anorm.WithResult.asTry$(SqlResult.scala:213)
	at anorm.SimpleSql.asTry(SimpleSql.scala:6)
	at anorm.WithResult.as(SqlResult.scala:205)
	at anorm.WithResult.as$(SqlResult.scala:204)
	at anorm.SimpleSql.as(SimpleSql.scala:6)
	at com.digitalasset.canton.platform.store.backend.common.PackageStorageBackendTemplate.lfPackages(PackageStorageBackendTemplate.scala:54)
	at com.digitalasset.canton.platform.store.dao.JdbcLedgerDao.$anonfun$listLfPackages$1(JdbcLedgerDao.scala:311)
	at com.digitalasset.canton.platform.store.dao.DataSourceConnectionProvider$$anon$1.$anonfun$runSQL$1(HikariJdbcConnectionProvider.scala:80)
	at com.daml.metrics.api.opentelemetry.OpenTelemetryTimer.time(OpenTelemetryMetricsFactory.scala:180)
	at com.daml.metrics.Timed$.value(Timed.scala:18)
	at com.digitalasset.canton.platform.store.dao.DataSourceConnectionProvider$$anon$1.runSQL(HikariJdbcConnectionProvider.scala:80)
	at com.digitalasset.canton.platform.store.dao.DbDispatcherImpl.$anonfun$executeSql$2(DbDispatcher.scala:87)
	at scala.concurrent.Future$.$anonfun$apply$1(Future.scala:687)
	at scala.concurrent.impl.Promise$Transformation.run(Promise.scala:467)
	at com.daml.executors.QueueAwareExecutorService$TrackingRunnable.run(QueueAwareExecutorService.scala:98)
	at com.daml.metrics.InstrumentedExecutorServiceMetrics$InstrumentedExecutorService$InstrumentedRunnable.run(InstrumentedExecutorServiceMetrics.scala:202)
	at java.base/java.util.concurrent.ThreadPoolExecutor.runWorker(ThreadPoolExecutor.java:1136)
	at java.base/java.util.concurrent.ThreadPoolExecutor$Worker.run(ThreadPoolExecutor.java:635)
	at java.base/java.lang.Thread.run(Thread.java:840)
2026-01-20 15:11:14,152 [daml.index.db.threadpool.connection.api-server-2] DEBUG c.d.c.n.g.ApiRequestLogger:participant=sandbox tid:0f55cd306a34ebfb315a424eaa8006d8 - Request c.d.l.a.v.PackageService/GetPackageStatus by /127.0.0.1:49741: received a message 
  Request tid:0f55cd306a34ebfb315a424eaa8006d8
2026-01-20 15:11:14,154 [canton-env-ec-84] INFO  c.d.c.p.a.s.ApiPackageService:participant=sandbox tid:0f55cd306a34ebfb315a424eaa8006d8 - Received request for a package status: GetPackageStatusRequest(sandbox,3f4deaf145a15cdcfa762c058005e2edb9baa75bb7f95a4f8f6f937378e86415), packageId -> '3f4deaf145a15cdcfa762c058005e2edb9baa75bb7f95a4f8f6f937378e86415'.
2026-01-20 15:11:14,190 [daml.index.db.threadpool.connection.api-server-2] ERROR c.d.c.p.s.d.DbDispatcherImpl:participant=sandbox tid:0f55cd306a34ebfb315a424eaa8006d8 - INDEX_DB_SQL_NON_TRANSIENT_ERROR(4,0f55cd30): Processing the request failed due to a non-transient database error: Table "PACKAGES" not found (this database is empty); SQL statement:

      select packages.package_id, packages.source_description, packages.known_since, packages.package_size
      from packages
      where packages.ledger_offset <= ?
     [42104-210] err-context:{location=DatabaseSelfServiceError.scala:53} 
org.h2.jdbc.JdbcSQLSyntaxErrorException: Table "PACKAGES" not found (this database is empty); SQL statement:

      select packages.package_id, packages.source_description, packages.known_since, packages.package_size
      from packages
      where packages.ledger_offset <= ?
     [42104-210]
	at org.h2.message.DbException.getJdbcSQLException(DbException.java:521)
	at org.h2.message.DbException.getJdbcSQLException(DbException.java:496)
	at org.h2.message.DbException.get(DbException.java:227)
	at org.h2.message.DbException.get(DbException.java:203)
	at org.h2.command.Parser.getTableOrViewNotFoundDbException(Parser.java:8397)
	at org.h2.command.Parser.getTableOrViewNotFoundDbException(Parser.java:8381)
	at org.h2.command.Parser.readTableOrView(Parser.java:8370)
	at org.h2.command.Parser.readTablePrimary(Parser.java:1866)
	at org.h2.command.Parser.readTableReference(Parser.java:2342)
	at org.h2.command.Parser.parseSelectFromPart(Parser.java:2793)
	at org.h2.command.Parser.parseSelect(Parser.java:2900)
	at org.h2.command.Parser.parseQueryPrimary(Parser.java:2783)
	at org.h2.command.Parser.parseQueryTerm(Parser.java:2650)
	at org.h2.command.Parser.parseQueryExpressionBody(Parser.java:2629)
	at org.h2.command.Parser.parseQueryExpressionBodyAndEndOfQuery(Parser.java:2622)
	at org.h2.command.Parser.parseQueryExpression(Parser.java:2615)
	at org.h2.command.Parser.parseQuery(Parser.java:2576)
	at org.h2.command.Parser.parsePrepared(Parser.java:707)
	at org.h2.command.Parser.parse(Parser.java:674)
	at org.h2.command.Parser.parse(Parser.java:644)
	at org.h2.command.Parser.prepareCommand(Parser.java:551)
	at org.h2.engine.SessionLocal.prepareLocal(SessionLocal.java:615)
	at org.h2.engine.SessionLocal.prepareCommand(SessionLocal.java:553)
	at org.h2.jdbc.JdbcConnection.prepareCommand(JdbcConnection.java:1116)
	at org.h2.jdbc.JdbcPreparedStatement.<init>(JdbcPreparedStatement.java:92)
	at org.h2.jdbc.JdbcConnection.prepareStatement(JdbcConnection.java:288)
	at com.zaxxer.hikari.pool.ProxyConnection.prepareStatement(ProxyConnection.java:311)
	at com.zaxxer.hikari.pool.HikariProxyConnection.prepareStatement(HikariProxyConnection.java)
	at anorm.SimpleSql.$anonfun$prepareNoGeneratedKeys$1(SimpleSql.scala:55)
	at anorm.SimpleSql.unsafeStatement(SimpleSql.scala:85)
	at anorm.SimpleSql.unsafeStatement(SimpleSql.scala:68)
	at anorm.Sql.$anonfun$preparedStatement$1(Anorm.scala:77)
	at resource.DefaultManagedResource.open(AbstractManagedResource.scala:107)
	at resource.AbstractManagedResource.acquireFor(AbstractManagedResource.scala:84)
	at resource.ManagedResourceOperations$$anon$1.acquireFor(ManagedResourceOperations.scala:47)
	at resource.DeferredExtractableManagedResource.acquireFor(AbstractManagedResource.scala:25)
	at resource.ManagedResourceOperations.apply(ManagedResourceOperations.scala:31)
	at resource.ManagedResourceOperations.apply$(ManagedResourceOperations.scala:31)
	at resource.DeferredExtractableManagedResource.apply(AbstractManagedResource.scala:22)
	at resource.ManagedResourceOperations.acquireAndGet(ManagedResourceOperations.scala:29)
	at resource.ManagedResourceOperations.acquireAndGet$(ManagedResourceOperations.scala:29)
	at resource.DeferredExtractableManagedResource.acquireAndGet(AbstractManagedResource.scala:22)
	at anorm.Sql$.$anonfun$asTry$1(Anorm.scala:263)
	at scala.util.Try$.apply(Try.scala:210)
	at anorm.Sql$.asTry(Anorm.scala:263)
	at anorm.WithResult.asTry(SqlResult.scala:215)
	at anorm.WithResult.asTry$(SqlResult.scala:213)
	at anorm.SimpleSql.asTry(SimpleSql.scala:6)
	at anorm.WithResult.as(SqlResult.scala:205)
	at anorm.WithResult.as$(SqlResult.scala:204)
	at anorm.SimpleSql.as(SimpleSql.scala:6)
	at com.digitalasset.canton.platform.store.backend.common.PackageStorageBackendTemplate.lfPackages(PackageStorageBackendTemplate.scala:54)
	at com.digitalasset.canton.platform.store.dao.JdbcLedgerDao.$anonfun$listLfPackages$1(JdbcLedgerDao.scala:311)
	at com.digitalasset.canton.platform.store.dao.DataSourceConnectionProvider$$anon$1.$anonfun$runSQL$1(HikariJdbcConnectionProvider.scala:80)
	at com.daml.metrics.api.opentelemetry.OpenTelemetryTimer.time(OpenTelemetryMetricsFactory.scala:180)
	at com.daml.metrics.Timed$.value(Timed.scala:18)
	at com.digitalasset.canton.platform.store.dao.DataSourceConnectionProvider$$anon$1.runSQL(HikariJdbcConnectionProvider.scala:80)
	at com.digitalasset.canton.platform.store.dao.DbDispatcherImpl.$anonfun$executeSql$2(DbDispatcher.scala:87)
	at scala.concurrent.Future$.$anonfun$apply$1(Future.scala:687)
	at scala.concurrent.impl.Promise$Transformation.run(Promise.scala:467)
	at com.daml.executors.QueueAwareExecutorService$TrackingRunnable.run(QueueAwareExecutorService.scala:98)
	at com.daml.metrics.InstrumentedExecutorServiceMetrics$InstrumentedExecutorService$InstrumentedRunnable.run(InstrumentedExecutorServiceMetrics.scala:202)
	at java.base/java.util.concurrent.ThreadPoolExecutor.runWorker(ThreadPoolExecutor.java:1136)
	at java.base/java.util.concurrent.ThreadPoolExecutor$Worker.run(ThreadPoolExecutor.java:635)
	at java.base/java.lang.Thread.run(Thread.java:840)
2026-01-20 15:11:14,190 [canton-env-ec-77] ERROR c.d.c.p.a.s.ApiPackageService:participant=sandbox tid:8049257c186d0929ba214d90bc7a04e7 - Unhandled internal error
com.digitalasset.canton.ledger.error.IndexErrors$IndexDbException: INTERNAL: An error occurred. Please contact the operator and inquire about the request 8049257c186d0929ba214d90bc7a04e7 with tid 8049257c186d0929ba214d90bc7a04e7
2026-01-20 15:11:14,189 [canton-env-ec-26] ERROR c.d.c.n.g.ApiRequestLogger:participant=sandbox tid:9b048d3e3969f502562258620b41249b - Request c.d.l.a.v.PackageService/GetPackageStatus by /127.0.0.1:49741: failed with INTERNAL/An error occurred. Please contact the operator and inquire about the request 9b048d3e3969f502562258620b41249b with tid 9b048d3e3969f502562258620b41249b
2026-01-20 15:11:14,189 [canton-env-ec-82] ERROR c.d.c.n.g.ApiRequestLogger:participant=sandbox tid:4abeefe0ec2654daf0353681bc4a88c7 - Request c.d.l.a.v.PackageService/GetPackageStatus by /127.0.0.1:49741: failed with INTERNAL/An error occurred. Please contact the operator and inquire about the request 4abeefe0ec2654daf0353681bc4a88c7 with tid 4abeefe0ec2654daf0353681bc4a88c7
2026-01-20 15:11:14,188 [canton-env-ec-89] ERROR c.d.c.n.g.ApiRequestLogger:participant=sandbox tid:79648209884424049c11f9a447c1a974 - Request c.d.l.a.v.PackageService/GetPackageStatus by /127.0.0.1:49741: failed with INTERNAL/An error occurred. Please contact the operator and inquire about the request 79648209884424049c11f9a447c1a974 with tid 79648209884424049c11f9a447c1a974
2026-01-20 15:11:14,212 [canton-env-ec-89] ERROR c.d.c.p.a.s.ApiPackageService:participant=sandbox tid:0f55cd306a34ebfb315a424eaa8006d8 - Unhandled internal error
com.digitalasset.canton.ledger.error.IndexErrors$IndexDbException: INTERNAL: An error occurred. Please contact the operator and inquire about the request 0f55cd306a34ebfb315a424eaa8006d8 with tid 0f55cd306a34ebfb315a424eaa8006d8
2026-01-20 15:11:14,188 [canton-env-ec-93] ERROR c.d.c.n.g.ApiRequestLogger:participant=sandbox tid:33bf88c660328aa3b1685177caa09fd3 - Request c.d.l.a.v.PackageService/GetPackageStatus by /127.0.0.1:49741: failed with INTERNAL/An error occurred. Please contact the operator and inquire about the request 33bf88c660328aa3b1685177caa09fd3 with tid 33bf88c660328aa3b1685177caa09fd3
2026-01-20 15:11:14,154 [daml.index.db.threadpool.connection.api-server-4] DEBUG c.d.c.n.g.ApiRequestLogger:participant=sandbox tid:94e7f7d7959d0ec9eb783ce6b2da8364 - Request c.d.l.a.v.PackageService/GetPackageStatus by /127.0.0.1:49741: received a message 
  Request tid:94e7f7d7959d0ec9eb783ce6b2da8364
2026-01-20 15:11:14,155 [canton-env-ec-33] INFO  c.d.c.p.a.s.ApiPackageService:participant=sandbox tid:94e7f7d7959d0ec9eb783ce6b2da8364 - Received request for a package status: GetPackageStatusRequest(sandbox,057eed1fd48c238491b8ea06b9b5bf85a5d4c9275dd3f6183e0e6b01730cc2ba), packageId -> '057eed1fd48c238491b8ea06b9b5bf85a5d4c9275dd3f6183e0e6b01730cc2ba'.
2026-01-20 15:11:14,188 [daml.index.db.threadpool.connection.api-server-4] ERROR c.d.c.p.s.d.DbDispatcherImpl:participant=sandbox tid:94e7f7d7959d0ec9eb783ce6b2da8364 - INDEX_DB_SQL_NON_TRANSIENT_ERROR(4,94e7f7d7): Processing the request failed due to a non-transient database error: Table "PACKAGES" not found (this database is empty); SQL statement:

      select packages.package_id, packages.source_description, packages.known_since, packages.package_size
      from packages
      where packages.ledger_offset <= ?
     [42104-210] err-context:{location=DatabaseSelfServiceError.scala:53} 
org.h2.jdbc.JdbcSQLSyntaxErrorException: Table "PACKAGES" not found (this database is empty); SQL statement:

      select packages.package_id, packages.source_description, packages.known_since, packages.package_size
      from packages
      where packages.ledger_offset <= ?
     [42104-210]
	at org.h2.message.DbException.getJdbcSQLException(DbException.java:521)
	at org.h2.message.DbException.getJdbcSQLException(DbException.java:496)
	at org.h2.message.DbException.get(DbException.java:227)
	at org.h2.message.DbException.get(DbException.java:203)
	at org.h2.command.Parser.getTableOrViewNotFoundDbException(Parser.java:8397)
	at org.h2.command.Parser.getTableOrViewNotFoundDbException(Parser.java:8381)
	at org.h2.command.Parser.readTableOrView(Parser.java:8370)
	at org.h2.command.Parser.readTablePrimary(Parser.java:1866)
	at org.h2.command.Parser.readTableReference(Parser.java:2342)
	at org.h2.command.Parser.parseSelectFromPart(Parser.java:2793)
	at org.h2.command.Parser.parseSelect(Parser.java:2900)
	at org.h2.command.Parser.parseQueryPrimary(Parser.java:2783)
	at org.h2.command.Parser.parseQueryTerm(Parser.java:2650)
	at org.h2.command.Parser.parseQueryExpressionBody(Parser.java:2629)
	at org.h2.command.Parser.parseQueryExpressionBodyAndEndOfQuery(Parser.java:2622)
	at org.h2.command.Parser.parseQueryExpression(Parser.java:2615)
	at org.h2.command.Parser.parseQuery(Parser.java:2576)
	at org.h2.command.Parser.parsePrepared(Parser.java:707)
	at org.h2.command.Parser.parse(Parser.java:674)
	at org.h2.command.Parser.parse(Parser.java:644)
	at org.h2.command.Parser.prepareCommand(Parser.java:551)
	at org.h2.engine.SessionLocal.prepareLocal(SessionLocal.java:615)
	at org.h2.engine.SessionLocal.prepareCommand(SessionLocal.java:553)
	at org.h2.jdbc.JdbcConnection.prepareCommand(JdbcConnection.java:1116)
	at org.h2.jdbc.JdbcPreparedStatement.<init>(JdbcPreparedStatement.java:92)
	at org.h2.jdbc.JdbcConnection.prepareStatement(JdbcConnection.java:288)
	at com.zaxxer.hikari.pool.ProxyConnection.prepareStatement(ProxyConnection.java:311)
	at com.zaxxer.hikari.pool.HikariProxyConnection.prepareStatement(HikariProxyConnection.java)
	at anorm.SimpleSql.$anonfun$prepareNoGeneratedKeys$1(SimpleSql.scala:55)
	at anorm.SimpleSql.unsafeStatement(SimpleSql.scala:85)
	at anorm.SimpleSql.unsafeStatement(SimpleSql.scala:68)
	at anorm.Sql.$anonfun$preparedStatement$1(Anorm.scala:77)
	at resource.DefaultManagedResource.open(AbstractManagedResource.scala:107)
	at resource.AbstractManagedResource.acquireFor(AbstractManagedResource.scala:84)
	at resource.ManagedResourceOperations$$anon$1.acquireFor(ManagedResourceOperations.scala:47)
	at resource.DeferredExtractableManagedResource.acquireFor(AbstractManagedResource.scala:25)
	at resource.ManagedResourceOperations.apply(ManagedResourceOperations.scala:31)
	at resource.ManagedResourceOperations.apply$(ManagedResourceOperations.scala:31)
	at resource.DeferredExtractableManagedResource.apply(AbstractManagedResource.scala:22)
	at resource.ManagedResourceOperations.acquireAndGet(ManagedResourceOperations.scala:29)
	at resource.ManagedResourceOperations.acquireAndGet$(ManagedResourceOperations.scala:29)
	at resource.DeferredExtractableManagedResource.acquireAndGet(AbstractManagedResource.scala:22)
	at anorm.Sql$.$anonfun$asTry$1(Anorm.scala:263)
	at scala.util.Try$.apply(Try.scala:210)
	at anorm.Sql$.asTry(Anorm.scala:263)
	at anorm.WithResult.asTry(SqlResult.scala:215)
	at anorm.WithResult.asTry$(SqlResult.scala:213)
	at anorm.SimpleSql.asTry(SimpleSql.scala:6)
	at anorm.WithResult.as(SqlResult.scala:205)
	at anorm.WithResult.as$(SqlResult.scala:204)
	at anorm.SimpleSql.as(SimpleSql.scala:6)
	at com.digitalasset.canton.platform.store.backend.common.PackageStorageBackendTemplate.lfPackages(PackageStorageBackendTemplate.scala:54)
	at com.digitalasset.canton.platform.store.dao.JdbcLedgerDao.$anonfun$listLfPackages$1(JdbcLedgerDao.scala:311)
	at com.digitalasset.canton.platform.store.dao.DataSourceConnectionProvider$$anon$1.$anonfun$runSQL$1(HikariJdbcConnectionProvider.scala:80)
	at com.daml.metrics.api.opentelemetry.OpenTelemetryTimer.time(OpenTelemetryMetricsFactory.scala:180)
	at com.daml.metrics.Timed$.value(Timed.scala:18)
	at com.digitalasset.canton.platform.store.dao.DataSourceConnectionProvider$$anon$1.runSQL(HikariJdbcConnectionProvider.scala:80)
	at com.digitalasset.canton.platform.store.dao.DbDispatcherImpl.$anonfun$executeSql$2(DbDispatcher.scala:87)
	at scala.concurrent.Future$.$anonfun$apply$1(Future.scala:687)
	at scala.concurrent.impl.Promise$Transformation.run(Promise.scala:467)
	at com.daml.executors.QueueAwareExecutorService$TrackingRunnable.run(QueueAwareExecutorService.scala:98)
	at com.daml.metrics.InstrumentedExecutorServiceMetrics$InstrumentedExecutorService$InstrumentedRunnable.run(InstrumentedExecutorServiceMetrics.scala:202)
	at java.base/java.util.concurrent.ThreadPoolExecutor.runWorker(ThreadPoolExecutor.java:1136)
	at java.base/java.util.concurrent.ThreadPoolExecutor$Worker.run(ThreadPoolExecutor.java:635)
	at java.base/java.lang.Thread.run(Thread.java:840)
2026-01-20 15:11:14,214 [canton-env-ec-93] ERROR c.d.c.p.a.s.ApiPackageService:participant=sandbox tid:94e7f7d7959d0ec9eb783ce6b2da8364 - Unhandled internal error
com.digitalasset.canton.ledger.error.IndexErrors$IndexDbException: INTERNAL: An error occurred. Please contact the operator and inquire about the request 94e7f7d7959d0ec9eb783ce6b2da8364 with tid 94e7f7d7959d0ec9eb783ce6b2da8364
2026-01-20 15:11:14,188 [canton-env-ec-91] ERROR c.d.c.n.g.ApiRequestLogger:participant=sandbox tid:72ccacadb580c61852a0ece5199cb038 - Request c.d.l.a.v.PackageService/GetPackageStatus by /127.0.0.1:49741: failed with INTERNAL/An error occurred. Please contact the operator and inquire about the request 72ccacadb580c61852a0ece5199cb038 with tid 72ccacadb580c61852a0ece5199cb038
2026-01-20 15:11:14,215 [canton-env-ec-93] ERROR c.d.c.n.g.ApiRequestLogger:participant=sandbox tid:94e7f7d7959d0ec9eb783ce6b2da8364 - Request c.d.l.a.v.PackageService/GetPackageStatus by /127.0.0.1:49741: failed with INTERNAL/An error occurred. Please contact the operator and inquire about the request 94e7f7d7959d0ec9eb783ce6b2da8364 with tid 94e7f7d7959d0ec9eb783ce6b2da8364
2026-01-20 15:11:14,212 [canton-env-ec-79] ERROR c.d.c.p.a.s.ApiPackageService:participant=sandbox tid:5186cd4d30eb6d0829243680ea3189bb - Unhandled internal error
com.digitalasset.canton.ledger.error.IndexErrors$IndexDbException: INTERNAL: An error occurred. Please contact the operator and inquire about the request 5186cd4d30eb6d0829243680ea3189bb with tid 5186cd4d30eb6d0829243680ea3189bb
2026-01-20 15:11:14,223 [canton-env-ec-79] ERROR c.d.c.n.g.ApiRequestLogger:participant=sandbox tid:5186cd4d30eb6d0829243680ea3189bb - Request c.d.l.a.v.PackageService/GetPackageStatus by /127.0.0.1:49741: failed with INTERNAL/An error occurred. Please contact the operator and inquire about the request 5186cd4d30eb6d0829243680ea3189bb with tid 5186cd4d30eb6d0829243680ea3189bb
2026-01-20 15:11:14,212 [canton-env-ec-89] ERROR c.d.c.n.g.ApiRequestLogger:participant=sandbox tid:0f55cd306a34ebfb315a424eaa8006d8 - Request c.d.l.a.v.PackageService/GetPackageStatus by /127.0.0.1:49741: failed with INTERNAL/An error occurred. Please contact the operator and inquire about the request 0f55cd306a34ebfb315a424eaa8006d8 with tid 0f55cd306a34ebfb315a424eaa8006d8
2026-01-20 15:11:14,211 [canton-env-ec-82] ERROR c.d.c.p.a.s.ApiPackageService:participant=sandbox tid:828e6a9b423ea5a5dd79c542475008c1 - Unhandled internal error
com.digitalasset.canton.ledger.error.IndexErrors$IndexDbException: INTERNAL: An error occurred. Please contact the operator and inquire about the request 828e6a9b423ea5a5dd79c542475008c1 with tid 828e6a9b423ea5a5dd79c542475008c1
2026-01-20 15:11:14,231 [canton-env-ec-82] ERROR c.d.c.n.g.ApiRequestLogger:participant=sandbox tid:828e6a9b423ea5a5dd79c542475008c1 - Request c.d.l.a.v.PackageService/GetPackageStatus by /127.0.0.1:49741: failed with INTERNAL/An error occurred. Please contact the operator and inquire about the request 828e6a9b423ea5a5dd79c542475008c1 with tid 828e6a9b423ea5a5dd79c542475008c1
2026-01-20 15:11:14,224 [canton-env-ec-93] INFO  c.d.c.n.g.ApiRequestLogger:participant=sandbox tid:c703a22fae9875660c7c5235e3131f5f - Request c.d.l.a.v.PackageService/GetPackageStatus by /127.0.0.1:49741: cancelled. Cancellations can be caused by timeouts, explicit cancellation by the client, network errors, etc.
2026-01-20 15:11:14,211 [canton-env-ec-26] ERROR c.d.c.p.a.s.ApiPackageService:participant=sandbox tid:c703a22fae9875660c7c5235e3131f5f - Unhandled internal error
com.digitalasset.canton.ledger.error.IndexErrors$IndexDbException: INTERNAL: An error occurred. Please contact the operator and inquire about the request c703a22fae9875660c7c5235e3131f5f with tid c703a22fae9875660c7c5235e3131f5f
2026-01-20 15:11:14,154 [daml.index.db.threadpool.connection.api-server-2] DEBUG c.d.c.n.g.ApiRequestLogger:participant=sandbox tid:25e6ebb7fc8ac03296410cb21a11d168 - Request c.d.l.a.v.PackageService/GetPackageStatus by /127.0.0.1:49741: received a message 
  Request tid:25e6ebb7fc8ac03296410cb21a11d168
2026-01-20 15:11:14,155 [canton-env-ec-80] INFO  c.d.c.p.a.s.ApiPackageService:participant=sandbox tid:25e6ebb7fc8ac03296410cb21a11d168 - Received request for a package status: GetPackageStatusRequest(sandbox,6839a6d3d430c569b2425e9391717b44ca324b88ba621d597778811b2d05031d), packageId -> '6839a6d3d430c569b2425e9391717b44ca324b88ba621d597778811b2d05031d'.
2026-01-20 15:11:14,225 [canton-env-ec-91] INFO  c.d.c.n.g.ApiRequestLogger:participant=sandbox tid:25e6ebb7fc8ac03296410cb21a11d168 - Request c.d.l.a.v.PackageService/GetPackageStatus by /127.0.0.1:49741: cancelled. Cancellations can be caused by timeouts, explicit cancellation by the client, network errors, etc.
2026-01-20 15:11:14,210 [daml.index.db.threadpool.connection.api-server-2] ERROR c.d.c.p.s.d.DbDispatcherImpl:participant=sandbox tid:25e6ebb7fc8ac03296410cb21a11d168 - INDEX_DB_SQL_NON_TRANSIENT_ERROR(4,25e6ebb7): Processing the request failed due to a non-transient database error: Table "PACKAGES" not found (this database is empty); SQL statement:

      select packages.package_id, packages.source_description, packages.known_since, packages.package_size
      from packages
      where packages.ledger_offset <= ?
     [42104-210] err-context:{location=DatabaseSelfServiceError.scala:53} 
org.h2.jdbc.JdbcSQLSyntaxErrorException: Table "PACKAGES" not found (this database is empty); SQL statement:

      select packages.package_id, packages.source_description, packages.known_since, packages.package_size
      from packages
      where packages.ledger_offset <= ?
     [42104-210]
	at org.h2.message.DbException.getJdbcSQLException(DbException.java:521)
	at org.h2.message.DbException.getJdbcSQLException(DbException.java:496)
	at org.h2.message.DbException.get(DbException.java:227)
	at org.h2.message.DbException.get(DbException.java:203)
	at org.h2.command.Parser.getTableOrViewNotFoundDbException(Parser.java:8397)
	at org.h2.command.Parser.getTableOrViewNotFoundDbException(Parser.java:8381)
	at org.h2.command.Parser.readTableOrView(Parser.java:8370)
	at org.h2.command.Parser.readTablePrimary(Parser.java:1866)
	at org.h2.command.Parser.readTableReference(Parser.java:2342)
	at org.h2.command.Parser.parseSelectFromPart(Parser.java:2793)
	at org.h2.command.Parser.parseSelect(Parser.java:2900)
	at org.h2.command.Parser.parseQueryPrimary(Parser.java:2783)
	at org.h2.command.Parser.parseQueryTerm(Parser.java:2650)
	at org.h2.command.Parser.parseQueryExpressionBody(Parser.java:2629)
	at org.h2.command.Parser.parseQueryExpressionBodyAndEndOfQuery(Parser.java:2622)
	at org.h2.command.Parser.parseQueryExpression(Parser.java:2615)
	at org.h2.command.Parser.parseQuery(Parser.java:2576)
	at org.h2.command.Parser.parsePrepared(Parser.java:707)
	at org.h2.command.Parser.parse(Parser.java:674)
	at org.h2.command.Parser.parse(Parser.java:644)
	at org.h2.command.Parser.prepareCommand(Parser.java:551)
	at org.h2.engine.SessionLocal.prepareLocal(SessionLocal.java:615)
	at org.h2.engine.SessionLocal.prepareCommand(SessionLocal.java:553)
	at org.h2.jdbc.JdbcConnection.prepareCommand(JdbcConnection.java:1116)
	at org.h2.jdbc.JdbcPreparedStatement.<init>(JdbcPreparedStatement.java:92)
	at org.h2.jdbc.JdbcConnection.prepareStatement(JdbcConnection.java:288)
	at com.zaxxer.hikari.pool.ProxyConnection.prepareStatement(ProxyConnection.java:311)
	at com.zaxxer.hikari.pool.HikariProxyConnection.prepareStatement(HikariProxyConnection.java)
	at anorm.SimpleSql.$anonfun$prepareNoGeneratedKeys$1(SimpleSql.scala:55)
	at anorm.SimpleSql.unsafeStatement(SimpleSql.scala:85)
	at anorm.SimpleSql.unsafeStatement(SimpleSql.scala:68)
	at anorm.Sql.$anonfun$preparedStatement$1(Anorm.scala:77)
	at resource.DefaultManagedResource.open(AbstractManagedResource.scala:107)
	at resource.AbstractManagedResource.acquireFor(AbstractManagedResource.scala:84)
	at resource.ManagedResourceOperations$$anon$1.acquireFor(ManagedResourceOperations.scala:47)
	at resource.DeferredExtractableManagedResource.acquireFor(AbstractManagedResource.scala:25)
	at resource.ManagedResourceOperations.apply(ManagedResourceOperations.scala:31)
	at resource.ManagedResourceOperations.apply$(ManagedResourceOperations.scala:31)
	at resource.DeferredExtractableManagedResource.apply(AbstractManagedResource.scala:22)
	at resource.ManagedResourceOperations.acquireAndGet(ManagedResourceOperations.scala:29)
	at resource.ManagedResourceOperations.acquireAndGet$(ManagedResourceOperations.scala:29)
	at resource.DeferredExtractableManagedResource.acquireAndGet(AbstractManagedResource.scala:22)
	at anorm.Sql$.$anonfun$asTry$1(Anorm.scala:263)
	at scala.util.Try$.apply(Try.scala:210)
	at anorm.Sql$.asTry(Anorm.scala:263)
	at anorm.WithResult.asTry(SqlResult.scala:215)
	at anorm.WithResult.asTry$(SqlResult.scala:213)
	at anorm.SimpleSql.asTry(SimpleSql.scala:6)
	at anorm.WithResult.as(SqlResult.scala:205)
	at anorm.WithResult.as$(SqlResult.scala:204)
	at anorm.SimpleSql.as(SimpleSql.scala:6)
	at com.digitalasset.canton.platform.store.backend.common.PackageStorageBackendTemplate.lfPackages(PackageStorageBackendTemplate.scala:54)
	at com.digitalasset.canton.platform.store.dao.JdbcLedgerDao.$anonfun$listLfPackages$1(JdbcLedgerDao.scala:311)
	at com.digitalasset.canton.platform.store.dao.DataSourceConnectionProvider$$anon$1.$anonfun$runSQL$1(HikariJdbcConnectionProvider.scala:80)
	at com.daml.metrics.api.opentelemetry.OpenTelemetryTimer.time(OpenTelemetryMetricsFactory.scala:180)
	at com.daml.metrics.Timed$.value(Timed.scala:18)
	at com.digitalasset.canton.platform.store.dao.DataSourceConnectionProvider$$anon$1.runSQL(HikariJdbcConnectionProvider.scala:80)
	at com.digitalasset.canton.platform.store.dao.DbDispatcherImpl.$anonfun$executeSql$2(DbDispatcher.scala:87)
	at scala.concurrent.Future$.$anonfun$apply$1(Future.scala:687)
	at scala.concurrent.impl.Promise$Transformation.run(Promise.scala:467)
	at com.daml.executors.QueueAwareExecutorService$TrackingRunnable.run(QueueAwareExecutorService.scala:98)
	at com.daml.metrics.InstrumentedExecutorServiceMetrics$InstrumentedExecutorService$InstrumentedRunnable.run(InstrumentedExecutorServiceMetrics.scala:202)
	at java.base/java.util.concurrent.ThreadPoolExecutor.runWorker(ThreadPoolExecutor.java:1136)
	at java.base/java.util.concurrent.ThreadPoolExecutor$Worker.run(ThreadPoolExecutor.java:635)
	at java.base/java.lang.Thread.run(Thread.java:840)
2026-01-20 15:11:14,210 [canton-env-ec-77] ERROR c.d.c.n.g.ApiRequestLogger:participant=sandbox tid:8049257c186d0929ba214d90bc7a04e7 - Request c.d.l.a.v.PackageService/GetPackageStatus by /127.0.0.1:49741: failed with INTERNAL/An error occurred. Please contact the operator and inquire about the request 8049257c186d0929ba214d90bc7a04e7 with tid 8049257c186d0929ba214d90bc7a04e7
2026-01-20 15:11:14,154 [daml.index.db.threadpool.connection.api-server-0] DEBUG c.d.c.n.g.ApiRequestLogger:participant=sandbox tid:de25d9ef978da63a59a01a061fef6454 - Request c.d.l.a.v.PackageService/GetPackageStatus by /127.0.0.1:49741: received a message 
  Request tid:de25d9ef978da63a59a01a061fef6454
2026-01-20 15:11:14,155 [canton-env-ec-27] INFO  c.d.c.p.a.s.ApiPackageService:participant=sandbox tid:de25d9ef978da63a59a01a061fef6454 - Received request for a package status: GetPackageStatusRequest(sandbox,97b883cd8a2b7f49f90d5d39c981cf6e110cf1f1c64427a28a6d58ec88c43657), packageId -> '97b883cd8a2b7f49f90d5d39c981cf6e110cf1f1c64427a28a6d58ec88c43657'.
2026-01-20 15:11:14,224 [canton-env-ec-89] INFO  c.d.c.n.g.ApiRequestLogger:participant=sandbox tid:de25d9ef978da63a59a01a061fef6454 - Request c.d.l.a.v.PackageService/GetPackageStatus by /127.0.0.1:49741: cancelled. Cancellations can be caused by timeouts, explicit cancellation by the client, network errors, etc.
2026-01-20 15:11:14,209 [daml.index.db.threadpool.connection.api-server-0] ERROR c.d.c.p.s.d.DbDispatcherImpl:participant=sandbox tid:de25d9ef978da63a59a01a061fef6454 - INDEX_DB_SQL_NON_TRANSIENT_ERROR(4,de25d9ef): Processing the request failed due to a non-transient database error: Table "PACKAGES" not found (this database is empty); SQL statement:

      select packages.package_id, packages.source_description, packages.known_since, packages.package_size
      from packages
      where packages.ledger_offset <= ?
     [42104-210] err-context:{location=DatabaseSelfServiceError.scala:53} 
org.h2.jdbc.JdbcSQLSyntaxErrorException: Table "PACKAGES" not found (this database is empty); SQL statement:

      select packages.package_id, packages.source_description, packages.known_since, packages.package_size
      from packages
      where packages.ledger_offset <= ?
     [42104-210]
	at org.h2.message.DbException.getJdbcSQLException(DbException.java:521)
	at org.h2.message.DbException.getJdbcSQLException(DbException.java:496)
	at org.h2.message.DbException.get(DbException.java:227)
	at org.h2.message.DbException.get(DbException.java:203)
	at org.h2.command.Parser.getTableOrViewNotFoundDbException(Parser.java:8397)
	at org.h2.command.Parser.getTableOrViewNotFoundDbException(Parser.java:8381)
	at org.h2.command.Parser.readTableOrView(Parser.java:8370)
	at org.h2.command.Parser.readTablePrimary(Parser.java:1866)
	at org.h2.command.Parser.readTableReference(Parser.java:2342)
	at org.h2.command.Parser.parseSelectFromPart(Parser.java:2793)
	at org.h2.command.Parser.parseSelect(Parser.java:2900)
	at org.h2.command.Parser.parseQueryPrimary(Parser.java:2783)
	at org.h2.command.Parser.parseQueryTerm(Parser.java:2650)
	at org.h2.command.Parser.parseQueryExpressionBody(Parser.java:2629)
	at org.h2.command.Parser.parseQueryExpressionBodyAndEndOfQuery(Parser.java:2622)
	at org.h2.command.Parser.parseQueryExpression(Parser.java:2615)
	at org.h2.command.Parser.parseQuery(Parser.java:2576)
	at org.h2.command.Parser.parsePrepared(Parser.java:707)
	at org.h2.command.Parser.parse(Parser.java:674)
	at org.h2.command.Parser.parse(Parser.java:644)
	at org.h2.command.Parser.prepareCommand(Parser.java:551)
	at org.h2.engine.SessionLocal.prepareLocal(SessionLocal.java:615)
	at org.h2.engine.SessionLocal.prepareCommand(SessionLocal.java:553)
	at org.h2.jdbc.JdbcConnection.prepareCommand(JdbcConnection.java:1116)
	at org.h2.jdbc.JdbcPreparedStatement.<init>(JdbcPreparedStatement.java:92)
	at org.h2.jdbc.JdbcConnection.prepareStatement(JdbcConnection.java:288)
	at com.zaxxer.hikari.pool.ProxyConnection.prepareStatement(ProxyConnection.java:311)
	at com.zaxxer.hikari.pool.HikariProxyConnection.prepareStatement(HikariProxyConnection.java)
	at anorm.SimpleSql.$anonfun$prepareNoGeneratedKeys$1(SimpleSql.scala:55)
	at anorm.SimpleSql.unsafeStatement(SimpleSql.scala:85)
	at anorm.SimpleSql.unsafeStatement(SimpleSql.scala:68)
	at anorm.Sql.$anonfun$preparedStatement$1(Anorm.scala:77)
	at resource.DefaultManagedResource.open(AbstractManagedResource.scala:107)
	at resource.AbstractManagedResource.acquireFor(AbstractManagedResource.scala:84)
	at resource.ManagedResourceOperations$$anon$1.acquireFor(ManagedResourceOperations.scala:47)
	at resource.DeferredExtractableManagedResource.acquireFor(AbstractManagedResource.scala:25)
	at resource.ManagedResourceOperations.apply(ManagedResourceOperations.scala:31)
	at resource.ManagedResourceOperations.apply$(ManagedResourceOperations.scala:31)
	at resource.DeferredExtractableManagedResource.apply(AbstractManagedResource.scala:22)
	at resource.ManagedResourceOperations.acquireAndGet(ManagedResourceOperations.scala:29)
	at resource.ManagedResourceOperations.acquireAndGet$(ManagedResourceOperations.scala:29)
	at resource.DeferredExtractableManagedResource.acquireAndGet(AbstractManagedResource.scala:22)
	at anorm.Sql$.$anonfun$asTry$1(Anorm.scala:263)
	at scala.util.Try$.apply(Try.scala:210)
	at anorm.Sql$.asTry(Anorm.scala:263)
	at anorm.WithResult.asTry(SqlResult.scala:215)
	at anorm.WithResult.asTry$(SqlResult.scala:213)
	at anorm.SimpleSql.asTry(SimpleSql.scala:6)
	at anorm.WithResult.as(SqlResult.scala:205)
	at anorm.WithResult.as$(SqlResult.scala:204)
	at anorm.SimpleSql.as(SimpleSql.scala:6)
	at com.digitalasset.canton.platform.store.backend.common.PackageStorageBackendTemplate.lfPackages(PackageStorageBackendTemplate.scala:54)
	at com.digitalasset.canton.platform.store.dao.JdbcLedgerDao.$anonfun$listLfPackages$1(JdbcLedgerDao.scala:311)
	at com.digitalasset.canton.platform.store.dao.DataSourceConnectionProvider$$anon$1.$anonfun$runSQL$1(HikariJdbcConnectionProvider.scala:80)
	at com.daml.metrics.api.opentelemetry.OpenTelemetryTimer.time(OpenTelemetryMetricsFactory.scala:180)
	at com.daml.metrics.Timed$.value(Timed.scala:18)
	at com.digitalasset.canton.platform.store.dao.DataSourceConnectionProvider$$anon$1.runSQL(HikariJdbcConnectionProvider.scala:80)
	at com.digitalasset.canton.platform.store.dao.DbDispatcherImpl.$anonfun$executeSql$2(DbDispatcher.scala:87)
	at scala.concurrent.Future$.$anonfun$apply$1(Future.scala:687)
	at scala.concurrent.impl.Promise$Transformation.run(Promise.scala:467)
	at com.daml.executors.QueueAwareExecutorService$TrackingRunnable.run(QueueAwareExecutorService.scala:98)
	at com.daml.metrics.InstrumentedExecutorServiceMetrics$InstrumentedExecutorService$InstrumentedRunnable.run(InstrumentedExecutorServiceMetrics.scala:202)
	at java.base/java.util.concurrent.ThreadPoolExecutor.runWorker(ThreadPoolExecutor.java:1136)
	at java.base/java.util.concurrent.ThreadPoolExecutor$Worker.run(ThreadPoolExecutor.java:635)
	at java.base/java.lang.Thread.run(Thread.java:840)
2026-01-20 15:11:14,154 [daml.index.db.threadpool.connection.api-server-1] DEBUG c.d.c.n.g.ApiRequestLogger:participant=sandbox tid:f4eb73578bee5b77e64d291240a18091 - Request c.d.l.a.v.PackageService/GetPackageStatus by /127.0.0.1:49741: received a message 
  Request tid:f4eb73578bee5b77e64d291240a18091
2026-01-20 15:11:14,155 [canton-env-ec-77] INFO  c.d.c.p.a.s.ApiPackageService:participant=sandbox tid:f4eb73578bee5b77e64d291240a18091 - Received request for a package status: GetPackageStatusRequest(sandbox,852d8e3a8ccf952acc73e17522846bc1eb41498e840d637e519ddcca7dbc7671), packageId -> '852d8e3a8ccf952acc73e17522846bc1eb41498e840d637e519ddcca7dbc7671'.
2026-01-20 15:11:14,207 [daml.index.db.threadpool.connection.api-server-1] ERROR c.d.c.p.s.d.DbDispatcherImpl:participant=sandbox tid:f4eb73578bee5b77e64d291240a18091 - INDEX_DB_SQL_NON_TRANSIENT_ERROR(4,f4eb7357): Processing the request failed due to a non-transient database error: Table "PACKAGES" not found (this database is empty); SQL statement:

      select packages.package_id, packages.source_description, packages.known_since, packages.package_size
      from packages
      where packages.ledger_offset <= ?
     [42104-210] err-context:{location=DatabaseSelfServiceError.scala:53} 
org.h2.jdbc.JdbcSQLSyntaxErrorException: Table "PACKAGES" not found (this database is empty); SQL statement:

      select packages.package_id, packages.source_description, packages.known_since, packages.package_size
      from packages
      where packages.ledger_offset <= ?
     [42104-210]
	at org.h2.message.DbException.getJdbcSQLException(DbException.java:521)
	at org.h2.message.DbException.getJdbcSQLException(DbException.java:496)
	at org.h2.message.DbException.get(DbException.java:227)
	at org.h2.message.DbException.get(DbException.java:203)
	at org.h2.command.Parser.getTableOrViewNotFoundDbException(Parser.java:8397)
	at org.h2.command.Parser.getTableOrViewNotFoundDbException(Parser.java:8381)
	at org.h2.command.Parser.readTableOrView(Parser.java:8370)
	at org.h2.command.Parser.readTablePrimary(Parser.java:1866)
	at org.h2.command.Parser.readTableReference(Parser.java:2342)
	at org.h2.command.Parser.parseSelectFromPart(Parser.java:2793)
	at org.h2.command.Parser.parseSelect(Parser.java:2900)
	at org.h2.command.Parser.parseQueryPrimary(Parser.java:2783)
	at org.h2.command.Parser.parseQueryTerm(Parser.java:2650)
	at org.h2.command.Parser.parseQueryExpressionBody(Parser.java:2629)
	at org.h2.command.Parser.parseQueryExpressionBodyAndEndOfQuery(Parser.java:2622)
	at org.h2.command.Parser.parseQueryExpression(Parser.java:2615)
	at org.h2.command.Parser.parseQuery(Parser.java:2576)
	at org.h2.command.Parser.parsePrepared(Parser.java:707)
	at org.h2.command.Parser.parse(Parser.java:674)
	at org.h2.command.Parser.parse(Parser.java:644)
	at org.h2.command.Parser.prepareCommand(Parser.java:551)
	at org.h2.engine.SessionLocal.prepareLocal(SessionLocal.java:615)
	at org.h2.engine.SessionLocal.prepareCommand(SessionLocal.java:553)
	at org.h2.jdbc.JdbcConnection.prepareCommand(JdbcConnection.java:1116)
	at org.h2.jdbc.JdbcPreparedStatement.<init>(JdbcPreparedStatement.java:92)
	at org.h2.jdbc.JdbcConnection.prepareStatement(JdbcConnection.java:288)
	at com.zaxxer.hikari.pool.ProxyConnection.prepareStatement(ProxyConnection.java:311)
	at com.zaxxer.hikari.pool.HikariProxyConnection.prepareStatement(HikariProxyConnection.java)
	at anorm.SimpleSql.$anonfun$prepareNoGeneratedKeys$1(SimpleSql.scala:55)
	at anorm.SimpleSql.unsafeStatement(SimpleSql.scala:85)
	at anorm.SimpleSql.unsafeStatement(SimpleSql.scala:68)
	at anorm.Sql.$anonfun$preparedStatement$1(Anorm.scala:77)
	at resource.DefaultManagedResource.open(AbstractManagedResource.scala:107)
	at resource.AbstractManagedResource.acquireFor(AbstractManagedResource.scala:84)
	at resource.ManagedResourceOperations$$anon$1.acquireFor(ManagedResourceOperations.scala:47)
	at resource.DeferredExtractableManagedResource.acquireFor(AbstractManagedResource.scala:25)
	at resource.ManagedResourceOperations.apply(ManagedResourceOperations.scala:31)
	at resource.ManagedResourceOperations.apply$(ManagedResourceOperations.scala:31)
	at resource.DeferredExtractableManagedResource.apply(AbstractManagedResource.scala:22)
	at resource.ManagedResourceOperations.acquireAndGet(ManagedResourceOperations.scala:29)
	at resource.ManagedResourceOperations.acquireAndGet$(ManagedResourceOperations.scala:29)
	at resource.DeferredExtractableManagedResource.acquireAndGet(AbstractManagedResource.scala:22)
	at anorm.Sql$.$anonfun$asTry$1(Anorm.scala:263)
	at scala.util.Try$.apply(Try.scala:210)
	at anorm.Sql$.asTry(Anorm.scala:263)
	at anorm.WithResult.asTry(SqlResult.scala:215)
	at anorm.WithResult.asTry$(SqlResult.scala:213)
	at anorm.SimpleSql.asTry(SimpleSql.scala:6)
	at anorm.WithResult.as(SqlResult.scala:205)
	at anorm.WithResult.as$(SqlResult.scala:204)
	at anorm.SimpleSql.as(SimpleSql.scala:6)
	at com.digitalasset.canton.platform.store.backend.common.PackageStorageBackendTemplate.lfPackages(PackageStorageBackendTemplate.scala:54)
	at com.digitalasset.canton.platform.store.dao.JdbcLedgerDao.$anonfun$listLfPackages$1(JdbcLedgerDao.scala:311)
	at com.digitalasset.canton.platform.store.dao.DataSourceConnectionProvider$$anon$1.$anonfun$runSQL$1(HikariJdbcConnectionProvider.scala:80)
	at com.daml.metrics.api.opentelemetry.OpenTelemetryTimer.time(OpenTelemetryMetricsFactory.scala:180)
	at com.daml.metrics.Timed$.value(Timed.scala:18)
	at com.digitalasset.canton.platform.store.dao.DataSourceConnectionProvider$$anon$1.runSQL(HikariJdbcConnectionProvider.scala:80)
	at com.digitalasset.canton.platform.store.dao.DbDispatcherImpl.$anonfun$executeSql$2(DbDispatcher.scala:87)
	at scala.concurrent.Future$.$anonfun$apply$1(Future.scala:687)
	at scala.concurrent.impl.Promise$Transformation.run(Promise.scala:467)
	at com.daml.executors.QueueAwareExecutorService$TrackingRunnable.run(QueueAwareExecutorService.scala:98)
	at com.daml.metrics.InstrumentedExecutorServiceMetrics$InstrumentedExecutorService$InstrumentedRunnable.run(InstrumentedExecutorServiceMetrics.scala:202)
	at java.base/java.util.concurrent.ThreadPoolExecutor.runWorker(ThreadPoolExecutor.java:1136)
	at java.base/java.util.concurrent.ThreadPoolExecutor$Worker.run(ThreadPoolExecutor.java:635)
	at java.base/java.lang.Thread.run(Thread.java:840)
2026-01-20 15:11:14,207 [canton-env-ec-27] ERROR c.d.c.n.g.ApiRequestLogger:participant=sandbox tid:a63ce4a034f8697f3922cbd4082373d7 - Request c.d.l.a.v.PackageService/GetPackageStatus by /127.0.0.1:49741: failed with INTERNAL/An error occurred. Please contact the operator and inquire about the request a63ce4a034f8697f3922cbd4082373d7 with tid a63ce4a034f8697f3922cbd4082373d7
2026-01-20 15:11:14,206 [canton-env-ec-81] ERROR c.d.c.p.a.s.ApiPackageService:participant=sandbox tid:69792e62eda79e724768c159e762edfd - Unhandled internal error
com.digitalasset.canton.ledger.error.IndexErrors$IndexDbException: INTERNAL: An error occurred. Please contact the operator and inquire about the request 69792e62eda79e724768c159e762edfd with tid 69792e62eda79e724768c159e762edfd
2026-01-20 15:11:14,204 [canton-env-ec-80] ERROR c.d.c.n.g.ApiRequestLogger:participant=sandbox tid:ca504ed0f5166e3a7046ec75417cd51c - Request c.d.l.a.v.PackageService/GetPackageStatus by /127.0.0.1:49741: failed with INTERNAL/An error occurred. Please contact the operator and inquire about the request ca504ed0f5166e3a7046ec75417cd51c with tid ca504ed0f5166e3a7046ec75417cd51c
2026-01-20 15:11:14,154 [daml.index.db.threadpool.connection.api-server-3] DEBUG c.d.c.n.g.ApiRequestLogger:participant=sandbox tid:d801e28dfbf4da672cf52b30b86967fd - Request c.d.l.a.v.PackageService/GetPackageStatus by /127.0.0.1:49741: received a message 
  Request tid:d801e28dfbf4da672cf52b30b86967fd
2026-01-20 15:11:14,155 [canton-env-ec-81] INFO  c.d.c.p.a.s.ApiPackageService:participant=sandbox tid:d801e28dfbf4da672cf52b30b86967fd - Received request for a package status: GetPackageStatusRequest(sandbox,e491352788e56ca4603acc411ffe1a49fefd76ed8b163af86cf5ee5f4c38645b), packageId -> 'e491352788e56ca4603acc411ffe1a49fefd76ed8b163af86cf5ee5f4c38645b'.
2026-01-20 15:11:14,200 [daml.index.db.threadpool.connection.api-server-3] ERROR c.d.c.p.s.d.DbDispatcherImpl:participant=sandbox tid:d801e28dfbf4da672cf52b30b86967fd - INDEX_DB_SQL_NON_TRANSIENT_ERROR(4,d801e28d): Processing the request failed due to a non-transient database error: Table "PACKAGES" not found (this database is empty); SQL statement:

      select packages.package_id, packages.source_description, packages.known_since, packages.package_size
      from packages
      where packages.ledger_offset <= ?
     [42104-210] err-context:{location=DatabaseSelfServiceError.scala:53} 
org.h2.jdbc.JdbcSQLSyntaxErrorException: Table "PACKAGES" not found (this database is empty); SQL statement:

      select packages.package_id, packages.source_description, packages.known_since, packages.package_size
      from packages
      where packages.ledger_offset <= ?
     [42104-210]
	at org.h2.message.DbException.getJdbcSQLException(DbException.java:521)
	at org.h2.message.DbException.getJdbcSQLException(DbException.java:496)
	at org.h2.message.DbException.get(DbException.java:227)
	at org.h2.message.DbException.get(DbException.java:203)
	at org.h2.command.Parser.getTableOrViewNotFoundDbException(Parser.java:8397)
	at org.h2.command.Parser.getTableOrViewNotFoundDbException(Parser.java:8381)
	at org.h2.command.Parser.readTableOrView(Parser.java:8370)
	at org.h2.command.Parser.readTablePrimary(Parser.java:1866)
	at org.h2.command.Parser.readTableReference(Parser.java:2342)
	at org.h2.command.Parser.parseSelectFromPart(Parser.java:2793)
	at org.h2.command.Parser.parseSelect(Parser.java:2900)
	at org.h2.command.Parser.parseQueryPrimary(Parser.java:2783)
	at org.h2.command.Parser.parseQueryTerm(Parser.java:2650)
	at org.h2.command.Parser.parseQueryExpressionBody(Parser.java:2629)
	at org.h2.command.Parser.parseQueryExpressionBodyAndEndOfQuery(Parser.java:2622)
	at org.h2.command.Parser.parseQueryExpression(Parser.java:2615)
	at org.h2.command.Parser.parseQuery(Parser.java:2576)
	at org.h2.command.Parser.parsePrepared(Parser.java:707)
	at org.h2.command.Parser.parse(Parser.java:674)
	at org.h2.command.Parser.parse(Parser.java:644)
	at org.h2.command.Parser.prepareCommand(Parser.java:551)
	at org.h2.engine.SessionLocal.prepareLocal(SessionLocal.java:615)
	at org.h2.engine.SessionLocal.prepareCommand(SessionLocal.java:553)
	at org.h2.jdbc.JdbcConnection.prepareCommand(JdbcConnection.java:1116)
	at org.h2.jdbc.JdbcPreparedStatement.<init>(JdbcPreparedStatement.java:92)
	at org.h2.jdbc.JdbcConnection.prepareStatement(JdbcConnection.java:288)
	at com.zaxxer.hikari.pool.ProxyConnection.prepareStatement(ProxyConnection.java:311)
	at com.zaxxer.hikari.pool.HikariProxyConnection.prepareStatement(HikariProxyConnection.java)
	at anorm.SimpleSql.$anonfun$prepareNoGeneratedKeys$1(SimpleSql.scala:55)
	at anorm.SimpleSql.unsafeStatement(SimpleSql.scala:85)
	at anorm.SimpleSql.unsafeStatement(SimpleSql.scala:68)
	at anorm.Sql.$anonfun$preparedStatement$1(Anorm.scala:77)
	at resource.DefaultManagedResource.open(AbstractManagedResource.scala:107)
	at resource.AbstractManagedResource.acquireFor(AbstractManagedResource.scala:84)
	at resource.ManagedResourceOperations$$anon$1.acquireFor(ManagedResourceOperations.scala:47)
	at resource.DeferredExtractableManagedResource.acquireFor(AbstractManagedResource.scala:25)
	at resource.ManagedResourceOperations.apply(ManagedResourceOperations.scala:31)
	at resource.ManagedResourceOperations.apply$(ManagedResourceOperations.scala:31)
	at resource.DeferredExtractableManagedResource.apply(AbstractManagedResource.scala:22)
	at resource.ManagedResourceOperations.acquireAndGet(ManagedResourceOperations.scala:29)
	at resource.ManagedResourceOperations.acquireAndGet$(ManagedResourceOperations.scala:29)
	at resource.DeferredExtractableManagedResource.acquireAndGet(AbstractManagedResource.scala:22)
	at anorm.Sql$.$anonfun$asTry$1(Anorm.scala:263)
	at scala.util.Try$.apply(Try.scala:210)
	at anorm.Sql$.asTry(Anorm.scala:263)
	at anorm.WithResult.asTry(SqlResult.scala:215)
	at anorm.WithResult.asTry$(SqlResult.scala:213)
	at anorm.SimpleSql.asTry(SimpleSql.scala:6)
	at anorm.WithResult.as(SqlResult.scala:205)
	at anorm.WithResult.as$(SqlResult.scala:204)
	at anorm.SimpleSql.as(SimpleSql.scala:6)
	at com.digitalasset.canton.platform.store.backend.common.PackageStorageBackendTemplate.lfPackages(PackageStorageBackendTemplate.scala:54)
	at com.digitalasset.canton.platform.store.dao.JdbcLedgerDao.$anonfun$listLfPackages$1(JdbcLedgerDao.scala:311)
	at com.digitalasset.canton.platform.store.dao.DataSourceConnectionProvider$$anon$1.$anonfun$runSQL$1(HikariJdbcConnectionProvider.scala:80)
	at com.daml.metrics.api.opentelemetry.OpenTelemetryTimer.time(OpenTelemetryMetricsFactory.scala:180)
	at com.daml.metrics.Timed$.value(Timed.scala:18)
	at com.digitalasset.canton.platform.store.dao.DataSourceConnectionProvider$$anon$1.runSQL(HikariJdbcConnectionProvider.scala:80)
	at com.digitalasset.canton.platform.store.dao.DbDispatcherImpl.$anonfun$executeSql$2(DbDispatcher.scala:87)
	at scala.concurrent.Future$.$anonfun$apply$1(Future.scala:687)
	at scala.concurrent.impl.Promise$Transformation.run(Promise.scala:467)
	at com.daml.executors.QueueAwareExecutorService$TrackingRunnable.run(QueueAwareExecutorService.scala:98)
	at com.daml.metrics.InstrumentedExecutorServiceMetrics$InstrumentedExecutorService$InstrumentedRunnable.run(InstrumentedExecutorServiceMetrics.scala:202)
	at java.base/java.util.concurrent.ThreadPoolExecutor.runWorker(ThreadPoolExecutor.java:1136)
	at java.base/java.util.concurrent.ThreadPoolExecutor$Worker.run(ThreadPoolExecutor.java:635)
	at java.base/java.lang.Thread.run(Thread.java:840)
2026-01-20 15:11:14,238 [canton-env-ec-80] ERROR c.d.c.p.a.s.ApiPackageService:participant=sandbox tid:f4eb73578bee5b77e64d291240a18091 - Unhandled internal error
com.digitalasset.canton.ledger.error.IndexErrors$IndexDbException: INTERNAL: An error occurred. Please contact the operator and inquire about the request f4eb73578bee5b77e64d291240a18091 with tid f4eb73578bee5b77e64d291240a18091
2026-01-20 15:11:14,240 [canton-env-ec-80] ERROR c.d.c.n.g.ApiRequestLogger:participant=sandbox tid:f4eb73578bee5b77e64d291240a18091 - Request c.d.l.a.v.PackageService/GetPackageStatus by /127.0.0.1:49741: failed with INTERNAL/An error occurred. Please contact the operator and inquire about the request f4eb73578bee5b77e64d291240a18091 with tid f4eb73578bee5b77e64d291240a18091
2026-01-20 15:11:14,238 [canton-env-ec-81] ERROR c.d.c.n.g.ApiRequestLogger:participant=sandbox tid:69792e62eda79e724768c159e762edfd - Request c.d.l.a.v.PackageService/GetPackageStatus by /127.0.0.1:49741: failed with INTERNAL/An error occurred. Please contact the operator and inquire about the request 69792e62eda79e724768c159e762edfd with tid 69792e62eda79e724768c159e762edfd
2026-01-20 15:11:14,154 [daml.index.db.threadpool.connection.api-server-1] DEBUG c.d.c.n.g.ApiRequestLogger:participant=sandbox tid:773cf51baecac3cf36403eebcd63fe00 - Request c.d.l.a.v.PackageService/GetPackageStatus by /127.0.0.1:49741: received a message 
  Request tid:773cf51baecac3cf36403eebcd63fe00
2026-01-20 15:11:14,154 [canton-env-ec-89] INFO  c.d.c.p.a.s.ApiPackageService:participant=sandbox tid:773cf51baecac3cf36403eebcd63fe00 - Received request for a package status: GetPackageStatusRequest(sandbox,cb0552debf219cc909f51cbb5c3b41e9981d39f8f645b1f35e2ef5be2e0b858a), packageId -> 'cb0552debf219cc909f51cbb5c3b41e9981d39f8f645b1f35e2ef5be2e0b858a'.
2026-01-20 15:11:14,238 [daml.index.db.threadpool.connection.api-server-1] ERROR c.d.c.p.s.d.DbDispatcherImpl:participant=sandbox tid:773cf51baecac3cf36403eebcd63fe00 - INDEX_DB_SQL_NON_TRANSIENT_ERROR(4,773cf51b): Processing the request failed due to a non-transient database error: Table "PACKAGES" not found (this database is empty); SQL statement:

      select packages.package_id, packages.source_description, packages.known_since, packages.package_size
      from packages
      where packages.ledger_offset <= ?
     [42104-210] err-context:{location=DatabaseSelfServiceError.scala:53} 
org.h2.jdbc.JdbcSQLSyntaxErrorException: Table "PACKAGES" not found (this database is empty); SQL statement:

      select packages.package_id, packages.source_description, packages.known_since, packages.package_size
      from packages
      where packages.ledger_offset <= ?
     [42104-210]
	at org.h2.message.DbException.getJdbcSQLException(DbException.java:521)
	at org.h2.message.DbException.getJdbcSQLException(DbException.java:496)
	at org.h2.message.DbException.get(DbException.java:227)
	at org.h2.message.DbException.get(DbException.java:203)
	at org.h2.command.Parser.getTableOrViewNotFoundDbException(Parser.java:8397)
	at org.h2.command.Parser.getTableOrViewNotFoundDbException(Parser.java:8381)
	at org.h2.command.Parser.readTableOrView(Parser.java:8370)
	at org.h2.command.Parser.readTablePrimary(Parser.java:1866)
	at org.h2.command.Parser.readTableReference(Parser.java:2342)
	at org.h2.command.Parser.parseSelectFromPart(Parser.java:2793)
	at org.h2.command.Parser.parseSelect(Parser.java:2900)
	at org.h2.command.Parser.parseQueryPrimary(Parser.java:2783)
	at org.h2.command.Parser.parseQueryTerm(Parser.java:2650)
	at org.h2.command.Parser.parseQueryExpressionBody(Parser.java:2629)
	at org.h2.command.Parser.parseQueryExpressionBodyAndEndOfQuery(Parser.java:2622)
	at org.h2.command.Parser.parseQueryExpression(Parser.java:2615)
	at org.h2.command.Parser.parseQuery(Parser.java:2576)
	at org.h2.command.Parser.parsePrepared(Parser.java:707)
	at org.h2.command.Parser.parse(Parser.java:674)
	at org.h2.command.Parser.parse(Parser.java:644)
	at org.h2.command.Parser.prepareCommand(Parser.java:551)
	at org.h2.engine.SessionLocal.prepareLocal(SessionLocal.java:615)
	at org.h2.engine.SessionLocal.prepareCommand(SessionLocal.java:553)
	at org.h2.jdbc.JdbcConnection.prepareCommand(JdbcConnection.java:1116)
	at org.h2.jdbc.JdbcPreparedStatement.<init>(JdbcPreparedStatement.java:92)
	at org.h2.jdbc.JdbcConnection.prepareStatement(JdbcConnection.java:288)
	at com.zaxxer.hikari.pool.ProxyConnection.prepareStatement(ProxyConnection.java:311)
	at com.zaxxer.hikari.pool.HikariProxyConnection.prepareStatement(HikariProxyConnection.java)
	at anorm.SimpleSql.$anonfun$prepareNoGeneratedKeys$1(SimpleSql.scala:55)
	at anorm.SimpleSql.unsafeStatement(SimpleSql.scala:85)
	at anorm.SimpleSql.unsafeStatement(SimpleSql.scala:68)
	at anorm.Sql.$anonfun$preparedStatement$1(Anorm.scala:77)
	at resource.DefaultManagedResource.open(AbstractManagedResource.scala:107)
	at resource.AbstractManagedResource.acquireFor(AbstractManagedResource.scala:84)
	at resource.ManagedResourceOperations$$anon$1.acquireFor(ManagedResourceOperations.scala:47)
	at resource.DeferredExtractableManagedResource.acquireFor(AbstractManagedResource.scala:25)
	at resource.ManagedResourceOperations.apply(ManagedResourceOperations.scala:31)
	at resource.ManagedResourceOperations.apply$(ManagedResourceOperations.scala:31)
	at resource.DeferredExtractableManagedResource.apply(AbstractManagedResource.scala:22)
	at resource.ManagedResourceOperations.acquireAndGet(ManagedResourceOperations.scala:29)
	at resource.ManagedResourceOperations.acquireAndGet$(ManagedResourceOperations.scala:29)
	at resource.DeferredExtractableManagedResource.acquireAndGet(AbstractManagedResource.scala:22)
	at anorm.Sql$.$anonfun$asTry$1(Anorm.scala:263)
	at scala.util.Try$.apply(Try.scala:210)
	at anorm.Sql$.asTry(Anorm.scala:263)
	at anorm.WithResult.asTry(SqlResult.scala:215)
	at anorm.WithResult.asTry$(SqlResult.scala:213)
	at anorm.SimpleSql.asTry(SimpleSql.scala:6)
	at anorm.WithResult.as(SqlResult.scala:205)
	at anorm.WithResult.as$(SqlResult.scala:204)
	at anorm.SimpleSql.as(SimpleSql.scala:6)
	at com.digitalasset.canton.platform.store.backend.common.PackageStorageBackendTemplate.lfPackages(PackageStorageBackendTemplate.scala:54)
	at com.digitalasset.canton.platform.store.dao.JdbcLedgerDao.$anonfun$listLfPackages$1(JdbcLedgerDao.scala:311)
	at com.digitalasset.canton.platform.store.dao.DataSourceConnectionProvider$$anon$1.$anonfun$runSQL$1(HikariJdbcConnectionProvider.scala:80)
	at com.daml.metrics.api.opentelemetry.OpenTelemetryTimer.time(OpenTelemetryMetricsFactory.scala:180)
	at com.daml.metrics.Timed$.value(Timed.scala:18)
	at com.digitalasset.canton.platform.store.dao.DataSourceConnectionProvider$$anon$1.runSQL(HikariJdbcConnectionProvider.scala:80)
	at com.digitalasset.canton.platform.store.dao.DbDispatcherImpl.$anonfun$executeSql$2(DbDispatcher.scala:87)
	at scala.concurrent.Future$.$anonfun$apply$1(Future.scala:687)
	at scala.concurrent.impl.Promise$Transformation.run(Promise.scala:467)
	at com.daml.executors.QueueAwareExecutorService$TrackingRunnable.run(QueueAwareExecutorService.scala:98)
	at com.daml.metrics.InstrumentedExecutorServiceMetrics$InstrumentedExecutorService$InstrumentedRunnable.run(InstrumentedExecutorServiceMetrics.scala:202)
	at java.base/java.util.concurrent.ThreadPoolExecutor.runWorker(ThreadPoolExecutor.java:1136)
	at java.base/java.util.concurrent.ThreadPoolExecutor$Worker.run(ThreadPoolExecutor.java:635)
	at java.base/java.lang.Thread.run(Thread.java:840)
2026-01-20 15:11:14,238 [canton-env-ec-27] ERROR c.d.c.p.a.s.ApiPackageService:participant=sandbox tid:de25d9ef978da63a59a01a061fef6454 - Unhandled internal error
com.digitalasset.canton.ledger.error.IndexErrors$IndexDbException: INTERNAL: An error occurred. Please contact the operator and inquire about the request de25d9ef978da63a59a01a061fef6454 with tid de25d9ef978da63a59a01a061fef6454
2026-01-20 15:11:14,251 [canton-env-ec-27] ERROR c.d.c.n.g.ApiRequestLogger:participant=sandbox tid:de25d9ef978da63a59a01a061fef6454 - Request c.d.l.a.v.PackageService/GetPackageStatus by /127.0.0.1:49741: failed with INTERNAL/An error occurred. Please contact the operator and inquire about the request de25d9ef978da63a59a01a061fef6454 with tid de25d9ef978da63a59a01a061fef6454
2026-01-20 15:11:14,252 [canton-env-ec-27] ERROR c.d.c.p.a.s.ApiPackageService:participant=sandbox tid:773cf51baecac3cf36403eebcd63fe00 - Unhandled internal error
com.digitalasset.canton.ledger.error.IndexErrors$IndexDbException: INTERNAL: An error occurred. Please contact the operator and inquire about the request 773cf51baecac3cf36403eebcd63fe00 with tid 773cf51baecac3cf36403eebcd63fe00
2026-01-20 15:11:14,253 [canton-env-ec-27] ERROR c.d.c.n.g.ApiRequestLogger:participant=sandbox tid:773cf51baecac3cf36403eebcd63fe00 - Request c.d.l.a.v.PackageService/GetPackageStatus by /127.0.0.1:49741: failed with INTERNAL/An error occurred. Please contact the operator and inquire about the request 773cf51baecac3cf36403eebcd63fe00 with tid 773cf51baecac3cf36403eebcd63fe00
2026-01-20 15:11:14,152 [daml.index.db.threadpool.connection.api-server-0] DEBUG c.d.c.n.g.ApiRequestLogger:participant=sandbox tid:4f0b50f96a711ddaed2e08c59209e222 - Request c.d.l.a.v.PackageService/GetPackageStatus by /127.0.0.1:49741: received a message 
  Request tid:4f0b50f96a711ddaed2e08c59209e222
2026-01-20 15:11:14,155 [canton-env-ec-82] INFO  c.d.c.p.a.s.ApiPackageService:participant=sandbox tid:4f0b50f96a711ddaed2e08c59209e222 - Received request for a package status: GetPackageStatusRequest(sandbox,65921e553a353588e950cbc87e98a127730e63295f7ad8d3adae952ef0133b3e), packageId -> '65921e553a353588e950cbc87e98a127730e63295f7ad8d3adae952ef0133b3e'.
2026-01-20 15:11:14,235 [daml.index.db.threadpool.connection.api-server-0] ERROR c.d.c.p.s.d.DbDispatcherImpl:participant=sandbox tid:4f0b50f96a711ddaed2e08c59209e222 - INDEX_DB_SQL_NON_TRANSIENT_ERROR(4,4f0b50f9): Processing the request failed due to a non-transient database error: Table "PACKAGES" not found (this database is empty); SQL statement:

      select packages.package_id, packages.source_description, packages.known_since, packages.package_size
      from packages
      where packages.ledger_offset <= ?
     [42104-210] err-context:{location=DatabaseSelfServiceError.scala:53} 
org.h2.jdbc.JdbcSQLSyntaxErrorException: Table "PACKAGES" not found (this database is empty); SQL statement:

      select packages.package_id, packages.source_description, packages.known_since, packages.package_size
      from packages
      where packages.ledger_offset <= ?
     [42104-210]
	at org.h2.message.DbException.getJdbcSQLException(DbException.java:521)
	at org.h2.message.DbException.getJdbcSQLException(DbException.java:496)
	at org.h2.message.DbException.get(DbException.java:227)
	at org.h2.message.DbException.get(DbException.java:203)
	at org.h2.command.Parser.getTableOrViewNotFoundDbException(Parser.java:8397)
	at org.h2.command.Parser.getTableOrViewNotFoundDbException(Parser.java:8381)
	at org.h2.command.Parser.readTableOrView(Parser.java:8370)
	at org.h2.command.Parser.readTablePrimary(Parser.java:1866)
	at org.h2.command.Parser.readTableReference(Parser.java:2342)
	at org.h2.command.Parser.parseSelectFromPart(Parser.java:2793)
	at org.h2.command.Parser.parseSelect(Parser.java:2900)
	at org.h2.command.Parser.parseQueryPrimary(Parser.java:2783)
	at org.h2.command.Parser.parseQueryTerm(Parser.java:2650)
	at org.h2.command.Parser.parseQueryExpressionBody(Parser.java:2629)
	at org.h2.command.Parser.parseQueryExpressionBodyAndEndOfQuery(Parser.java:2622)
	at org.h2.command.Parser.parseQueryExpression(Parser.java:2615)
	at org.h2.command.Parser.parseQuery(Parser.java:2576)
	at org.h2.command.Parser.parsePrepared(Parser.java:707)
	at org.h2.command.Parser.parse(Parser.java:674)
	at org.h2.command.Parser.parse(Parser.java:644)
	at org.h2.command.Parser.prepareCommand(Parser.java:551)
	at org.h2.engine.SessionLocal.prepareLocal(SessionLocal.java:615)
	at org.h2.engine.SessionLocal.prepareCommand(SessionLocal.java:553)
	at org.h2.jdbc.JdbcConnection.prepareCommand(JdbcConnection.java:1116)
	at org.h2.jdbc.JdbcPreparedStatement.<init>(JdbcPreparedStatement.java:92)
	at org.h2.jdbc.JdbcConnection.prepareStatement(JdbcConnection.java:288)
	at com.zaxxer.hikari.pool.ProxyConnection.prepareStatement(ProxyConnection.java:311)
	at com.zaxxer.hikari.pool.HikariProxyConnection.prepareStatement(HikariProxyConnection.java)
	at anorm.SimpleSql.$anonfun$prepareNoGeneratedKeys$1(SimpleSql.scala:55)
	at anorm.SimpleSql.unsafeStatement(SimpleSql.scala:85)
	at anorm.SimpleSql.unsafeStatement(SimpleSql.scala:68)
	at anorm.Sql.$anonfun$preparedStatement$1(Anorm.scala:77)
	at resource.DefaultManagedResource.open(AbstractManagedResource.scala:107)
	at resource.AbstractManagedResource.acquireFor(AbstractManagedResource.scala:84)
	at resource.ManagedResourceOperations$$anon$1.acquireFor(ManagedResourceOperations.scala:47)
	at resource.DeferredExtractableManagedResource.acquireFor(AbstractManagedResource.scala:25)
	at resource.ManagedResourceOperations.apply(ManagedResourceOperations.scala:31)
	at resource.ManagedResourceOperations.apply$(ManagedResourceOperations.scala:31)
	at resource.DeferredExtractableManagedResource.apply(AbstractManagedResource.scala:22)
	at resource.ManagedResourceOperations.acquireAndGet(ManagedResourceOperations.scala:29)
	at resource.ManagedResourceOperations.acquireAndGet$(ManagedResourceOperations.scala:29)
	at resource.DeferredExtractableManagedResource.acquireAndGet(AbstractManagedResource.scala:22)
	at anorm.Sql$.$anonfun$asTry$1(Anorm.scala:263)
	at scala.util.Try$.apply(Try.scala:210)
	at anorm.Sql$.asTry(Anorm.scala:263)
	at anorm.WithResult.asTry(SqlResult.scala:215)
	at anorm.WithResult.asTry$(SqlResult.scala:213)
	at anorm.SimpleSql.asTry(SimpleSql.scala:6)
	at anorm.WithResult.as(SqlResult.scala:205)
	at anorm.WithResult.as$(SqlResult.scala:204)
	at anorm.SimpleSql.as(SimpleSql.scala:6)
	at com.digitalasset.canton.platform.store.backend.common.PackageStorageBackendTemplate.lfPackages(PackageStorageBackendTemplate.scala:54)
	at com.digitalasset.canton.platform.store.dao.JdbcLedgerDao.$anonfun$listLfPackages$1(JdbcLedgerDao.scala:311)
	at com.digitalasset.canton.platform.store.dao.DataSourceConnectionProvider$$anon$1.$anonfun$runSQL$1(HikariJdbcConnectionProvider.scala:80)
	at com.daml.metrics.api.opentelemetry.OpenTelemetryTimer.time(OpenTelemetryMetricsFactory.scala:180)
	at com.daml.metrics.Timed$.value(Timed.scala:18)
	at com.digitalasset.canton.platform.store.dao.DataSourceConnectionProvider$$anon$1.runSQL(HikariJdbcConnectionProvider.scala:80)
	at com.digitalasset.canton.platform.store.dao.DbDispatcherImpl.$anonfun$executeSql$2(DbDispatcher.scala:87)
	at scala.concurrent.Future$.$anonfun$apply$1(Future.scala:687)
	at scala.concurrent.impl.Promise$Transformation.run(Promise.scala:467)
	at com.daml.executors.QueueAwareExecutorService$TrackingRunnable.run(QueueAwareExecutorService.scala:98)
	at com.daml.metrics.InstrumentedExecutorServiceMetrics$InstrumentedExecutorService$InstrumentedRunnable.run(InstrumentedExecutorServiceMetrics.scala:202)
	at java.base/java.util.concurrent.ThreadPoolExecutor.runWorker(ThreadPoolExecutor.java:1136)
	at java.base/java.util.concurrent.ThreadPoolExecutor$Worker.run(ThreadPoolExecutor.java:635)
	at java.base/java.lang.Thread.run(Thread.java:840)
2026-01-20 15:11:14,234 [canton-env-ec-77] ERROR c.d.c.p.a.s.ApiPackageService:participant=sandbox tid:25e6ebb7fc8ac03296410cb21a11d168 - Unhandled internal error
com.digitalasset.canton.ledger.error.IndexErrors$IndexDbException: INTERNAL: An error occurred. Please contact the operator and inquire about the request 25e6ebb7fc8ac03296410cb21a11d168 with tid 25e6ebb7fc8ac03296410cb21a11d168
2026-01-20 15:11:14,255 [canton-env-ec-77] ERROR c.d.c.n.g.ApiRequestLogger:participant=sandbox tid:25e6ebb7fc8ac03296410cb21a11d168 - Request c.d.l.a.v.PackageService/GetPackageStatus by /127.0.0.1:49741: failed with INTERNAL/An error occurred. Please contact the operator and inquire about the request 25e6ebb7fc8ac03296410cb21a11d168 with tid 25e6ebb7fc8ac03296410cb21a11d168
2026-01-20 15:11:14,255 [canton-env-ec-77] ERROR c.d.c.p.a.s.ApiPackageService:participant=sandbox tid:4f0b50f96a711ddaed2e08c59209e222 - Unhandled internal error
com.digitalasset.canton.ledger.error.IndexErrors$IndexDbException: INTERNAL: An error occurred. Please contact the operator and inquire about the request 4f0b50f96a711ddaed2e08c59209e222 with tid 4f0b50f96a711ddaed2e08c59209e222
2026-01-20 15:11:14,255 [canton-env-ec-77] ERROR c.d.c.n.g.ApiRequestLogger:participant=sandbox tid:4f0b50f96a711ddaed2e08c59209e222 - Request c.d.l.a.v.PackageService/GetPackageStatus by /127.0.0.1:49741: failed with INTERNAL/An error occurred. Please contact the operator and inquire about the request 4f0b50f96a711ddaed2e08c59209e222 with tid 4f0b50f96a711ddaed2e08c59209e222
2026-01-20 15:11:14,154 [daml.index.db.threadpool.connection.api-server-2] DEBUG c.d.c.n.g.ApiRequestLogger:participant=sandbox tid:8db4432c53cdc0f5b85d010b617942b7 - Request c.d.l.a.v.PackageService/GetPackageStatus by /127.0.0.1:49741: received a message 
  Request tid:8db4432c53cdc0f5b85d010b617942b7
2026-01-20 15:11:14,155 [canton-env-ec-78] INFO  c.d.c.p.a.s.ApiPackageService:participant=sandbox tid:8db4432c53cdc0f5b85d010b617942b7 - Received request for a package status: GetPackageStatusRequest(sandbox,40f452260bef3f29dede136108fc08a88d5a5250310281067087da6f0baddff7), packageId -> '40f452260bef3f29dede136108fc08a88d5a5250310281067087da6f0baddff7'.
2026-01-20 15:11:14,234 [daml.index.db.threadpool.connection.api-server-2] ERROR c.d.c.p.s.d.DbDispatcherImpl:participant=sandbox tid:8db4432c53cdc0f5b85d010b617942b7 - INDEX_DB_SQL_NON_TRANSIENT_ERROR(4,8db4432c): Processing the request failed due to a non-transient database error: Table "PACKAGES" not found (this database is empty); SQL statement:

      select packages.package_id, packages.source_description, packages.known_since, packages.package_size
      from packages
      where packages.ledger_offset <= ?
     [42104-210] err-context:{location=DatabaseSelfServiceError.scala:53} 
org.h2.jdbc.JdbcSQLSyntaxErrorException: Table "PACKAGES" not found (this database is empty); SQL statement:

      select packages.package_id, packages.source_description, packages.known_since, packages.package_size
      from packages
      where packages.ledger_offset <= ?
     [42104-210]
	at org.h2.message.DbException.getJdbcSQLException(DbException.java:521)
	at org.h2.message.DbException.getJdbcSQLException(DbException.java:496)
	at org.h2.message.DbException.get(DbException.java:227)
	at org.h2.message.DbException.get(DbException.java:203)
	at org.h2.command.Parser.getTableOrViewNotFoundDbException(Parser.java:8397)
	at org.h2.command.Parser.getTableOrViewNotFoundDbException(Parser.java:8381)
	at org.h2.command.Parser.readTableOrView(Parser.java:8370)
	at org.h2.command.Parser.readTablePrimary(Parser.java:1866)
	at org.h2.command.Parser.readTableReference(Parser.java:2342)
	at org.h2.command.Parser.parseSelectFromPart(Parser.java:2793)
	at org.h2.command.Parser.parseSelect(Parser.java:2900)
	at org.h2.command.Parser.parseQueryPrimary(Parser.java:2783)
	at org.h2.command.Parser.parseQueryTerm(Parser.java:2650)
	at org.h2.command.Parser.parseQueryExpressionBody(Parser.java:2629)
	at org.h2.command.Parser.parseQueryExpressionBodyAndEndOfQuery(Parser.java:2622)
	at org.h2.command.Parser.parseQueryExpression(Parser.java:2615)
	at org.h2.command.Parser.parseQuery(Parser.java:2576)
	at org.h2.command.Parser.parsePrepared(Parser.java:707)
	at org.h2.command.Parser.parse(Parser.java:674)
	at org.h2.command.Parser.parse(Parser.java:644)
	at org.h2.command.Parser.prepareCommand(Parser.java:551)
	at org.h2.engine.SessionLocal.prepareLocal(SessionLocal.java:615)
	at org.h2.engine.SessionLocal.prepareCommand(SessionLocal.java:553)
	at org.h2.jdbc.JdbcConnection.prepareCommand(JdbcConnection.java:1116)
	at org.h2.jdbc.JdbcPreparedStatement.<init>(JdbcPreparedStatement.java:92)
	at org.h2.jdbc.JdbcConnection.prepareStatement(JdbcConnection.java:288)
	at com.zaxxer.hikari.pool.ProxyConnection.prepareStatement(ProxyConnection.java:311)
	at com.zaxxer.hikari.pool.HikariProxyConnection.prepareStatement(HikariProxyConnection.java)
	at anorm.SimpleSql.$anonfun$prepareNoGeneratedKeys$1(SimpleSql.scala:55)
	at anorm.SimpleSql.unsafeStatement(SimpleSql.scala:85)
	at anorm.SimpleSql.unsafeStatement(SimpleSql.scala:68)
	at anorm.Sql.$anonfun$preparedStatement$1(Anorm.scala:77)
	at resource.DefaultManagedResource.open(AbstractManagedResource.scala:107)
	at resource.AbstractManagedResource.acquireFor(AbstractManagedResource.scala:84)
	at resource.ManagedResourceOperations$$anon$1.acquireFor(ManagedResourceOperations.scala:47)
	at resource.DeferredExtractableManagedResource.acquireFor(AbstractManagedResource.scala:25)
	at resource.ManagedResourceOperations.apply(ManagedResourceOperations.scala:31)
	at resource.ManagedResourceOperations.apply$(ManagedResourceOperations.scala:31)
	at resource.DeferredExtractableManagedResource.apply(AbstractManagedResource.scala:22)
	at resource.ManagedResourceOperations.acquireAndGet(ManagedResourceOperations.scala:29)
	at resource.ManagedResourceOperations.acquireAndGet$(ManagedResourceOperations.scala:29)
	at resource.DeferredExtractableManagedResource.acquireAndGet(AbstractManagedResource.scala:22)
	at anorm.Sql$.$anonfun$asTry$1(Anorm.scala:263)
	at scala.util.Try$.apply(Try.scala:210)
	at anorm.Sql$.asTry(Anorm.scala:263)
	at anorm.WithResult.asTry(SqlResult.scala:215)
	at anorm.WithResult.asTry$(SqlResult.scala:213)
	at anorm.SimpleSql.asTry(SimpleSql.scala:6)
	at anorm.WithResult.as(SqlResult.scala:205)
	at anorm.WithResult.as$(SqlResult.scala:204)
	at anorm.SimpleSql.as(SimpleSql.scala:6)
	at com.digitalasset.canton.platform.store.backend.common.PackageStorageBackendTemplate.lfPackages(PackageStorageBackendTemplate.scala:54)
	at com.digitalasset.canton.platform.store.dao.JdbcLedgerDao.$anonfun$listLfPackages$1(JdbcLedgerDao.scala:311)
	at com.digitalasset.canton.platform.store.dao.DataSourceConnectionProvider$$anon$1.$anonfun$runSQL$1(HikariJdbcConnectionProvider.scala:80)
	at com.daml.metrics.api.opentelemetry.OpenTelemetryTimer.time(OpenTelemetryMetricsFactory.scala:180)
	at com.daml.metrics.Timed$.value(Timed.scala:18)
	at com.digitalasset.canton.platform.store.dao.DataSourceConnectionProvider$$anon$1.runSQL(HikariJdbcConnectionProvider.scala:80)
	at com.digitalasset.canton.platform.store.dao.DbDispatcherImpl.$anonfun$executeSql$2(DbDispatcher.scala:87)
	at scala.concurrent.Future$.$anonfun$apply$1(Future.scala:687)
	at scala.concurrent.impl.Promise$Transformation.run(Promise.scala:467)
	at com.daml.executors.QueueAwareExecutorService$TrackingRunnable.run(QueueAwareExecutorService.scala:98)
	at com.daml.metrics.InstrumentedExecutorServiceMetrics$InstrumentedExecutorService$InstrumentedRunnable.run(InstrumentedExecutorServiceMetrics.scala:202)
	at java.base/java.util.concurrent.ThreadPoolExecutor.runWorker(ThreadPoolExecutor.java:1136)
	at java.base/java.util.concurrent.ThreadPoolExecutor$Worker.run(ThreadPoolExecutor.java:635)
	at java.base/java.lang.Thread.run(Thread.java:840)
2026-01-20 15:11:14,233 [canton-env-ec-26] ERROR c.d.c.n.g.ApiRequestLogger:participant=sandbox tid:c703a22fae9875660c7c5235e3131f5f - Request c.d.l.a.v.PackageService/GetPackageStatus by /127.0.0.1:49741: failed with INTERNAL/An error occurred. Please contact the operator and inquire about the request c703a22fae9875660c7c5235e3131f5f with tid c703a22fae9875660c7c5235e3131f5f
2026-01-20 15:11:14,154 [daml.index.db.threadpool.connection.api-server-4] DEBUG c.d.c.n.g.ApiRequestLogger:participant=sandbox tid:fd052eab638dcb982313a46a5a05e5a3 - Request c.d.l.a.v.PackageService/GetPackageStatus by /127.0.0.1:49741: received a message 
  Request tid:fd052eab638dcb982313a46a5a05e5a3
2026-01-20 15:11:14,155 [canton-env-ec-26] INFO  c.d.c.p.a.s.ApiPackageService:participant=sandbox tid:fd052eab638dcb982313a46a5a05e5a3 - Received request for a package status: GetPackageStatusRequest(sandbox,d14e08374fc7197d6a0de468c968ae8ba3aadbf9315476fd39071831f5923662), packageId -> 'd14e08374fc7197d6a0de468c968ae8ba3aadbf9315476fd39071831f5923662'.
2026-01-20 15:11:14,229 [canton-env-ec-91] INFO  c.d.c.n.g.ApiRequestLogger:participant=sandbox tid:fd052eab638dcb982313a46a5a05e5a3 - Request c.d.l.a.v.PackageService/GetPackageStatus by /127.0.0.1:49741: cancelled. Cancellations can be caused by timeouts, explicit cancellation by the client, network errors, etc.
2026-01-20 15:11:14,215 [daml.index.db.threadpool.connection.api-server-4] ERROR c.d.c.p.s.d.DbDispatcherImpl:participant=sandbox tid:fd052eab638dcb982313a46a5a05e5a3 - INDEX_DB_SQL_NON_TRANSIENT_ERROR(4,fd052eab): Processing the request failed due to a non-transient database error: Table "PACKAGES" not found (this database is empty); SQL statement:

      select packages.package_id, packages.source_description, packages.known_since, packages.package_size
      from packages
      where packages.ledger_offset <= ?
     [42104-210] err-context:{location=DatabaseSelfServiceError.scala:53} 
org.h2.jdbc.JdbcSQLSyntaxErrorException: Table "PACKAGES" not found (this database is empty); SQL statement:

      select packages.package_id, packages.source_description, packages.known_since, packages.package_size
      from packages
      where packages.ledger_offset <= ?
     [42104-210]
	at org.h2.message.DbException.getJdbcSQLException(DbException.java:521)
	at org.h2.message.DbException.getJdbcSQLException(DbException.java:496)
	at org.h2.message.DbException.get(DbException.java:227)
	at org.h2.message.DbException.get(DbException.java:203)
	at org.h2.command.Parser.getTableOrViewNotFoundDbException(Parser.java:8397)
	at org.h2.command.Parser.getTableOrViewNotFoundDbException(Parser.java:8381)
	at org.h2.command.Parser.readTableOrView(Parser.java:8370)
	at org.h2.command.Parser.readTablePrimary(Parser.java:1866)
	at org.h2.command.Parser.readTableReference(Parser.java:2342)
	at org.h2.command.Parser.parseSelectFromPart(Parser.java:2793)
	at org.h2.command.Parser.parseSelect(Parser.java:2900)
	at org.h2.command.Parser.parseQueryPrimary(Parser.java:2783)
	at org.h2.command.Parser.parseQueryTerm(Parser.java:2650)
	at org.h2.command.Parser.parseQueryExpressionBody(Parser.java:2629)
	at org.h2.command.Parser.parseQueryExpressionBodyAndEndOfQuery(Parser.java:2622)
	at org.h2.command.Parser.parseQueryExpression(Parser.java:2615)
	at org.h2.command.Parser.parseQuery(Parser.java:2576)
	at org.h2.command.Parser.parsePrepared(Parser.java:707)
	at org.h2.command.Parser.parse(Parser.java:674)
	at org.h2.command.Parser.parse(Parser.java:644)
	at org.h2.command.Parser.prepareCommand(Parser.java:551)
	at org.h2.engine.SessionLocal.prepareLocal(SessionLocal.java:615)
	at org.h2.engine.SessionLocal.prepareCommand(SessionLocal.java:553)
	at org.h2.jdbc.JdbcConnection.prepareCommand(JdbcConnection.java:1116)
	at org.h2.jdbc.JdbcPreparedStatement.<init>(JdbcPreparedStatement.java:92)
	at org.h2.jdbc.JdbcConnection.prepareStatement(JdbcConnection.java:288)
	at com.zaxxer.hikari.pool.ProxyConnection.prepareStatement(ProxyConnection.java:311)
	at com.zaxxer.hikari.pool.HikariProxyConnection.prepareStatement(HikariProxyConnection.java)
	at anorm.SimpleSql.$anonfun$prepareNoGeneratedKeys$1(SimpleSql.scala:55)
	at anorm.SimpleSql.unsafeStatement(SimpleSql.scala:85)
	at anorm.SimpleSql.unsafeStatement(SimpleSql.scala:68)
	at anorm.Sql.$anonfun$preparedStatement$1(Anorm.scala:77)
	at resource.DefaultManagedResource.open(AbstractManagedResource.scala:107)
	at resource.AbstractManagedResource.acquireFor(AbstractManagedResource.scala:84)
	at resource.ManagedResourceOperations$$anon$1.acquireFor(ManagedResourceOperations.scala:47)
	at resource.DeferredExtractableManagedResource.acquireFor(AbstractManagedResource.scala:25)
	at resource.ManagedResourceOperations.apply(ManagedResourceOperations.scala:31)
	at resource.ManagedResourceOperations.apply$(ManagedResourceOperations.scala:31)
	at resource.DeferredExtractableManagedResource.apply(AbstractManagedResource.scala:22)
	at resource.ManagedResourceOperations.acquireAndGet(ManagedResourceOperations.scala:29)
	at resource.ManagedResourceOperations.acquireAndGet$(ManagedResourceOperations.scala:29)
	at resource.DeferredExtractableManagedResource.acquireAndGet(AbstractManagedResource.scala:22)
	at anorm.Sql$.$anonfun$asTry$1(Anorm.scala:263)
	at scala.util.Try$.apply(Try.scala:210)
	at anorm.Sql$.asTry(Anorm.scala:263)
	at anorm.WithResult.asTry(SqlResult.scala:215)
	at anorm.WithResult.asTry$(SqlResult.scala:213)
	at anorm.SimpleSql.asTry(SimpleSql.scala:6)
	at anorm.WithResult.as(SqlResult.scala:205)
	at anorm.WithResult.as$(SqlResult.scala:204)
	at anorm.SimpleSql.as(SimpleSql.scala:6)
	at com.digitalasset.canton.platform.store.backend.common.PackageStorageBackendTemplate.lfPackages(PackageStorageBackendTemplate.scala:54)
	at com.digitalasset.canton.platform.store.dao.JdbcLedgerDao.$anonfun$listLfPackages$1(JdbcLedgerDao.scala:311)
	at com.digitalasset.canton.platform.store.dao.DataSourceConnectionProvider$$anon$1.$anonfun$runSQL$1(HikariJdbcConnectionProvider.scala:80)
	at com.daml.metrics.api.opentelemetry.OpenTelemetryTimer.time(OpenTelemetryMetricsFactory.scala:180)
	at com.daml.metrics.Timed$.value(Timed.scala:18)
	at com.digitalasset.canton.platform.store.dao.DataSourceConnectionProvider$$anon$1.runSQL(HikariJdbcConnectionProvider.scala:80)
	at com.digitalasset.canton.platform.store.dao.DbDispatcherImpl.$anonfun$executeSql$2(DbDispatcher.scala:87)
	at scala.concurrent.Future$.$anonfun$apply$1(Future.scala:687)
	at scala.concurrent.impl.Promise$Transformation.run(Promise.scala:467)
	at com.daml.executors.QueueAwareExecutorService$TrackingRunnable.run(QueueAwareExecutorService.scala:98)
	at com.daml.metrics.InstrumentedExecutorServiceMetrics$InstrumentedExecutorService$InstrumentedRunnable.run(InstrumentedExecutorServiceMetrics.scala:202)
	at java.base/java.util.concurrent.ThreadPoolExecutor.runWorker(ThreadPoolExecutor.java:1136)
	at java.base/java.util.concurrent.ThreadPoolExecutor$Worker.run(ThreadPoolExecutor.java:635)
	at java.base/java.lang.Thread.run(Thread.java:840)
2026-01-20 15:11:14,225 [canton-env-ec-29] INFO  c.d.c.n.g.ApiRequestLogger:participant=sandbox tid:8db4432c53cdc0f5b85d010b617942b7 - Request c.d.l.a.v.PackageService/GetPackageStatus by /127.0.0.1:49741: cancelled. Cancellations can be caused by timeouts, explicit cancellation by the client, network errors, etc.
2026-01-20 15:11:14,258 [canton-env-ec-77] ERROR c.d.c.p.a.s.ApiPackageService:participant=sandbox tid:8db4432c53cdc0f5b85d010b617942b7 - Unhandled internal error
com.digitalasset.canton.ledger.error.IndexErrors$IndexDbException: INTERNAL: An error occurred. Please contact the operator and inquire about the request 8db4432c53cdc0f5b85d010b617942b7 with tid 8db4432c53cdc0f5b85d010b617942b7
2026-01-20 15:11:14,225 [canton-env-ec-57] INFO  c.d.c.n.g.ApiRequestLogger:participant=sandbox tid:d801e28dfbf4da672cf52b30b86967fd - Request c.d.l.a.v.PackageService/GetPackageStatus by /127.0.0.1:49741: cancelled. Cancellations can be caused by timeouts, explicit cancellation by the client, network errors, etc.
2026-01-20 15:11:14,240 [canton-env-ec-80] ERROR c.d.c.p.a.s.ApiPackageService:participant=sandbox tid:d801e28dfbf4da672cf52b30b86967fd - Unhandled internal error
com.digitalasset.canton.ledger.error.IndexErrors$IndexDbException: INTERNAL: An error occurred. Please contact the operator and inquire about the request d801e28dfbf4da672cf52b30b86967fd with tid d801e28dfbf4da672cf52b30b86967fd
2026-01-20 15:11:14,260 [canton-env-ec-77] ERROR c.d.c.n.g.ApiRequestLogger:participant=sandbox tid:8db4432c53cdc0f5b85d010b617942b7 - Request c.d.l.a.v.PackageService/GetPackageStatus by /127.0.0.1:49741: failed with INTERNAL/An error occurred. Please contact the operator and inquire about the request 8db4432c53cdc0f5b85d010b617942b7 with tid 8db4432c53cdc0f5b85d010b617942b7
2026-01-20 15:11:14,154 [daml.index.db.threadpool.connection.api-server-3] DEBUG c.d.c.n.g.ApiRequestLogger:participant=sandbox tid:e2ccde9b9a5183bcb29c4b92b6e5e913 - Request c.d.l.a.v.PackageService/GetPackageStatus by /127.0.0.1:49741: received a message 
  Request tid:e2ccde9b9a5183bcb29c4b92b6e5e913
2026-01-20 15:11:14,155 [canton-env-ec-29] INFO  c.d.c.p.a.s.ApiPackageService:participant=sandbox tid:e2ccde9b9a5183bcb29c4b92b6e5e913 - Received request for a package status: GetPackageStatusRequest(sandbox,518032f41fd0175461b35ae0c9691e08b4aea55e62915f8360af2cc7a1f2ba6c), packageId -> '518032f41fd0175461b35ae0c9691e08b4aea55e62915f8360af2cc7a1f2ba6c'.
2026-01-20 15:11:14,229 [canton-env-ec-21] INFO  c.d.c.n.g.ApiRequestLogger:participant=sandbox tid:e2ccde9b9a5183bcb29c4b92b6e5e913 - Request c.d.l.a.v.PackageService/GetPackageStatus by /127.0.0.1:49741: cancelled. Cancellations can be caused by timeouts, explicit cancellation by the client, network errors, etc.
2026-01-20 15:11:14,239 [daml.index.db.threadpool.connection.api-server-3] ERROR c.d.c.p.s.d.DbDispatcherImpl:participant=sandbox tid:e2ccde9b9a5183bcb29c4b92b6e5e913 - INDEX_DB_SQL_NON_TRANSIENT_ERROR(4,e2ccde9b): Processing the request failed due to a non-transient database error: Table "PACKAGES" not found (this database is empty); SQL statement:

      select packages.package_id, packages.source_description, packages.known_since, packages.package_size
      from packages
      where packages.ledger_offset <= ?
     [42104-210] err-context:{location=DatabaseSelfServiceError.scala:53} 
org.h2.jdbc.JdbcSQLSyntaxErrorException: Table "PACKAGES" not found (this database is empty); SQL statement:

      select packages.package_id, packages.source_description, packages.known_since, packages.package_size
      from packages
      where packages.ledger_offset <= ?
     [42104-210]
	at org.h2.message.DbException.getJdbcSQLException(DbException.java:521)
	at org.h2.message.DbException.getJdbcSQLException(DbException.java:496)
	at org.h2.message.DbException.get(DbException.java:227)
	at org.h2.message.DbException.get(DbException.java:203)
	at org.h2.command.Parser.getTableOrViewNotFoundDbException(Parser.java:8397)
	at org.h2.command.Parser.getTableOrViewNotFoundDbException(Parser.java:8381)
	at org.h2.command.Parser.readTableOrView(Parser.java:8370)
	at org.h2.command.Parser.readTablePrimary(Parser.java:1866)
	at org.h2.command.Parser.readTableReference(Parser.java:2342)
	at org.h2.command.Parser.parseSelectFromPart(Parser.java:2793)
	at org.h2.command.Parser.parseSelect(Parser.java:2900)
	at org.h2.command.Parser.parseQueryPrimary(Parser.java:2783)
	at org.h2.command.Parser.parseQueryTerm(Parser.java:2650)
	at org.h2.command.Parser.parseQueryExpressionBody(Parser.java:2629)
	at org.h2.command.Parser.parseQueryExpressionBodyAndEndOfQuery(Parser.java:2622)
	at org.h2.command.Parser.parseQueryExpression(Parser.java:2615)
	at org.h2.command.Parser.parseQuery(Parser.java:2576)
	at org.h2.command.Parser.parsePrepared(Parser.java:707)
	at org.h2.command.Parser.parse(Parser.java:674)
	at org.h2.command.Parser.parse(Parser.java:644)
	at org.h2.command.Parser.prepareCommand(Parser.java:551)
	at org.h2.engine.SessionLocal.prepareLocal(SessionLocal.java:615)
	at org.h2.engine.SessionLocal.prepareCommand(SessionLocal.java:553)
	at org.h2.jdbc.JdbcConnection.prepareCommand(JdbcConnection.java:1116)
	at org.h2.jdbc.JdbcPreparedStatement.<init>(JdbcPreparedStatement.java:92)
	at org.h2.jdbc.JdbcConnection.prepareStatement(JdbcConnection.java:288)
	at com.zaxxer.hikari.pool.ProxyConnection.prepareStatement(ProxyConnection.java:311)
	at com.zaxxer.hikari.pool.HikariProxyConnection.prepareStatement(HikariProxyConnection.java)
	at anorm.SimpleSql.$anonfun$prepareNoGeneratedKeys$1(SimpleSql.scala:55)
	at anorm.SimpleSql.unsafeStatement(SimpleSql.scala:85)
	at anorm.SimpleSql.unsafeStatement(SimpleSql.scala:68)
	at anorm.Sql.$anonfun$preparedStatement$1(Anorm.scala:77)
	at resource.DefaultManagedResource.open(AbstractManagedResource.scala:107)
	at resource.AbstractManagedResource.acquireFor(AbstractManagedResource.scala:84)
	at resource.ManagedResourceOperations$$anon$1.acquireFor(ManagedResourceOperations.scala:47)
	at resource.DeferredExtractableManagedResource.acquireFor(AbstractManagedResource.scala:25)
	at resource.ManagedResourceOperations.apply(ManagedResourceOperations.scala:31)
	at resource.ManagedResourceOperations.apply$(ManagedResourceOperations.scala:31)
	at resource.DeferredExtractableManagedResource.apply(AbstractManagedResource.scala:22)
	at resource.ManagedResourceOperations.acquireAndGet(ManagedResourceOperations.scala:29)
	at resource.ManagedResourceOperations.acquireAndGet$(ManagedResourceOperations.scala:29)
	at resource.DeferredExtractableManagedResource.acquireAndGet(AbstractManagedResource.scala:22)
	at anorm.Sql$.$anonfun$asTry$1(Anorm.scala:263)
	at scala.util.Try$.apply(Try.scala:210)
	at anorm.Sql$.asTry(Anorm.scala:263)
	at anorm.WithResult.asTry(SqlResult.scala:215)
	at anorm.WithResult.asTry$(SqlResult.scala:213)
	at anorm.SimpleSql.asTry(SimpleSql.scala:6)
	at anorm.WithResult.as(SqlResult.scala:205)
	at anorm.WithResult.as$(SqlResult.scala:204)
	at anorm.SimpleSql.as(SimpleSql.scala:6)
	at com.digitalasset.canton.platform.store.backend.common.PackageStorageBackendTemplate.lfPackages(PackageStorageBackendTemplate.scala:54)
	at com.digitalasset.canton.platform.store.dao.JdbcLedgerDao.$anonfun$listLfPackages$1(JdbcLedgerDao.scala:311)
	at com.digitalasset.canton.platform.store.dao.DataSourceConnectionProvider$$anon$1.$anonfun$runSQL$1(HikariJdbcConnectionProvider.scala:80)
	at com.daml.metrics.api.opentelemetry.OpenTelemetryTimer.time(OpenTelemetryMetricsFactory.scala:180)
	at com.daml.metrics.Timed$.value(Timed.scala:18)
	at com.digitalasset.canton.platform.store.dao.DataSourceConnectionProvider$$anon$1.runSQL(HikariJdbcConnectionProvider.scala:80)
	at com.digitalasset.canton.platform.store.dao.DbDispatcherImpl.$anonfun$executeSql$2(DbDispatcher.scala:87)
	at scala.concurrent.Future$.$anonfun$apply$1(Future.scala:687)
	at scala.concurrent.impl.Promise$Transformation.run(Promise.scala:467)
	at com.daml.executors.QueueAwareExecutorService$TrackingRunnable.run(QueueAwareExecutorService.scala:98)
	at com.daml.metrics.InstrumentedExecutorServiceMetrics$InstrumentedExecutorService$InstrumentedRunnable.run(InstrumentedExecutorServiceMetrics.scala:202)
	at java.base/java.util.concurrent.ThreadPoolExecutor.runWorker(ThreadPoolExecutor.java:1136)
	at java.base/java.util.concurrent.ThreadPoolExecutor$Worker.run(ThreadPoolExecutor.java:635)
	at java.base/java.lang.Thread.run(Thread.java:840)
2026-01-20 15:11:14,260 [canton-env-ec-80] ERROR c.d.c.n.g.ApiRequestLogger:participant=sandbox tid:d801e28dfbf4da672cf52b30b86967fd - Request c.d.l.a.v.PackageService/GetPackageStatus by /127.0.0.1:49741: failed with INTERNAL/An error occurred. Please contact the operator and inquire about the request d801e28dfbf4da672cf52b30b86967fd with tid d801e28dfbf4da672cf52b30b86967fd
2026-01-20 15:11:14,259 [canton-env-ec-28] ERROR c.d.c.p.a.s.ApiPackageService:participant=sandbox tid:fd052eab638dcb982313a46a5a05e5a3 - Unhandled internal error
com.digitalasset.canton.ledger.error.IndexErrors$IndexDbException: INTERNAL: An error occurred. Please contact the operator and inquire about the request fd052eab638dcb982313a46a5a05e5a3 with tid fd052eab638dcb982313a46a5a05e5a3
2026-01-20 15:11:14,262 [canton-env-ec-28] ERROR c.d.c.n.g.ApiRequestLogger:participant=sandbox tid:fd052eab638dcb982313a46a5a05e5a3 - Request c.d.l.a.v.PackageService/GetPackageStatus by /127.0.0.1:49741: failed with INTERNAL/An error occurred. Please contact the operator and inquire about the request fd052eab638dcb982313a46a5a05e5a3 with tid fd052eab638dcb982313a46a5a05e5a3
2026-01-20 15:11:14,261 [canton-env-ec-77] ERROR c.d.c.p.a.s.ApiPackageService:participant=sandbox tid:e2ccde9b9a5183bcb29c4b92b6e5e913 - Unhandled internal error
com.digitalasset.canton.ledger.error.IndexErrors$IndexDbException: INTERNAL: An error occurred. Please contact the operator and inquire about the request e2ccde9b9a5183bcb29c4b92b6e5e913 with tid e2ccde9b9a5183bcb29c4b92b6e5e913
2026-01-20 15:11:14,262 [canton-env-ec-77] ERROR c.d.c.n.g.ApiRequestLogger:participant=sandbox tid:e2ccde9b9a5183bcb29c4b92b6e5e913 - Request c.d.l.a.v.PackageService/GetPackageStatus by /127.0.0.1:49741: failed with INTERNAL/An error occurred. Please contact the operator and inquire about the request e2ccde9b9a5183bcb29c4b92b6e5e913 with tid e2ccde9b9a5183bcb29c4b92b6e5e913
2026-01-20 15:16:39,502 [daml.index.db.threadpool.connection.api-server-1] DEBUG c.d.c.n.g.ApiRequestLogger:participant=sandbox tid:d858e5ccece04c38ccdea9c3e3c1e94c - Request c.d.l.a.v.PackageService/GetPackageStatus by /127.0.0.1:50289: received a message 
  Request tid:d858e5ccece04c38ccdea9c3e3c1e94c
2026-01-20 15:16:39,503 [canton-env-ec-32] INFO  c.d.c.p.a.s.ApiPackageService:participant=sandbox tid:d858e5ccece04c38ccdea9c3e3c1e94c - Received request for a package status: GetPackageStatusRequest(sandbox,d704ffbe610258c670d226b969e861dfcaf2f51bf0d205ef6ff6362af45985a1), packageId -> 'd704ffbe610258c670d226b969e861dfcaf2f51bf0d205ef6ff6362af45985a1'.
2026-01-20 15:16:39,508 [daml.index.db.threadpool.connection.api-server-1] ERROR c.d.c.p.s.d.DbDispatcherImpl:participant=sandbox tid:d858e5ccece04c38ccdea9c3e3c1e94c - INDEX_DB_SQL_NON_TRANSIENT_ERROR(4,d858e5cc): Processing the request failed due to a non-transient database error: Table "PACKAGES" not found (this database is empty); SQL statement:

      select packages.package_id, packages.source_description, packages.known_since, packages.package_size
      from packages
      where packages.ledger_offset <= ?
     [42104-210] err-context:{location=DatabaseSelfServiceError.scala:53} 
org.h2.jdbc.JdbcSQLSyntaxErrorException: Table "PACKAGES" not found (this database is empty); SQL statement:

      select packages.package_id, packages.source_description, packages.known_since, packages.package_size
      from packages
      where packages.ledger_offset <= ?
     [42104-210]
	at org.h2.message.DbException.getJdbcSQLException(DbException.java:521)
	at org.h2.message.DbException.getJdbcSQLException(DbException.java:496)
	at org.h2.message.DbException.get(DbException.java:227)
	at org.h2.message.DbException.get(DbException.java:203)
	at org.h2.command.Parser.getTableOrViewNotFoundDbException(Parser.java:8397)
	at org.h2.command.Parser.getTableOrViewNotFoundDbException(Parser.java:8381)
	at org.h2.command.Parser.readTableOrView(Parser.java:8370)
	at org.h2.command.Parser.readTablePrimary(Parser.java:1866)
	at org.h2.command.Parser.readTableReference(Parser.java:2342)
	at org.h2.command.Parser.parseSelectFromPart(Parser.java:2793)
	at org.h2.command.Parser.parseSelect(Parser.java:2900)
	at org.h2.command.Parser.parseQueryPrimary(Parser.java:2783)
	at org.h2.command.Parser.parseQueryTerm(Parser.java:2650)
	at org.h2.command.Parser.parseQueryExpressionBody(Parser.java:2629)
	at org.h2.command.Parser.parseQueryExpressionBodyAndEndOfQuery(Parser.java:2622)
	at org.h2.command.Parser.parseQueryExpression(Parser.java:2615)
	at org.h2.command.Parser.parseQuery(Parser.java:2576)
	at org.h2.command.Parser.parsePrepared(Parser.java:707)
	at org.h2.command.Parser.parse(Parser.java:674)
	at org.h2.command.Parser.parse(Parser.java:644)
	at org.h2.command.Parser.prepareCommand(Parser.java:551)
	at org.h2.engine.SessionLocal.prepareLocal(SessionLocal.java:615)
	at org.h2.engine.SessionLocal.prepareCommand(SessionLocal.java:553)
	at org.h2.jdbc.JdbcConnection.prepareCommand(JdbcConnection.java:1116)
	at org.h2.jdbc.JdbcPreparedStatement.<init>(JdbcPreparedStatement.java:92)
	at org.h2.jdbc.JdbcConnection.prepareStatement(JdbcConnection.java:288)
	at com.zaxxer.hikari.pool.ProxyConnection.prepareStatement(ProxyConnection.java:311)
	at com.zaxxer.hikari.pool.HikariProxyConnection.prepareStatement(HikariProxyConnection.java)
	at anorm.SimpleSql.$anonfun$prepareNoGeneratedKeys$1(SimpleSql.scala:55)
	at anorm.SimpleSql.unsafeStatement(SimpleSql.scala:85)
	at anorm.SimpleSql.unsafeStatement(SimpleSql.scala:68)
	at anorm.Sql.$anonfun$preparedStatement$1(Anorm.scala:77)
	at resource.DefaultManagedResource.open(AbstractManagedResource.scala:107)
	at resource.AbstractManagedResource.acquireFor(AbstractManagedResource.scala:84)
	at resource.ManagedResourceOperations$$anon$1.acquireFor(ManagedResourceOperations.scala:47)
	at resource.DeferredExtractableManagedResource.acquireFor(AbstractManagedResource.scala:25)
	at resource.ManagedResourceOperations.apply(ManagedResourceOperations.scala:31)
	at resource.ManagedResourceOperations.apply$(ManagedResourceOperations.scala:31)
	at resource.DeferredExtractableManagedResource.apply(AbstractManagedResource.scala:22)
	at resource.ManagedResourceOperations.acquireAndGet(ManagedResourceOperations.scala:29)
	at resource.ManagedResourceOperations.acquireAndGet$(ManagedResourceOperations.scala:29)
	at resource.DeferredExtractableManagedResource.acquireAndGet(AbstractManagedResource.scala:22)
	at anorm.Sql$.$anonfun$asTry$1(Anorm.scala:263)
	at scala.util.Try$.apply(Try.scala:210)
	at anorm.Sql$.asTry(Anorm.scala:263)
	at anorm.WithResult.asTry(SqlResult.scala:215)
	at anorm.WithResult.asTry$(SqlResult.scala:213)
	at anorm.SimpleSql.asTry(SimpleSql.scala:6)
	at anorm.WithResult.as(SqlResult.scala:205)
	at anorm.WithResult.as$(SqlResult.scala:204)
	at anorm.SimpleSql.as(SimpleSql.scala:6)
	at com.digitalasset.canton.platform.store.backend.common.PackageStorageBackendTemplate.lfPackages(PackageStorageBackendTemplate.scala:54)
	at com.digitalasset.canton.platform.store.dao.JdbcLedgerDao.$anonfun$listLfPackages$1(JdbcLedgerDao.scala:311)
	at com.digitalasset.canton.platform.store.dao.DataSourceConnectionProvider$$anon$1.$anonfun$runSQL$1(HikariJdbcConnectionProvider.scala:80)
	at com.daml.metrics.api.opentelemetry.OpenTelemetryTimer.time(OpenTelemetryMetricsFactory.scala:180)
	at com.daml.metrics.Timed$.value(Timed.scala:18)
	at com.digitalasset.canton.platform.store.dao.DataSourceConnectionProvider$$anon$1.runSQL(HikariJdbcConnectionProvider.scala:80)
	at com.digitalasset.canton.platform.store.dao.DbDispatcherImpl.$anonfun$executeSql$2(DbDispatcher.scala:87)
	at scala.concurrent.Future$.$anonfun$apply$1(Future.scala:687)
	at scala.concurrent.impl.Promise$Transformation.run(Promise.scala:467)
	at com.daml.executors.QueueAwareExecutorService$TrackingRunnable.run(QueueAwareExecutorService.scala:98)
	at com.daml.metrics.InstrumentedExecutorServiceMetrics$InstrumentedExecutorService$InstrumentedRunnable.run(InstrumentedExecutorServiceMetrics.scala:202)
	at java.base/java.util.concurrent.ThreadPoolExecutor.runWorker(ThreadPoolExecutor.java:1136)
	at java.base/java.util.concurrent.ThreadPoolExecutor$Worker.run(ThreadPoolExecutor.java:635)
	at java.base/java.lang.Thread.run(Thread.java:840)
2026-01-20 15:16:39,502 [daml.index.db.threadpool.connection.api-server-3] DEBUG c.d.c.n.g.ApiRequestLogger:participant=sandbox tid:ce9e9de3fe390bc70635146e629539c9 - Request c.d.l.a.v.PackageService/GetPackageStatus by /127.0.0.1:50289: received a message 
  Request tid:ce9e9de3fe390bc70635146e629539c9
2026-01-20 15:16:39,503 [canton-env-ec-22] INFO  c.d.c.p.a.s.ApiPackageService:participant=sandbox tid:ce9e9de3fe390bc70635146e629539c9 - Received request for a package status: GetPackageStatusRequest(sandbox,e22bce619ae24ca3b8e6519281cb5a33b64b3190cc763248b4c3f9ad5087a92c), packageId -> 'e22bce619ae24ca3b8e6519281cb5a33b64b3190cc763248b4c3f9ad5087a92c'.
2026-01-20 15:16:39,508 [daml.index.db.threadpool.connection.api-server-3] ERROR c.d.c.p.s.d.DbDispatcherImpl:participant=sandbox tid:ce9e9de3fe390bc70635146e629539c9 - INDEX_DB_SQL_NON_TRANSIENT_ERROR(4,ce9e9de3): Processing the request failed due to a non-transient database error: Table "PACKAGES" not found (this database is empty); SQL statement:

      select packages.package_id, packages.source_description, packages.known_since, packages.package_size
      from packages
      where packages.ledger_offset <= ?
     [42104-210] err-context:{location=DatabaseSelfServiceError.scala:53} 
org.h2.jdbc.JdbcSQLSyntaxErrorException: Table "PACKAGES" not found (this database is empty); SQL statement:

      select packages.package_id, packages.source_description, packages.known_since, packages.package_size
      from packages
      where packages.ledger_offset <= ?
     [42104-210]
	at org.h2.message.DbException.getJdbcSQLException(DbException.java:521)
	at org.h2.message.DbException.getJdbcSQLException(DbException.java:496)
	at org.h2.message.DbException.get(DbException.java:227)
	at org.h2.message.DbException.get(DbException.java:203)
	at org.h2.command.Parser.getTableOrViewNotFoundDbException(Parser.java:8397)
	at org.h2.command.Parser.getTableOrViewNotFoundDbException(Parser.java:8381)
	at org.h2.command.Parser.readTableOrView(Parser.java:8370)
	at org.h2.command.Parser.readTablePrimary(Parser.java:1866)
	at org.h2.command.Parser.readTableReference(Parser.java:2342)
	at org.h2.command.Parser.parseSelectFromPart(Parser.java:2793)
	at org.h2.command.Parser.parseSelect(Parser.java:2900)
	at org.h2.command.Parser.parseQueryPrimary(Parser.java:2783)
	at org.h2.command.Parser.parseQueryTerm(Parser.java:2650)
	at org.h2.command.Parser.parseQueryExpressionBody(Parser.java:2629)
	at org.h2.command.Parser.parseQueryExpressionBodyAndEndOfQuery(Parser.java:2622)
	at org.h2.command.Parser.parseQueryExpression(Parser.java:2615)
	at org.h2.command.Parser.parseQuery(Parser.java:2576)
	at org.h2.command.Parser.parsePrepared(Parser.java:707)
	at org.h2.command.Parser.parse(Parser.java:674)
	at org.h2.command.Parser.parse(Parser.java:644)
	at org.h2.command.Parser.prepareCommand(Parser.java:551)
	at org.h2.engine.SessionLocal.prepareLocal(SessionLocal.java:615)
	at org.h2.engine.SessionLocal.prepareCommand(SessionLocal.java:553)
	at org.h2.jdbc.JdbcConnection.prepareCommand(JdbcConnection.java:1116)
	at org.h2.jdbc.JdbcPreparedStatement.<init>(JdbcPreparedStatement.java:92)
	at org.h2.jdbc.JdbcConnection.prepareStatement(JdbcConnection.java:288)
	at com.zaxxer.hikari.pool.ProxyConnection.prepareStatement(ProxyConnection.java:311)
	at com.zaxxer.hikari.pool.HikariProxyConnection.prepareStatement(HikariProxyConnection.java)
	at anorm.SimpleSql.$anonfun$prepareNoGeneratedKeys$1(SimpleSql.scala:55)
	at anorm.SimpleSql.unsafeStatement(SimpleSql.scala:85)
	at anorm.SimpleSql.unsafeStatement(SimpleSql.scala:68)
	at anorm.Sql.$anonfun$preparedStatement$1(Anorm.scala:77)
	at resource.DefaultManagedResource.open(AbstractManagedResource.scala:107)
	at resource.AbstractManagedResource.acquireFor(AbstractManagedResource.scala:84)
	at resource.ManagedResourceOperations$$anon$1.acquireFor(ManagedResourceOperations.scala:47)
	at resource.DeferredExtractableManagedResource.acquireFor(AbstractManagedResource.scala:25)
	at resource.ManagedResourceOperations.apply(ManagedResourceOperations.scala:31)
	at resource.ManagedResourceOperations.apply$(ManagedResourceOperations.scala:31)
	at resource.DeferredExtractableManagedResource.apply(AbstractManagedResource.scala:22)
	at resource.ManagedResourceOperations.acquireAndGet(ManagedResourceOperations.scala:29)
	at resource.ManagedResourceOperations.acquireAndGet$(ManagedResourceOperations.scala:29)
	at resource.DeferredExtractableManagedResource.acquireAndGet(AbstractManagedResource.scala:22)
	at anorm.Sql$.$anonfun$asTry$1(Anorm.scala:263)
	at scala.util.Try$.apply(Try.scala:210)
	at anorm.Sql$.asTry(Anorm.scala:263)
	at anorm.WithResult.asTry(SqlResult.scala:215)
	at anorm.WithResult.asTry$(SqlResult.scala:213)
	at anorm.SimpleSql.asTry(SimpleSql.scala:6)
	at anorm.WithResult.as(SqlResult.scala:205)
	at anorm.WithResult.as$(SqlResult.scala:204)
	at anorm.SimpleSql.as(SimpleSql.scala:6)
	at com.digitalasset.canton.platform.store.backend.common.PackageStorageBackendTemplate.lfPackages(PackageStorageBackendTemplate.scala:54)
	at com.digitalasset.canton.platform.store.dao.JdbcLedgerDao.$anonfun$listLfPackages$1(JdbcLedgerDao.scala:311)
	at com.digitalasset.canton.platform.store.dao.DataSourceConnectionProvider$$anon$1.$anonfun$runSQL$1(HikariJdbcConnectionProvider.scala:80)
	at com.daml.metrics.api.opentelemetry.OpenTelemetryTimer.time(OpenTelemetryMetricsFactory.scala:180)
	at com.daml.metrics.Timed$.value(Timed.scala:18)
	at com.digitalasset.canton.platform.store.dao.DataSourceConnectionProvider$$anon$1.runSQL(HikariJdbcConnectionProvider.scala:80)
	at com.digitalasset.canton.platform.store.dao.DbDispatcherImpl.$anonfun$executeSql$2(DbDispatcher.scala:87)
	at scala.concurrent.Future$.$anonfun$apply$1(Future.scala:687)
	at scala.concurrent.impl.Promise$Transformation.run(Promise.scala:467)
	at com.daml.executors.QueueAwareExecutorService$TrackingRunnable.run(QueueAwareExecutorService.scala:98)
	at com.daml.metrics.InstrumentedExecutorServiceMetrics$InstrumentedExecutorService$InstrumentedRunnable.run(InstrumentedExecutorServiceMetrics.scala:202)
	at java.base/java.util.concurrent.ThreadPoolExecutor.runWorker(ThreadPoolExecutor.java:1136)
	at java.base/java.util.concurrent.ThreadPoolExecutor$Worker.run(ThreadPoolExecutor.java:635)
	at java.base/java.lang.Thread.run(Thread.java:840)
2026-01-20 15:16:39,500 [daml.index.db.threadpool.connection.api-server-0] DEBUG c.d.c.n.g.ApiRequestLogger:participant=participant1 tid:200aa9fdce32a874cdade4d23d31a8fd - Request c.d.l.a.v.PackageService/GetPackageStatus by /127.0.0.1:50290: received a message 
  Request tid:200aa9fdce32a874cdade4d23d31a8fd
2026-01-20 15:16:39,501 [canton-env-ec-29] INFO  c.d.c.p.a.s.ApiPackageService:participant=participant1 tid:200aa9fdce32a874cdade4d23d31a8fd - Received request for a package status: GetPackageStatusRequest(participant1,d704ffbe610258c670d226b969e861dfcaf2f51bf0d205ef6ff6362af45985a1), packageId -> 'd704ffbe610258c670d226b969e861dfcaf2f51bf0d205ef6ff6362af45985a1'.
2026-01-20 15:16:39,508 [daml.index.db.threadpool.connection.api-server-0] ERROR c.d.c.p.s.d.DbDispatcherImpl:participant=participant1 tid:200aa9fdce32a874cdade4d23d31a8fd - INDEX_DB_SQL_NON_TRANSIENT_ERROR(4,200aa9fd): Processing the request failed due to a non-transient database error: Table "PACKAGES" not found (this database is empty); SQL statement:

      select packages.package_id, packages.source_description, packages.known_since, packages.package_size
      from packages
      where packages.ledger_offset <= ?
     [42104-210] err-context:{location=DatabaseSelfServiceError.scala:53} 
org.h2.jdbc.JdbcSQLSyntaxErrorException: Table "PACKAGES" not found (this database is empty); SQL statement:

      select packages.package_id, packages.source_description, packages.known_since, packages.package_size
      from packages
      where packages.ledger_offset <= ?
     [42104-210]
	at org.h2.message.DbException.getJdbcSQLException(DbException.java:521)
	at org.h2.message.DbException.getJdbcSQLException(DbException.java:496)
	at org.h2.message.DbException.get(DbException.java:227)
	at org.h2.message.DbException.get(DbException.java:203)
	at org.h2.command.Parser.getTableOrViewNotFoundDbException(Parser.java:8397)
	at org.h2.command.Parser.getTableOrViewNotFoundDbException(Parser.java:8381)
	at org.h2.command.Parser.readTableOrView(Parser.java:8370)
	at org.h2.command.Parser.readTablePrimary(Parser.java:1866)
	at org.h2.command.Parser.readTableReference(Parser.java:2342)
	at org.h2.command.Parser.parseSelectFromPart(Parser.java:2793)
	at org.h2.command.Parser.parseSelect(Parser.java:2900)
	at org.h2.command.Parser.parseQueryPrimary(Parser.java:2783)
	at org.h2.command.Parser.parseQueryTerm(Parser.java:2650)
	at org.h2.command.Parser.parseQueryExpressionBody(Parser.java:2629)
	at org.h2.command.Parser.parseQueryExpressionBodyAndEndOfQuery(Parser.java:2622)
	at org.h2.command.Parser.parseQueryExpression(Parser.java:2615)
	at org.h2.command.Parser.parseQuery(Parser.java:2576)
	at org.h2.command.Parser.parsePrepared(Parser.java:707)
	at org.h2.command.Parser.parse(Parser.java:674)
	at org.h2.command.Parser.parse(Parser.java:644)
	at org.h2.command.Parser.prepareCommand(Parser.java:551)
	at org.h2.engine.SessionLocal.prepareLocal(SessionLocal.java:615)
	at org.h2.engine.SessionLocal.prepareCommand(SessionLocal.java:553)
	at org.h2.jdbc.JdbcConnection.prepareCommand(JdbcConnection.java:1116)
	at org.h2.jdbc.JdbcPreparedStatement.<init>(JdbcPreparedStatement.java:92)
	at org.h2.jdbc.JdbcConnection.prepareStatement(JdbcConnection.java:288)
	at com.zaxxer.hikari.pool.ProxyConnection.prepareStatement(ProxyConnection.java:311)
	at com.zaxxer.hikari.pool.HikariProxyConnection.prepareStatement(HikariProxyConnection.java)
	at anorm.SimpleSql.$anonfun$prepareNoGeneratedKeys$1(SimpleSql.scala:55)
	at anorm.SimpleSql.unsafeStatement(SimpleSql.scala:85)
	at anorm.SimpleSql.unsafeStatement(SimpleSql.scala:68)
	at anorm.Sql.$anonfun$preparedStatement$1(Anorm.scala:77)
	at resource.DefaultManagedResource.open(AbstractManagedResource.scala:107)
	at resource.AbstractManagedResource.acquireFor(AbstractManagedResource.scala:84)
	at resource.ManagedResourceOperations$$anon$1.acquireFor(ManagedResourceOperations.scala:47)
	at resource.DeferredExtractableManagedResource.acquireFor(AbstractManagedResource.scala:25)
	at resource.ManagedResourceOperations.apply(ManagedResourceOperations.scala:31)
	at resource.ManagedResourceOperations.apply$(ManagedResourceOperations.scala:31)
	at resource.DeferredExtractableManagedResource.apply(AbstractManagedResource.scala:22)
	at resource.ManagedResourceOperations.acquireAndGet(ManagedResourceOperations.scala:29)
	at resource.ManagedResourceOperations.acquireAndGet$(ManagedResourceOperations.scala:29)
	at resource.DeferredExtractableManagedResource.acquireAndGet(AbstractManagedResource.scala:22)
	at anorm.Sql$.$anonfun$asTry$1(Anorm.scala:263)
	at scala.util.Try$.apply(Try.scala:210)
	at anorm.Sql$.asTry(Anorm.scala:263)
	at anorm.WithResult.asTry(SqlResult.scala:215)
	at anorm.WithResult.asTry$(SqlResult.scala:213)
	at anorm.SimpleSql.asTry(SimpleSql.scala:6)
	at anorm.WithResult.as(SqlResult.scala:205)
	at anorm.WithResult.as$(SqlResult.scala:204)
	at anorm.SimpleSql.as(SimpleSql.scala:6)
	at com.digitalasset.canton.platform.store.backend.common.PackageStorageBackendTemplate.lfPackages(PackageStorageBackendTemplate.scala:54)
	at com.digitalasset.canton.platform.store.dao.JdbcLedgerDao.$anonfun$listLfPackages$1(JdbcLedgerDao.scala:311)
	at com.digitalasset.canton.platform.store.dao.DataSourceConnectionProvider$$anon$1.$anonfun$runSQL$1(HikariJdbcConnectionProvider.scala:80)
	at com.daml.metrics.api.opentelemetry.OpenTelemetryTimer.time(OpenTelemetryMetricsFactory.scala:180)
	at com.daml.metrics.Timed$.value(Timed.scala:18)
	at com.digitalasset.canton.platform.store.dao.DataSourceConnectionProvider$$anon$1.runSQL(HikariJdbcConnectionProvider.scala:80)
	at com.digitalasset.canton.platform.store.dao.DbDispatcherImpl.$anonfun$executeSql$2(DbDispatcher.scala:87)
	at scala.concurrent.Future$.$anonfun$apply$1(Future.scala:687)
	at scala.concurrent.impl.Promise$Transformation.run(Promise.scala:467)
	at com.daml.executors.QueueAwareExecutorService$TrackingRunnable.run(QueueAwareExecutorService.scala:98)
	at com.daml.metrics.InstrumentedExecutorServiceMetrics$InstrumentedExecutorService$InstrumentedRunnable.run(InstrumentedExecutorServiceMetrics.scala:202)
	at java.base/java.util.concurrent.ThreadPoolExecutor.runWorker(ThreadPoolExecutor.java:1136)
	at java.base/java.util.concurrent.ThreadPoolExecutor$Worker.run(ThreadPoolExecutor.java:635)
	at java.base/java.lang.Thread.run(Thread.java:840)
2026-01-20 15:16:39,503 [daml.index.db.threadpool.connection.api-server-0] DEBUG c.d.c.n.g.ApiRequestLogger:participant=sandbox tid:0e83cb104634c25fd735e0189fb031bf - Request c.d.l.a.v.PackageService/GetPackageStatus by /127.0.0.1:50289: received a message 
  Request tid:0e83cb104634c25fd735e0189fb031bf
2026-01-20 15:16:39,503 [canton-env-ec-111] INFO  c.d.c.p.a.s.ApiPackageService:participant=sandbox tid:0e83cb104634c25fd735e0189fb031bf - Received request for a package status: GetPackageStatusRequest(sandbox,8a7806365bbd98d88b4c13832ebfa305f6abaeaf32cfa2b7dd25c4fa489b79fb), packageId -> '8a7806365bbd98d88b4c13832ebfa305f6abaeaf32cfa2b7dd25c4fa489b79fb'.
2026-01-20 15:16:39,508 [daml.index.db.threadpool.connection.api-server-0] ERROR c.d.c.p.s.d.DbDispatcherImpl:participant=sandbox tid:0e83cb104634c25fd735e0189fb031bf - INDEX_DB_SQL_NON_TRANSIENT_ERROR(4,0e83cb10): Processing the request failed due to a non-transient database error: Table "PACKAGES" not found (this database is empty); SQL statement:

      select packages.package_id, packages.source_description, packages.known_since, packages.package_size
      from packages
      where packages.ledger_offset <= ?
     [42104-210] err-context:{location=DatabaseSelfServiceError.scala:53} 
org.h2.jdbc.JdbcSQLSyntaxErrorException: Table "PACKAGES" not found (this database is empty); SQL statement:

      select packages.package_id, packages.source_description, packages.known_since, packages.package_size
      from packages
      where packages.ledger_offset <= ?
     [42104-210]
	at org.h2.message.DbException.getJdbcSQLException(DbException.java:521)
	at org.h2.message.DbException.getJdbcSQLException(DbException.java:496)
	at org.h2.message.DbException.get(DbException.java:227)
	at org.h2.message.DbException.get(DbException.java:203)
	at org.h2.command.Parser.getTableOrViewNotFoundDbException(Parser.java:8397)
	at org.h2.command.Parser.getTableOrViewNotFoundDbException(Parser.java:8381)
	at org.h2.command.Parser.readTableOrView(Parser.java:8370)
	at org.h2.command.Parser.readTablePrimary(Parser.java:1866)
	at org.h2.command.Parser.readTableReference(Parser.java:2342)
	at org.h2.command.Parser.parseSelectFromPart(Parser.java:2793)
	at org.h2.command.Parser.parseSelect(Parser.java:2900)
	at org.h2.command.Parser.parseQueryPrimary(Parser.java:2783)
	at org.h2.command.Parser.parseQueryTerm(Parser.java:2650)
	at org.h2.command.Parser.parseQueryExpressionBody(Parser.java:2629)
	at org.h2.command.Parser.parseQueryExpressionBodyAndEndOfQuery(Parser.java:2622)
	at org.h2.command.Parser.parseQueryExpression(Parser.java:2615)
	at org.h2.command.Parser.parseQuery(Parser.java:2576)
	at org.h2.command.Parser.parsePrepared(Parser.java:707)
	at org.h2.command.Parser.parse(Parser.java:674)
	at org.h2.command.Parser.parse(Parser.java:644)
	at org.h2.command.Parser.prepareCommand(Parser.java:551)
	at org.h2.engine.SessionLocal.prepareLocal(SessionLocal.java:615)
	at org.h2.engine.SessionLocal.prepareCommand(SessionLocal.java:553)
	at org.h2.jdbc.JdbcConnection.prepareCommand(JdbcConnection.java:1116)
	at org.h2.jdbc.JdbcPreparedStatement.<init>(JdbcPreparedStatement.java:92)
	at org.h2.jdbc.JdbcConnection.prepareStatement(JdbcConnection.java:288)
	at com.zaxxer.hikari.pool.ProxyConnection.prepareStatement(ProxyConnection.java:311)
	at com.zaxxer.hikari.pool.HikariProxyConnection.prepareStatement(HikariProxyConnection.java)
	at anorm.SimpleSql.$anonfun$prepareNoGeneratedKeys$1(SimpleSql.scala:55)
	at anorm.SimpleSql.unsafeStatement(SimpleSql.scala:85)
	at anorm.SimpleSql.unsafeStatement(SimpleSql.scala:68)
	at anorm.Sql.$anonfun$preparedStatement$1(Anorm.scala:77)
	at resource.DefaultManagedResource.open(AbstractManagedResource.scala:107)
	at resource.AbstractManagedResource.acquireFor(AbstractManagedResource.scala:84)
	at resource.ManagedResourceOperations$$anon$1.acquireFor(ManagedResourceOperations.scala:47)
	at resource.DeferredExtractableManagedResource.acquireFor(AbstractManagedResource.scala:25)
	at resource.ManagedResourceOperations.apply(ManagedResourceOperations.scala:31)
	at resource.ManagedResourceOperations.apply$(ManagedResourceOperations.scala:31)
	at resource.DeferredExtractableManagedResource.apply(AbstractManagedResource.scala:22)
	at resource.ManagedResourceOperations.acquireAndGet(ManagedResourceOperations.scala:29)
	at resource.ManagedResourceOperations.acquireAndGet$(ManagedResourceOperations.scala:29)
	at resource.DeferredExtractableManagedResource.acquireAndGet(AbstractManagedResource.scala:22)
	at anorm.Sql$.$anonfun$asTry$1(Anorm.scala:263)
	at scala.util.Try$.apply(Try.scala:210)
	at anorm.Sql$.asTry(Anorm.scala:263)
	at anorm.WithResult.asTry(SqlResult.scala:215)
	at anorm.WithResult.asTry$(SqlResult.scala:213)
	at anorm.SimpleSql.asTry(SimpleSql.scala:6)
	at anorm.WithResult.as(SqlResult.scala:205)
	at anorm.WithResult.as$(SqlResult.scala:204)
	at anorm.SimpleSql.as(SimpleSql.scala:6)
	at com.digitalasset.canton.platform.store.backend.common.PackageStorageBackendTemplate.lfPackages(PackageStorageBackendTemplate.scala:54)
	at com.digitalasset.canton.platform.store.dao.JdbcLedgerDao.$anonfun$listLfPackages$1(JdbcLedgerDao.scala:311)
	at com.digitalasset.canton.platform.store.dao.DataSourceConnectionProvider$$anon$1.$anonfun$runSQL$1(HikariJdbcConnectionProvider.scala:80)
	at com.daml.metrics.api.opentelemetry.OpenTelemetryTimer.time(OpenTelemetryMetricsFactory.scala:180)
	at com.daml.metrics.Timed$.value(Timed.scala:18)
	at com.digitalasset.canton.platform.store.dao.DataSourceConnectionProvider$$anon$1.runSQL(HikariJdbcConnectionProvider.scala:80)
	at com.digitalasset.canton.platform.store.dao.DbDispatcherImpl.$anonfun$executeSql$2(DbDispatcher.scala:87)
	at scala.concurrent.Future$.$anonfun$apply$1(Future.scala:687)
	at scala.concurrent.impl.Promise$Transformation.run(Promise.scala:467)
	at com.daml.executors.QueueAwareExecutorService$TrackingRunnable.run(QueueAwareExecutorService.scala:98)
	at com.daml.metrics.InstrumentedExecutorServiceMetrics$InstrumentedExecutorService$InstrumentedRunnable.run(InstrumentedExecutorServiceMetrics.scala:202)
	at java.base/java.util.concurrent.ThreadPoolExecutor.runWorker(ThreadPoolExecutor.java:1136)
	at java.base/java.util.concurrent.ThreadPoolExecutor$Worker.run(ThreadPoolExecutor.java:635)
	at java.base/java.lang.Thread.run(Thread.java:840)
2026-01-20 15:16:39,500 [daml.index.db.threadpool.connection.api-server-1] DEBUG c.d.c.n.g.ApiRequestLogger:participant=participant1 tid:d25dbbe96b430d7b2a3fcfb5b93de63f - Request c.d.l.a.v.PackageService/GetPackageStatus by /127.0.0.1:50290: received a message 
  Request tid:d25dbbe96b430d7b2a3fcfb5b93de63f
2026-01-20 15:16:39,502 [canton-env-ec-22] INFO  c.d.c.p.a.s.ApiPackageService:participant=participant1 tid:d25dbbe96b430d7b2a3fcfb5b93de63f - Received request for a package status: GetPackageStatusRequest(participant1,99a2705ed38c1c26cbb8fe7acf36bbf626668e167a33335de932599219e0a235), packageId -> '99a2705ed38c1c26cbb8fe7acf36bbf626668e167a33335de932599219e0a235'.
2026-01-20 15:16:39,508 [daml.index.db.threadpool.connection.api-server-1] ERROR c.d.c.p.s.d.DbDispatcherImpl:participant=participant1 tid:d25dbbe96b430d7b2a3fcfb5b93de63f - INDEX_DB_SQL_NON_TRANSIENT_ERROR(4,d25dbbe9): Processing the request failed due to a non-transient database error: Table "PACKAGES" not found (this database is empty); SQL statement:

      select packages.package_id, packages.source_description, packages.known_since, packages.package_size
      from packages
      where packages.ledger_offset <= ?
     [42104-210] err-context:{location=DatabaseSelfServiceError.scala:53} 
org.h2.jdbc.JdbcSQLSyntaxErrorException: Table "PACKAGES" not found (this database is empty); SQL statement:

      select packages.package_id, packages.source_description, packages.known_since, packages.package_size
      from packages
      where packages.ledger_offset <= ?
     [42104-210]
	at org.h2.message.DbException.getJdbcSQLException(DbException.java:521)
	at org.h2.message.DbException.getJdbcSQLException(DbException.java:496)
	at org.h2.message.DbException.get(DbException.java:227)
	at org.h2.message.DbException.get(DbException.java:203)
	at org.h2.command.Parser.getTableOrViewNotFoundDbException(Parser.java:8397)
	at org.h2.command.Parser.getTableOrViewNotFoundDbException(Parser.java:8381)
	at org.h2.command.Parser.readTableOrView(Parser.java:8370)
	at org.h2.command.Parser.readTablePrimary(Parser.java:1866)
	at org.h2.command.Parser.readTableReference(Parser.java:2342)
	at org.h2.command.Parser.parseSelectFromPart(Parser.java:2793)
	at org.h2.command.Parser.parseSelect(Parser.java:2900)
	at org.h2.command.Parser.parseQueryPrimary(Parser.java:2783)
	at org.h2.command.Parser.parseQueryTerm(Parser.java:2650)
	at org.h2.command.Parser.parseQueryExpressionBody(Parser.java:2629)
	at org.h2.command.Parser.parseQueryExpressionBodyAndEndOfQuery(Parser.java:2622)
	at org.h2.command.Parser.parseQueryExpression(Parser.java:2615)
	at org.h2.command.Parser.parseQuery(Parser.java:2576)
	at org.h2.command.Parser.parsePrepared(Parser.java:707)
	at org.h2.command.Parser.parse(Parser.java:674)
	at org.h2.command.Parser.parse(Parser.java:644)
	at org.h2.command.Parser.prepareCommand(Parser.java:551)
	at org.h2.engine.SessionLocal.prepareLocal(SessionLocal.java:615)
	at org.h2.engine.SessionLocal.prepareCommand(SessionLocal.java:553)
	at org.h2.jdbc.JdbcConnection.prepareCommand(JdbcConnection.java:1116)
	at org.h2.jdbc.JdbcPreparedStatement.<init>(JdbcPreparedStatement.java:92)
	at org.h2.jdbc.JdbcConnection.prepareStatement(JdbcConnection.java:288)
	at com.zaxxer.hikari.pool.ProxyConnection.prepareStatement(ProxyConnection.java:311)
	at com.zaxxer.hikari.pool.HikariProxyConnection.prepareStatement(HikariProxyConnection.java)
	at anorm.SimpleSql.$anonfun$prepareNoGeneratedKeys$1(SimpleSql.scala:55)
	at anorm.SimpleSql.unsafeStatement(SimpleSql.scala:85)
	at anorm.SimpleSql.unsafeStatement(SimpleSql.scala:68)
	at anorm.Sql.$anonfun$preparedStatement$1(Anorm.scala:77)
	at resource.DefaultManagedResource.open(AbstractManagedResource.scala:107)
	at resource.AbstractManagedResource.acquireFor(AbstractManagedResource.scala:84)
	at resource.ManagedResourceOperations$$anon$1.acquireFor(ManagedResourceOperations.scala:47)
	at resource.DeferredExtractableManagedResource.acquireFor(AbstractManagedResource.scala:25)
	at resource.ManagedResourceOperations.apply(ManagedResourceOperations.scala:31)
	at resource.ManagedResourceOperations.apply$(ManagedResourceOperations.scala:31)
	at resource.DeferredExtractableManagedResource.apply(AbstractManagedResource.scala:22)
	at resource.ManagedResourceOperations.acquireAndGet(ManagedResourceOperations.scala:29)
	at resource.ManagedResourceOperations.acquireAndGet$(ManagedResourceOperations.scala:29)
	at resource.DeferredExtractableManagedResource.acquireAndGet(AbstractManagedResource.scala:22)
	at anorm.Sql$.$anonfun$asTry$1(Anorm.scala:263)
	at scala.util.Try$.apply(Try.scala:210)
	at anorm.Sql$.asTry(Anorm.scala:263)
	at anorm.WithResult.asTry(SqlResult.scala:215)
	at anorm.WithResult.asTry$(SqlResult.scala:213)
	at anorm.SimpleSql.asTry(SimpleSql.scala:6)
	at anorm.WithResult.as(SqlResult.scala:205)
	at anorm.WithResult.as$(SqlResult.scala:204)
	at anorm.SimpleSql.as(SimpleSql.scala:6)
	at com.digitalasset.canton.platform.store.backend.common.PackageStorageBackendTemplate.lfPackages(PackageStorageBackendTemplate.scala:54)
	at com.digitalasset.canton.platform.store.dao.JdbcLedgerDao.$anonfun$listLfPackages$1(JdbcLedgerDao.scala:311)
	at com.digitalasset.canton.platform.store.dao.DataSourceConnectionProvider$$anon$1.$anonfun$runSQL$1(HikariJdbcConnectionProvider.scala:80)
	at com.daml.metrics.api.opentelemetry.OpenTelemetryTimer.time(OpenTelemetryMetricsFactory.scala:180)
	at com.daml.metrics.Timed$.value(Timed.scala:18)
	at com.digitalasset.canton.platform.store.dao.DataSourceConnectionProvider$$anon$1.runSQL(HikariJdbcConnectionProvider.scala:80)
	at com.digitalasset.canton.platform.store.dao.DbDispatcherImpl.$anonfun$executeSql$2(DbDispatcher.scala:87)
	at scala.concurrent.Future$.$anonfun$apply$1(Future.scala:687)
	at scala.concurrent.impl.Promise$Transformation.run(Promise.scala:467)
	at com.daml.executors.QueueAwareExecutorService$TrackingRunnable.run(QueueAwareExecutorService.scala:98)
	at com.daml.metrics.InstrumentedExecutorServiceMetrics$InstrumentedExecutorService$InstrumentedRunnable.run(InstrumentedExecutorServiceMetrics.scala:202)
	at java.base/java.util.concurrent.ThreadPoolExecutor.runWorker(ThreadPoolExecutor.java:1136)
	at java.base/java.util.concurrent.ThreadPoolExecutor$Worker.run(ThreadPoolExecutor.java:635)
	at java.base/java.lang.Thread.run(Thread.java:840)
2026-01-20 15:16:39,500 [daml.index.db.threadpool.connection.api-server-2] DEBUG c.d.c.n.g.ApiRequestLogger:participant=sandbox tid:0912706a64b69b97063e239e89f0e020 - Request c.d.l.a.v.PackageService/GetPackageStatus by /127.0.0.1:50289: received a message 
  Request tid:0912706a64b69b97063e239e89f0e020
2026-01-20 15:16:39,501 [canton-env-ec-21] INFO  c.d.c.p.a.s.ApiPackageService:participant=sandbox tid:0912706a64b69b97063e239e89f0e020 - Received request for a package status: GetPackageStatusRequest(sandbox,86828b9843465f419db1ef8a8ee741d1eef645df02375ebf509cdc8c3ddd16cb), packageId -> '86828b9843465f419db1ef8a8ee741d1eef645df02375ebf509cdc8c3ddd16cb'.
2026-01-20 15:16:39,508 [daml.index.db.threadpool.connection.api-server-2] ERROR c.d.c.p.s.d.DbDispatcherImpl:participant=sandbox tid:0912706a64b69b97063e239e89f0e020 - INDEX_DB_SQL_NON_TRANSIENT_ERROR(4,0912706a): Processing the request failed due to a non-transient database error: Table "PACKAGES" not found (this database is empty); SQL statement:

      select packages.package_id, packages.source_description, packages.known_since, packages.package_size
      from packages
      where packages.ledger_offset <= ?
     [42104-210] err-context:{location=DatabaseSelfServiceError.scala:53} 
org.h2.jdbc.JdbcSQLSyntaxErrorException: Table "PACKAGES" not found (this database is empty); SQL statement:

      select packages.package_id, packages.source_description, packages.known_since, packages.package_size
      from packages
      where packages.ledger_offset <= ?
     [42104-210]
	at org.h2.message.DbException.getJdbcSQLException(DbException.java:521)
	at org.h2.message.DbException.getJdbcSQLException(DbException.java:496)
	at org.h2.message.DbException.get(DbException.java:227)
	at org.h2.message.DbException.get(DbException.java:203)
	at org.h2.command.Parser.getTableOrViewNotFoundDbException(Parser.java:8397)
	at org.h2.command.Parser.getTableOrViewNotFoundDbException(Parser.java:8381)
	at org.h2.command.Parser.readTableOrView(Parser.java:8370)
	at org.h2.command.Parser.readTablePrimary(Parser.java:1866)
	at org.h2.command.Parser.readTableReference(Parser.java:2342)
	at org.h2.command.Parser.parseSelectFromPart(Parser.java:2793)
	at org.h2.command.Parser.parseSelect(Parser.java:2900)
	at org.h2.command.Parser.parseQueryPrimary(Parser.java:2783)
	at org.h2.command.Parser.parseQueryTerm(Parser.java:2650)
	at org.h2.command.Parser.parseQueryExpressionBody(Parser.java:2629)
	at org.h2.command.Parser.parseQueryExpressionBodyAndEndOfQuery(Parser.java:2622)
	at org.h2.command.Parser.parseQueryExpression(Parser.java:2615)
	at org.h2.command.Parser.parseQuery(Parser.java:2576)
	at org.h2.command.Parser.parsePrepared(Parser.java:707)
	at org.h2.command.Parser.parse(Parser.java:674)
	at org.h2.command.Parser.parse(Parser.java:644)
	at org.h2.command.Parser.prepareCommand(Parser.java:551)
	at org.h2.engine.SessionLocal.prepareLocal(SessionLocal.java:615)
	at org.h2.engine.SessionLocal.prepareCommand(SessionLocal.java:553)
	at org.h2.jdbc.JdbcConnection.prepareCommand(JdbcConnection.java:1116)
	at org.h2.jdbc.JdbcPreparedStatement.<init>(JdbcPreparedStatement.java:92)
	at org.h2.jdbc.JdbcConnection.prepareStatement(JdbcConnection.java:288)
	at com.zaxxer.hikari.pool.ProxyConnection.prepareStatement(ProxyConnection.java:311)
	at com.zaxxer.hikari.pool.HikariProxyConnection.prepareStatement(HikariProxyConnection.java)
	at anorm.SimpleSql.$anonfun$prepareNoGeneratedKeys$1(SimpleSql.scala:55)
	at anorm.SimpleSql.unsafeStatement(SimpleSql.scala:85)
	at anorm.SimpleSql.unsafeStatement(SimpleSql.scala:68)
	at anorm.Sql.$anonfun$preparedStatement$1(Anorm.scala:77)
	at resource.DefaultManagedResource.open(AbstractManagedResource.scala:107)
	at resource.AbstractManagedResource.acquireFor(AbstractManagedResource.scala:84)
	at resource.ManagedResourceOperations$$anon$1.acquireFor(ManagedResourceOperations.scala:47)
	at resource.DeferredExtractableManagedResource.acquireFor(AbstractManagedResource.scala:25)
	at resource.ManagedResourceOperations.apply(ManagedResourceOperations.scala:31)
	at resource.ManagedResourceOperations.apply$(ManagedResourceOperations.scala:31)
	at resource.DeferredExtractableManagedResource.apply(AbstractManagedResource.scala:22)
	at resource.ManagedResourceOperations.acquireAndGet(ManagedResourceOperations.scala:29)
	at resource.ManagedResourceOperations.acquireAndGet$(ManagedResourceOperations.scala:29)
	at resource.DeferredExtractableManagedResource.acquireAndGet(AbstractManagedResource.scala:22)
	at anorm.Sql$.$anonfun$asTry$1(Anorm.scala:263)
	at scala.util.Try$.apply(Try.scala:210)
	at anorm.Sql$.asTry(Anorm.scala:263)
	at anorm.WithResult.asTry(SqlResult.scala:215)
	at anorm.WithResult.asTry$(SqlResult.scala:213)
	at anorm.SimpleSql.asTry(SimpleSql.scala:6)
	at anorm.WithResult.as(SqlResult.scala:205)
	at anorm.WithResult.as$(SqlResult.scala:204)
	at anorm.SimpleSql.as(SimpleSql.scala:6)
	at com.digitalasset.canton.platform.store.backend.common.PackageStorageBackendTemplate.lfPackages(PackageStorageBackendTemplate.scala:54)
	at com.digitalasset.canton.platform.store.dao.JdbcLedgerDao.$anonfun$listLfPackages$1(JdbcLedgerDao.scala:311)
	at com.digitalasset.canton.platform.store.dao.DataSourceConnectionProvider$$anon$1.$anonfun$runSQL$1(HikariJdbcConnectionProvider.scala:80)
	at com.daml.metrics.api.opentelemetry.OpenTelemetryTimer.time(OpenTelemetryMetricsFactory.scala:180)
	at com.daml.metrics.Timed$.value(Timed.scala:18)
	at com.digitalasset.canton.platform.store.dao.DataSourceConnectionProvider$$anon$1.runSQL(HikariJdbcConnectionProvider.scala:80)
	at com.digitalasset.canton.platform.store.dao.DbDispatcherImpl.$anonfun$executeSql$2(DbDispatcher.scala:87)
	at scala.concurrent.Future$.$anonfun$apply$1(Future.scala:687)
	at scala.concurrent.impl.Promise$Transformation.run(Promise.scala:467)
	at com.daml.executors.QueueAwareExecutorService$TrackingRunnable.run(QueueAwareExecutorService.scala:98)
	at com.daml.metrics.InstrumentedExecutorServiceMetrics$InstrumentedExecutorService$InstrumentedRunnable.run(InstrumentedExecutorServiceMetrics.scala:202)
	at java.base/java.util.concurrent.ThreadPoolExecutor.runWorker(ThreadPoolExecutor.java:1136)
	at java.base/java.util.concurrent.ThreadPoolExecutor$Worker.run(ThreadPoolExecutor.java:635)
	at java.base/java.lang.Thread.run(Thread.java:840)
2026-01-20 15:16:39,503 [daml.index.db.threadpool.connection.api-server-4] DEBUG c.d.c.n.g.ApiRequestLogger:participant=sandbox tid:e6b916e69d91e3d3fd0b5ed1a07cce94 - Request c.d.l.a.v.PackageService/GetPackageStatus by /127.0.0.1:50289: received a message 
  Request tid:e6b916e69d91e3d3fd0b5ed1a07cce94
2026-01-20 15:16:39,503 [canton-env-ec-28] INFO  c.d.c.p.a.s.ApiPackageService:participant=sandbox tid:e6b916e69d91e3d3fd0b5ed1a07cce94 - Received request for a package status: GetPackageStatusRequest(sandbox,d58cf9939847921b2aab78eaa7b427dc4c649d25e6bee3c749ace4c3f52f5c97), packageId -> 'd58cf9939847921b2aab78eaa7b427dc4c649d25e6bee3c749ace4c3f52f5c97'.
2026-01-20 15:16:39,508 [daml.index.db.threadpool.connection.api-server-4] ERROR c.d.c.p.s.d.DbDispatcherImpl:participant=sandbox tid:e6b916e69d91e3d3fd0b5ed1a07cce94 - INDEX_DB_SQL_NON_TRANSIENT_ERROR(4,e6b916e6): Processing the request failed due to a non-transient database error: Table "PACKAGES" not found (this database is empty); SQL statement:

      select packages.package_id, packages.source_description, packages.known_since, packages.package_size
      from packages
      where packages.ledger_offset <= ?
     [42104-210] err-context:{location=DatabaseSelfServiceError.scala:53} 
org.h2.jdbc.JdbcSQLSyntaxErrorException: Table "PACKAGES" not found (this database is empty); SQL statement:

      select packages.package_id, packages.source_description, packages.known_since, packages.package_size
      from packages
      where packages.ledger_offset <= ?
     [42104-210]
	at org.h2.message.DbException.getJdbcSQLException(DbException.java:521)
	at org.h2.message.DbException.getJdbcSQLException(DbException.java:496)
	at org.h2.message.DbException.get(DbException.java:227)
	at org.h2.message.DbException.get(DbException.java:203)
	at org.h2.command.Parser.getTableOrViewNotFoundDbException(Parser.java:8397)
	at org.h2.command.Parser.getTableOrViewNotFoundDbException(Parser.java:8381)
	at org.h2.command.Parser.readTableOrView(Parser.java:8370)
	at org.h2.command.Parser.readTablePrimary(Parser.java:1866)
	at org.h2.command.Parser.readTableReference(Parser.java:2342)
	at org.h2.command.Parser.parseSelectFromPart(Parser.java:2793)
	at org.h2.command.Parser.parseSelect(Parser.java:2900)
	at org.h2.command.Parser.parseQueryPrimary(Parser.java:2783)
	at org.h2.command.Parser.parseQueryTerm(Parser.java:2650)
	at org.h2.command.Parser.parseQueryExpressionBody(Parser.java:2629)
	at org.h2.command.Parser.parseQueryExpressionBodyAndEndOfQuery(Parser.java:2622)
	at org.h2.command.Parser.parseQueryExpression(Parser.java:2615)
	at org.h2.command.Parser.parseQuery(Parser.java:2576)
	at org.h2.command.Parser.parsePrepared(Parser.java:707)
	at org.h2.command.Parser.parse(Parser.java:674)
	at org.h2.command.Parser.parse(Parser.java:644)
	at org.h2.command.Parser.prepareCommand(Parser.java:551)
	at org.h2.engine.SessionLocal.prepareLocal(SessionLocal.java:615)
	at org.h2.engine.SessionLocal.prepareCommand(SessionLocal.java:553)
	at org.h2.jdbc.JdbcConnection.prepareCommand(JdbcConnection.java:1116)
	at org.h2.jdbc.JdbcPreparedStatement.<init>(JdbcPreparedStatement.java:92)
	at org.h2.jdbc.JdbcConnection.prepareStatement(JdbcConnection.java:288)
	at com.zaxxer.hikari.pool.ProxyConnection.prepareStatement(ProxyConnection.java:311)
	at com.zaxxer.hikari.pool.HikariProxyConnection.prepareStatement(HikariProxyConnection.java)
	at anorm.SimpleSql.$anonfun$prepareNoGeneratedKeys$1(SimpleSql.scala:55)
	at anorm.SimpleSql.unsafeStatement(SimpleSql.scala:85)
	at anorm.SimpleSql.unsafeStatement(SimpleSql.scala:68)
	at anorm.Sql.$anonfun$preparedStatement$1(Anorm.scala:77)
	at resource.DefaultManagedResource.open(AbstractManagedResource.scala:107)
	at resource.AbstractManagedResource.acquireFor(AbstractManagedResource.scala:84)
	at resource.ManagedResourceOperations$$anon$1.acquireFor(ManagedResourceOperations.scala:47)
	at resource.DeferredExtractableManagedResource.acquireFor(AbstractManagedResource.scala:25)
	at resource.ManagedResourceOperations.apply(ManagedResourceOperations.scala:31)
	at resource.ManagedResourceOperations.apply$(ManagedResourceOperations.scala:31)
	at resource.DeferredExtractableManagedResource.apply(AbstractManagedResource.scala:22)
	at resource.ManagedResourceOperations.acquireAndGet(ManagedResourceOperations.scala:29)
	at resource.ManagedResourceOperations.acquireAndGet$(ManagedResourceOperations.scala:29)
	at resource.DeferredExtractableManagedResource.acquireAndGet(AbstractManagedResource.scala:22)
	at anorm.Sql$.$anonfun$asTry$1(Anorm.scala:263)
	at scala.util.Try$.apply(Try.scala:210)
	at anorm.Sql$.asTry(Anorm.scala:263)
	at anorm.WithResult.asTry(SqlResult.scala:215)
	at anorm.WithResult.asTry$(SqlResult.scala:213)
	at anorm.SimpleSql.asTry(SimpleSql.scala:6)
	at anorm.WithResult.as(SqlResult.scala:205)
	at anorm.WithResult.as$(SqlResult.scala:204)
	at anorm.SimpleSql.as(SimpleSql.scala:6)
	at com.digitalasset.canton.platform.store.backend.common.PackageStorageBackendTemplate.lfPackages(PackageStorageBackendTemplate.scala:54)
	at com.digitalasset.canton.platform.store.dao.JdbcLedgerDao.$anonfun$listLfPackages$1(JdbcLedgerDao.scala:311)
	at com.digitalasset.canton.platform.store.dao.DataSourceConnectionProvider$$anon$1.$anonfun$runSQL$1(HikariJdbcConnectionProvider.scala:80)
	at com.daml.metrics.api.opentelemetry.OpenTelemetryTimer.time(OpenTelemetryMetricsFactory.scala:180)
	at com.daml.metrics.Timed$.value(Timed.scala:18)
	at com.digitalasset.canton.platform.store.dao.DataSourceConnectionProvider$$anon$1.runSQL(HikariJdbcConnectionProvider.scala:80)
	at com.digitalasset.canton.platform.store.dao.DbDispatcherImpl.$anonfun$executeSql$2(DbDispatcher.scala:87)
	at scala.concurrent.Future$.$anonfun$apply$1(Future.scala:687)
	at scala.concurrent.impl.Promise$Transformation.run(Promise.scala:467)
	at com.daml.executors.QueueAwareExecutorService$TrackingRunnable.run(QueueAwareExecutorService.scala:98)
	at com.daml.metrics.InstrumentedExecutorServiceMetrics$InstrumentedExecutorService$InstrumentedRunnable.run(InstrumentedExecutorServiceMetrics.scala:202)
	at java.base/java.util.concurrent.ThreadPoolExecutor.runWorker(ThreadPoolExecutor.java:1136)
	at java.base/java.util.concurrent.ThreadPoolExecutor$Worker.run(ThreadPoolExecutor.java:635)
	at java.base/java.lang.Thread.run(Thread.java:840)
2026-01-20 15:16:39,499 [daml.index.db.threadpool.connection.api-server-3] DEBUG c.d.c.n.g.ApiRequestLogger:participant=participant1 tid:8b1edcf1c7f23db293baa9ff90f4a8b7 - Request c.d.l.a.v.PackageService/GetPackageStatus by /127.0.0.1:50290: received a message 
  Request tid:8b1edcf1c7f23db293baa9ff90f4a8b7
2026-01-20 15:16:39,500 [canton-env-ec-96] INFO  c.d.c.p.a.s.ApiPackageService:participant=participant1 tid:8b1edcf1c7f23db293baa9ff90f4a8b7 - Received request for a package status: GetPackageStatusRequest(participant1,5921708ce82f4255deb1b26d2c05358b548720938a5a325718dc69f381ba47ff), packageId -> '5921708ce82f4255deb1b26d2c05358b548720938a5a325718dc69f381ba47ff'.
2026-01-20 15:16:39,508 [daml.index.db.threadpool.connection.api-server-3] ERROR c.d.c.p.s.d.DbDispatcherImpl:participant=participant1 tid:8b1edcf1c7f23db293baa9ff90f4a8b7 - INDEX_DB_SQL_NON_TRANSIENT_ERROR(4,8b1edcf1): Processing the request failed due to a non-transient database error: Table "PACKAGES" not found (this database is empty); SQL statement:

      select packages.package_id, packages.source_description, packages.known_since, packages.package_size
      from packages
      where packages.ledger_offset <= ?
     [42104-210] err-context:{location=DatabaseSelfServiceError.scala:53} 
org.h2.jdbc.JdbcSQLSyntaxErrorException: Table "PACKAGES" not found (this database is empty); SQL statement:

      select packages.package_id, packages.source_description, packages.known_since, packages.package_size
      from packages
      where packages.ledger_offset <= ?
     [42104-210]
	at org.h2.message.DbException.getJdbcSQLException(DbException.java:521)
	at org.h2.message.DbException.getJdbcSQLException(DbException.java:496)
	at org.h2.message.DbException.get(DbException.java:227)
	at org.h2.message.DbException.get(DbException.java:203)
	at org.h2.command.Parser.getTableOrViewNotFoundDbException(Parser.java:8397)
	at org.h2.command.Parser.getTableOrViewNotFoundDbException(Parser.java:8381)
	at org.h2.command.Parser.readTableOrView(Parser.java:8370)
	at org.h2.command.Parser.readTablePrimary(Parser.java:1866)
	at org.h2.command.Parser.readTableReference(Parser.java:2342)
	at org.h2.command.Parser.parseSelectFromPart(Parser.java:2793)
	at org.h2.command.Parser.parseSelect(Parser.java:2900)
	at org.h2.command.Parser.parseQueryPrimary(Parser.java:2783)
	at org.h2.command.Parser.parseQueryTerm(Parser.java:2650)
	at org.h2.command.Parser.parseQueryExpressionBody(Parser.java:2629)
	at org.h2.command.Parser.parseQueryExpressionBodyAndEndOfQuery(Parser.java:2622)
	at org.h2.command.Parser.parseQueryExpression(Parser.java:2615)
	at org.h2.command.Parser.parseQuery(Parser.java:2576)
	at org.h2.command.Parser.parsePrepared(Parser.java:707)
	at org.h2.command.Parser.parse(Parser.java:674)
	at org.h2.command.Parser.parse(Parser.java:644)
	at org.h2.command.Parser.prepareCommand(Parser.java:551)
	at org.h2.engine.SessionLocal.prepareLocal(SessionLocal.java:615)
	at org.h2.engine.SessionLocal.prepareCommand(SessionLocal.java:553)
	at org.h2.jdbc.JdbcConnection.prepareCommand(JdbcConnection.java:1116)
	at org.h2.jdbc.JdbcPreparedStatement.<init>(JdbcPreparedStatement.java:92)
	at org.h2.jdbc.JdbcConnection.prepareStatement(JdbcConnection.java:288)
	at com.zaxxer.hikari.pool.ProxyConnection.prepareStatement(ProxyConnection.java:311)
	at com.zaxxer.hikari.pool.HikariProxyConnection.prepareStatement(HikariProxyConnection.java)
	at anorm.SimpleSql.$anonfun$prepareNoGeneratedKeys$1(SimpleSql.scala:55)
	at anorm.SimpleSql.unsafeStatement(SimpleSql.scala:85)
	at anorm.SimpleSql.unsafeStatement(SimpleSql.scala:68)
	at anorm.Sql.$anonfun$preparedStatement$1(Anorm.scala:77)
	at resource.DefaultManagedResource.open(AbstractManagedResource.scala:107)
	at resource.AbstractManagedResource.acquireFor(AbstractManagedResource.scala:84)
	at resource.ManagedResourceOperations$$anon$1.acquireFor(ManagedResourceOperations.scala:47)
	at resource.DeferredExtractableManagedResource.acquireFor(AbstractManagedResource.scala:25)
	at resource.ManagedResourceOperations.apply(ManagedResourceOperations.scala:31)
	at resource.ManagedResourceOperations.apply$(ManagedResourceOperations.scala:31)
	at resource.DeferredExtractableManagedResource.apply(AbstractManagedResource.scala:22)
	at resource.ManagedResourceOperations.acquireAndGet(ManagedResourceOperations.scala:29)
	at resource.ManagedResourceOperations.acquireAndGet$(ManagedResourceOperations.scala:29)
	at resource.DeferredExtractableManagedResource.acquireAndGet(AbstractManagedResource.scala:22)
	at anorm.Sql$.$anonfun$asTry$1(Anorm.scala:263)
	at scala.util.Try$.apply(Try.scala:210)
	at anorm.Sql$.asTry(Anorm.scala:263)
	at anorm.WithResult.asTry(SqlResult.scala:215)
	at anorm.WithResult.asTry$(SqlResult.scala:213)
	at anorm.SimpleSql.asTry(SimpleSql.scala:6)
	at anorm.WithResult.as(SqlResult.scala:205)
	at anorm.WithResult.as$(SqlResult.scala:204)
	at anorm.SimpleSql.as(SimpleSql.scala:6)
	at com.digitalasset.canton.platform.store.backend.common.PackageStorageBackendTemplate.lfPackages(PackageStorageBackendTemplate.scala:54)
	at com.digitalasset.canton.platform.store.dao.JdbcLedgerDao.$anonfun$listLfPackages$1(JdbcLedgerDao.scala:311)
	at com.digitalasset.canton.platform.store.dao.DataSourceConnectionProvider$$anon$1.$anonfun$runSQL$1(HikariJdbcConnectionProvider.scala:80)
	at com.daml.metrics.api.opentelemetry.OpenTelemetryTimer.time(OpenTelemetryMetricsFactory.scala:180)
	at com.daml.metrics.Timed$.value(Timed.scala:18)
	at com.digitalasset.canton.platform.store.dao.DataSourceConnectionProvider$$anon$1.runSQL(HikariJdbcConnectionProvider.scala:80)
	at com.digitalasset.canton.platform.store.dao.DbDispatcherImpl.$anonfun$executeSql$2(DbDispatcher.scala:87)
	at scala.concurrent.Future$.$anonfun$apply$1(Future.scala:687)
	at scala.concurrent.impl.Promise$Transformation.run(Promise.scala:467)
	at com.daml.executors.QueueAwareExecutorService$TrackingRunnable.run(QueueAwareExecutorService.scala:98)
	at com.daml.metrics.InstrumentedExecutorServiceMetrics$InstrumentedExecutorService$InstrumentedRunnable.run(InstrumentedExecutorServiceMetrics.scala:202)
	at java.base/java.util.concurrent.ThreadPoolExecutor.runWorker(ThreadPoolExecutor.java:1136)
	at java.base/java.util.concurrent.ThreadPoolExecutor$Worker.run(ThreadPoolExecutor.java:635)
	at java.base/java.lang.Thread.run(Thread.java:840)
2026-01-20 15:16:39,500 [daml.index.db.threadpool.connection.api-server-2] DEBUG c.d.c.n.g.ApiRequestLogger:participant=participant1 tid:c1f678578e2349a2b369d693e276ae87 - Request c.d.l.a.v.PackageService/GetPackageStatus by /127.0.0.1:50290: received a message 
  Request tid:c1f678578e2349a2b369d693e276ae87
2026-01-20 15:16:39,500 [canton-env-ec-32] INFO  c.d.c.p.a.s.ApiPackageService:participant=participant1 tid:c1f678578e2349a2b369d693e276ae87 - Received request for a package status: GetPackageStatusRequest(participant1,6c2c0667393c5f92f1885163068cd31800d2264eb088eb6fc740e11241b2bf06), packageId -> '6c2c0667393c5f92f1885163068cd31800d2264eb088eb6fc740e11241b2bf06'.
2026-01-20 15:16:39,508 [daml.index.db.threadpool.connection.api-server-2] ERROR c.d.c.p.s.d.DbDispatcherImpl:participant=participant1 tid:c1f678578e2349a2b369d693e276ae87 - INDEX_DB_SQL_NON_TRANSIENT_ERROR(4,c1f67857): Processing the request failed due to a non-transient database error: Table "PACKAGES" not found (this database is empty); SQL statement:

      select packages.package_id, packages.source_description, packages.known_since, packages.package_size
      from packages
      where packages.ledger_offset <= ?
     [42104-210] err-context:{location=DatabaseSelfServiceError.scala:53} 
org.h2.jdbc.JdbcSQLSyntaxErrorException: Table "PACKAGES" not found (this database is empty); SQL statement:

      select packages.package_id, packages.source_description, packages.known_since, packages.package_size
      from packages
      where packages.ledger_offset <= ?
     [42104-210]
	at org.h2.message.DbException.getJdbcSQLException(DbException.java:521)
	at org.h2.message.DbException.getJdbcSQLException(DbException.java:496)
	at org.h2.message.DbException.get(DbException.java:227)
	at org.h2.message.DbException.get(DbException.java:203)
	at org.h2.command.Parser.getTableOrViewNotFoundDbException(Parser.java:8397)
	at org.h2.command.Parser.getTableOrViewNotFoundDbException(Parser.java:8381)
	at org.h2.command.Parser.readTableOrView(Parser.java:8370)
	at org.h2.command.Parser.readTablePrimary(Parser.java:1866)
	at org.h2.command.Parser.readTableReference(Parser.java:2342)
	at org.h2.command.Parser.parseSelectFromPart(Parser.java:2793)
	at org.h2.command.Parser.parseSelect(Parser.java:2900)
	at org.h2.command.Parser.parseQueryPrimary(Parser.java:2783)
	at org.h2.command.Parser.parseQueryTerm(Parser.java:2650)
	at org.h2.command.Parser.parseQueryExpressionBody(Parser.java:2629)
	at org.h2.command.Parser.parseQueryExpressionBodyAndEndOfQuery(Parser.java:2622)
	at org.h2.command.Parser.parseQueryExpression(Parser.java:2615)
	at org.h2.command.Parser.parseQuery(Parser.java:2576)
	at org.h2.command.Parser.parsePrepared(Parser.java:707)
	at org.h2.command.Parser.parse(Parser.java:674)
	at org.h2.command.Parser.parse(Parser.java:644)
	at org.h2.command.Parser.prepareCommand(Parser.java:551)
	at org.h2.engine.SessionLocal.prepareLocal(SessionLocal.java:615)
	at org.h2.engine.SessionLocal.prepareCommand(SessionLocal.java:553)
	at org.h2.jdbc.JdbcConnection.prepareCommand(JdbcConnection.java:1116)
	at org.h2.jdbc.JdbcPreparedStatement.<init>(JdbcPreparedStatement.java:92)
	at org.h2.jdbc.JdbcConnection.prepareStatement(JdbcConnection.java:288)
	at com.zaxxer.hikari.pool.ProxyConnection.prepareStatement(ProxyConnection.java:311)
	at com.zaxxer.hikari.pool.HikariProxyConnection.prepareStatement(HikariProxyConnection.java)
	at anorm.SimpleSql.$anonfun$prepareNoGeneratedKeys$1(SimpleSql.scala:55)
	at anorm.SimpleSql.unsafeStatement(SimpleSql.scala:85)
	at anorm.SimpleSql.unsafeStatement(SimpleSql.scala:68)
	at anorm.Sql.$anonfun$preparedStatement$1(Anorm.scala:77)
	at resource.DefaultManagedResource.open(AbstractManagedResource.scala:107)
	at resource.AbstractManagedResource.acquireFor(AbstractManagedResource.scala:84)
	at resource.ManagedResourceOperations$$anon$1.acquireFor(ManagedResourceOperations.scala:47)
	at resource.DeferredExtractableManagedResource.acquireFor(AbstractManagedResource.scala:25)
	at resource.ManagedResourceOperations.apply(ManagedResourceOperations.scala:31)
	at resource.ManagedResourceOperations.apply$(ManagedResourceOperations.scala:31)
	at resource.DeferredExtractableManagedResource.apply(AbstractManagedResource.scala:22)
	at resource.ManagedResourceOperations.acquireAndGet(ManagedResourceOperations.scala:29)
	at resource.ManagedResourceOperations.acquireAndGet$(ManagedResourceOperations.scala:29)
	at resource.DeferredExtractableManagedResource.acquireAndGet(AbstractManagedResource.scala:22)
	at anorm.Sql$.$anonfun$asTry$1(Anorm.scala:263)
	at scala.util.Try$.apply(Try.scala:210)
	at anorm.Sql$.asTry(Anorm.scala:263)
	at anorm.WithResult.asTry(SqlResult.scala:215)
	at anorm.WithResult.asTry$(SqlResult.scala:213)
	at anorm.SimpleSql.asTry(SimpleSql.scala:6)
	at anorm.WithResult.as(SqlResult.scala:205)
	at anorm.WithResult.as$(SqlResult.scala:204)
	at anorm.SimpleSql.as(SimpleSql.scala:6)
	at com.digitalasset.canton.platform.store.backend.common.PackageStorageBackendTemplate.lfPackages(PackageStorageBackendTemplate.scala:54)
	at com.digitalasset.canton.platform.store.dao.JdbcLedgerDao.$anonfun$listLfPackages$1(JdbcLedgerDao.scala:311)
	at com.digitalasset.canton.platform.store.dao.DataSourceConnectionProvider$$anon$1.$anonfun$runSQL$1(HikariJdbcConnectionProvider.scala:80)
	at com.daml.metrics.api.opentelemetry.OpenTelemetryTimer.time(OpenTelemetryMetricsFactory.scala:180)
	at com.daml.metrics.Timed$.value(Timed.scala:18)
	at com.digitalasset.canton.platform.store.dao.DataSourceConnectionProvider$$anon$1.runSQL(HikariJdbcConnectionProvider.scala:80)
	at com.digitalasset.canton.platform.store.dao.DbDispatcherImpl.$anonfun$executeSql$2(DbDispatcher.scala:87)
	at scala.concurrent.Future$.$anonfun$apply$1(Future.scala:687)
	at scala.concurrent.impl.Promise$Transformation.run(Promise.scala:467)
	at com.daml.executors.QueueAwareExecutorService$TrackingRunnable.run(QueueAwareExecutorService.scala:98)
	at com.daml.metrics.InstrumentedExecutorServiceMetrics$InstrumentedExecutorService$InstrumentedRunnable.run(InstrumentedExecutorServiceMetrics.scala:202)
	at java.base/java.util.concurrent.ThreadPoolExecutor.runWorker(ThreadPoolExecutor.java:1136)
	at java.base/java.util.concurrent.ThreadPoolExecutor$Worker.run(ThreadPoolExecutor.java:635)
	at java.base/java.lang.Thread.run(Thread.java:840)
2026-01-20 15:16:39,499 [daml.index.db.threadpool.connection.api-server-4] DEBUG c.d.c.n.g.ApiRequestLogger:participant=participant1 tid:faad9a1a55e378757ff737bbe0f7c43f - Request c.d.l.a.v.PackageService/GetPackageStatus by /127.0.0.1:50290: received a message 
  Request tid:faad9a1a55e378757ff737bbe0f7c43f
2026-01-20 15:16:39,500 [canton-env-ec-27] INFO  c.d.c.p.a.s.ApiPackageService:participant=participant1 tid:faad9a1a55e378757ff737bbe0f7c43f - Received request for a package status: GetPackageStatusRequest(participant1,86828b9843465f419db1ef8a8ee741d1eef645df02375ebf509cdc8c3ddd16cb), packageId -> '86828b9843465f419db1ef8a8ee741d1eef645df02375ebf509cdc8c3ddd16cb'.
2026-01-20 15:16:39,508 [daml.index.db.threadpool.connection.api-server-4] ERROR c.d.c.p.s.d.DbDispatcherImpl:participant=participant1 tid:faad9a1a55e378757ff737bbe0f7c43f - INDEX_DB_SQL_NON_TRANSIENT_ERROR(4,faad9a1a): Processing the request failed due to a non-transient database error: Table "PACKAGES" not found (this database is empty); SQL statement:

      select packages.package_id, packages.source_description, packages.known_since, packages.package_size
      from packages
      where packages.ledger_offset <= ?
     [42104-210] err-context:{location=DatabaseSelfServiceError.scala:53} 
org.h2.jdbc.JdbcSQLSyntaxErrorException: Table "PACKAGES" not found (this database is empty); SQL statement:

      select packages.package_id, packages.source_description, packages.known_since, packages.package_size
      from packages
      where packages.ledger_offset <= ?
     [42104-210]
	at org.h2.message.DbException.getJdbcSQLException(DbException.java:521)
	at org.h2.message.DbException.getJdbcSQLException(DbException.java:496)
	at org.h2.message.DbException.get(DbException.java:227)
	at org.h2.message.DbException.get(DbException.java:203)
	at org.h2.command.Parser.getTableOrViewNotFoundDbException(Parser.java:8397)
	at org.h2.command.Parser.getTableOrViewNotFoundDbException(Parser.java:8381)
	at org.h2.command.Parser.readTableOrView(Parser.java:8370)
	at org.h2.command.Parser.readTablePrimary(Parser.java:1866)
	at org.h2.command.Parser.readTableReference(Parser.java:2342)
	at org.h2.command.Parser.parseSelectFromPart(Parser.java:2793)
	at org.h2.command.Parser.parseSelect(Parser.java:2900)
	at org.h2.command.Parser.parseQueryPrimary(Parser.java:2783)
	at org.h2.command.Parser.parseQueryTerm(Parser.java:2650)
	at org.h2.command.Parser.parseQueryExpressionBody(Parser.java:2629)
	at org.h2.command.Parser.parseQueryExpressionBodyAndEndOfQuery(Parser.java:2622)
	at org.h2.command.Parser.parseQueryExpression(Parser.java:2615)
	at org.h2.command.Parser.parseQuery(Parser.java:2576)
	at org.h2.command.Parser.parsePrepared(Parser.java:707)
	at org.h2.command.Parser.parse(Parser.java:674)
	at org.h2.command.Parser.parse(Parser.java:644)
	at org.h2.command.Parser.prepareCommand(Parser.java:551)
	at org.h2.engine.SessionLocal.prepareLocal(SessionLocal.java:615)
	at org.h2.engine.SessionLocal.prepareCommand(SessionLocal.java:553)
	at org.h2.jdbc.JdbcConnection.prepareCommand(JdbcConnection.java:1116)
	at org.h2.jdbc.JdbcPreparedStatement.<init>(JdbcPreparedStatement.java:92)
	at org.h2.jdbc.JdbcConnection.prepareStatement(JdbcConnection.java:288)
	at com.zaxxer.hikari.pool.ProxyConnection.prepareStatement(ProxyConnection.java:311)
	at com.zaxxer.hikari.pool.HikariProxyConnection.prepareStatement(HikariProxyConnection.java)
	at anorm.SimpleSql.$anonfun$prepareNoGeneratedKeys$1(SimpleSql.scala:55)
	at anorm.SimpleSql.unsafeStatement(SimpleSql.scala:85)
	at anorm.SimpleSql.unsafeStatement(SimpleSql.scala:68)
	at anorm.Sql.$anonfun$preparedStatement$1(Anorm.scala:77)
	at resource.DefaultManagedResource.open(AbstractManagedResource.scala:107)
	at resource.AbstractManagedResource.acquireFor(AbstractManagedResource.scala:84)
	at resource.ManagedResourceOperations$$anon$1.acquireFor(ManagedResourceOperations.scala:47)
	at resource.DeferredExtractableManagedResource.acquireFor(AbstractManagedResource.scala:25)
	at resource.ManagedResourceOperations.apply(ManagedResourceOperations.scala:31)
	at resource.ManagedResourceOperations.apply$(ManagedResourceOperations.scala:31)
	at resource.DeferredExtractableManagedResource.apply(AbstractManagedResource.scala:22)
	at resource.ManagedResourceOperations.acquireAndGet(ManagedResourceOperations.scala:29)
	at resource.ManagedResourceOperations.acquireAndGet$(ManagedResourceOperations.scala:29)
	at resource.DeferredExtractableManagedResource.acquireAndGet(AbstractManagedResource.scala:22)
	at anorm.Sql$.$anonfun$asTry$1(Anorm.scala:263)
	at scala.util.Try$.apply(Try.scala:210)
	at anorm.Sql$.asTry(Anorm.scala:263)
	at anorm.WithResult.asTry(SqlResult.scala:215)
	at anorm.WithResult.asTry$(SqlResult.scala:213)
	at anorm.SimpleSql.asTry(SimpleSql.scala:6)
	at anorm.WithResult.as(SqlResult.scala:205)
	at anorm.WithResult.as$(SqlResult.scala:204)
	at anorm.SimpleSql.as(SimpleSql.scala:6)
	at com.digitalasset.canton.platform.store.backend.common.PackageStorageBackendTemplate.lfPackages(PackageStorageBackendTemplate.scala:54)
	at com.digitalasset.canton.platform.store.dao.JdbcLedgerDao.$anonfun$listLfPackages$1(JdbcLedgerDao.scala:311)
	at com.digitalasset.canton.platform.store.dao.DataSourceConnectionProvider$$anon$1.$anonfun$runSQL$1(HikariJdbcConnectionProvider.scala:80)
	at com.daml.metrics.api.opentelemetry.OpenTelemetryTimer.time(OpenTelemetryMetricsFactory.scala:180)
	at com.daml.metrics.Timed$.value(Timed.scala:18)
	at com.digitalasset.canton.platform.store.dao.DataSourceConnectionProvider$$anon$1.runSQL(HikariJdbcConnectionProvider.scala:80)
	at com.digitalasset.canton.platform.store.dao.DbDispatcherImpl.$anonfun$executeSql$2(DbDispatcher.scala:87)
	at scala.concurrent.Future$.$anonfun$apply$1(Future.scala:687)
	at scala.concurrent.impl.Promise$Transformation.run(Promise.scala:467)
	at com.daml.executors.QueueAwareExecutorService$TrackingRunnable.run(QueueAwareExecutorService.scala:98)
	at com.daml.metrics.InstrumentedExecutorServiceMetrics$InstrumentedExecutorService$InstrumentedRunnable.run(InstrumentedExecutorServiceMetrics.scala:202)
	at java.base/java.util.concurrent.ThreadPoolExecutor.runWorker(ThreadPoolExecutor.java:1136)
	at java.base/java.util.concurrent.ThreadPoolExecutor$Worker.run(ThreadPoolExecutor.java:635)
	at java.base/java.lang.Thread.run(Thread.java:840)
2026-01-20 15:16:39,505 [daml.index.db.threadpool.connection.api-server-3] DEBUG c.d.c.n.g.ApiRequestLogger:participant=participant1 tid:67fd3137096ac8e62f591a548e6e5768 - Request c.d.l.a.v.PackageService/GetPackageStatus by /127.0.0.1:50290: received a message 
  Request tid:67fd3137096ac8e62f591a548e6e5768
2026-01-20 15:16:39,505 [canton-env-ec-111] INFO  c.d.c.p.a.s.ApiPackageService:participant=participant1 tid:67fd3137096ac8e62f591a548e6e5768 - Received request for a package status: GetPackageStatusRequest(participant1,65921e553a353588e950cbc87e98a127730e63295f7ad8d3adae952ef0133b3e), packageId -> '65921e553a353588e950cbc87e98a127730e63295f7ad8d3adae952ef0133b3e'.
2026-01-20 15:16:39,526 [daml.index.db.threadpool.connection.api-server-3] ERROR c.d.c.p.s.d.DbDispatcherImpl:participant=participant1 tid:67fd3137096ac8e62f591a548e6e5768 - INDEX_DB_SQL_NON_TRANSIENT_ERROR(4,67fd3137): Processing the request failed due to a non-transient database error: Table "PACKAGES" not found (this database is empty); SQL statement:

      select packages.package_id, packages.source_description, packages.known_since, packages.package_size
      from packages
      where packages.ledger_offset <= ?
     [42104-210] err-context:{location=DatabaseSelfServiceError.scala:53} 
org.h2.jdbc.JdbcSQLSyntaxErrorException: Table "PACKAGES" not found (this database is empty); SQL statement:

      select packages.package_id, packages.source_description, packages.known_since, packages.package_size
      from packages
      where packages.ledger_offset <= ?
     [42104-210]
	at org.h2.message.DbException.getJdbcSQLException(DbException.java:521)
	at org.h2.message.DbException.getJdbcSQLException(DbException.java:496)
	at org.h2.message.DbException.get(DbException.java:227)
	at org.h2.message.DbException.get(DbException.java:203)
	at org.h2.command.Parser.getTableOrViewNotFoundDbException(Parser.java:8397)
	at org.h2.command.Parser.getTableOrViewNotFoundDbException(Parser.java:8381)
	at org.h2.command.Parser.readTableOrView(Parser.java:8370)
	at org.h2.command.Parser.readTablePrimary(Parser.java:1866)
	at org.h2.command.Parser.readTableReference(Parser.java:2342)
	at org.h2.command.Parser.parseSelectFromPart(Parser.java:2793)
	at org.h2.command.Parser.parseSelect(Parser.java:2900)
	at org.h2.command.Parser.parseQueryPrimary(Parser.java:2783)
	at org.h2.command.Parser.parseQueryTerm(Parser.java:2650)
	at org.h2.command.Parser.parseQueryExpressionBody(Parser.java:2629)
	at org.h2.command.Parser.parseQueryExpressionBodyAndEndOfQuery(Parser.java:2622)
	at org.h2.command.Parser.parseQueryExpression(Parser.java:2615)
	at org.h2.command.Parser.parseQuery(Parser.java:2576)
	at org.h2.command.Parser.parsePrepared(Parser.java:707)
	at org.h2.command.Parser.parse(Parser.java:674)
	at org.h2.command.Parser.parse(Parser.java:644)
	at org.h2.command.Parser.prepareCommand(Parser.java:551)
	at org.h2.engine.SessionLocal.prepareLocal(SessionLocal.java:615)
	at org.h2.engine.SessionLocal.prepareCommand(SessionLocal.java:553)
	at org.h2.jdbc.JdbcConnection.prepareCommand(JdbcConnection.java:1116)
	at org.h2.jdbc.JdbcPreparedStatement.<init>(JdbcPreparedStatement.java:92)
	at org.h2.jdbc.JdbcConnection.prepareStatement(JdbcConnection.java:288)
	at com.zaxxer.hikari.pool.ProxyConnection.prepareStatement(ProxyConnection.java:311)
	at com.zaxxer.hikari.pool.HikariProxyConnection.prepareStatement(HikariProxyConnection.java)
	at anorm.SimpleSql.$anonfun$prepareNoGeneratedKeys$1(SimpleSql.scala:55)
	at anorm.SimpleSql.unsafeStatement(SimpleSql.scala:85)
	at anorm.SimpleSql.unsafeStatement(SimpleSql.scala:68)
	at anorm.Sql.$anonfun$preparedStatement$1(Anorm.scala:77)
	at resource.DefaultManagedResource.open(AbstractManagedResource.scala:107)
	at resource.AbstractManagedResource.acquireFor(AbstractManagedResource.scala:84)
	at resource.ManagedResourceOperations$$anon$1.acquireFor(ManagedResourceOperations.scala:47)
	at resource.DeferredExtractableManagedResource.acquireFor(AbstractManagedResource.scala:25)
	at resource.ManagedResourceOperations.apply(ManagedResourceOperations.scala:31)
	at resource.ManagedResourceOperations.apply$(ManagedResourceOperations.scala:31)
	at resource.DeferredExtractableManagedResource.apply(AbstractManagedResource.scala:22)
	at resource.ManagedResourceOperations.acquireAndGet(ManagedResourceOperations.scala:29)
	at resource.ManagedResourceOperations.acquireAndGet$(ManagedResourceOperations.scala:29)
	at resource.DeferredExtractableManagedResource.acquireAndGet(AbstractManagedResource.scala:22)
	at anorm.Sql$.$anonfun$asTry$1(Anorm.scala:263)
	at scala.util.Try$.apply(Try.scala:210)
	at anorm.Sql$.asTry(Anorm.scala:263)
	at anorm.WithResult.asTry(SqlResult.scala:215)
	at anorm.WithResult.asTry$(SqlResult.scala:213)
	at anorm.SimpleSql.asTry(SimpleSql.scala:6)
	at anorm.WithResult.as(SqlResult.scala:205)
	at anorm.WithResult.as$(SqlResult.scala:204)
	at anorm.SimpleSql.as(SimpleSql.scala:6)
	at com.digitalasset.canton.platform.store.backend.common.PackageStorageBackendTemplate.lfPackages(PackageStorageBackendTemplate.scala:54)
	at com.digitalasset.canton.platform.store.dao.JdbcLedgerDao.$anonfun$listLfPackages$1(JdbcLedgerDao.scala:311)
	at com.digitalasset.canton.platform.store.dao.DataSourceConnectionProvider$$anon$1.$anonfun$runSQL$1(HikariJdbcConnectionProvider.scala:80)
	at com.daml.metrics.api.opentelemetry.OpenTelemetryTimer.time(OpenTelemetryMetricsFactory.scala:180)
	at com.daml.metrics.Timed$.value(Timed.scala:18)
	at com.digitalasset.canton.platform.store.dao.DataSourceConnectionProvider$$anon$1.runSQL(HikariJdbcConnectionProvider.scala:80)
	at com.digitalasset.canton.platform.store.dao.DbDispatcherImpl.$anonfun$executeSql$2(DbDispatcher.scala:87)
	at scala.concurrent.Future$.$anonfun$apply$1(Future.scala:687)
	at scala.concurrent.impl.Promise$Transformation.run(Promise.scala:467)
	at com.daml.executors.QueueAwareExecutorService$TrackingRunnable.run(QueueAwareExecutorService.scala:98)
	at com.daml.metrics.InstrumentedExecutorServiceMetrics$InstrumentedExecutorService$InstrumentedRunnable.run(InstrumentedExecutorServiceMetrics.scala:202)
	at java.base/java.util.concurrent.ThreadPoolExecutor.runWorker(ThreadPoolExecutor.java:1136)
	at java.base/java.util.concurrent.ThreadPoolExecutor$Worker.run(ThreadPoolExecutor.java:635)
	at java.base/java.lang.Thread.run(Thread.java:840)
2026-01-20 15:16:39,528 [canton-env-ec-96] ERROR c.d.c.p.a.s.ApiPackageService:participant=sandbox tid:e6b916e69d91e3d3fd0b5ed1a07cce94 - Unhandled internal error
com.digitalasset.canton.ledger.error.IndexErrors$IndexDbException: INTERNAL: An error occurred. Please contact the operator and inquire about the request e6b916e69d91e3d3fd0b5ed1a07cce94 with tid e6b916e69d91e3d3fd0b5ed1a07cce94
2026-01-20 15:16:39,531 [canton-env-ec-96] ERROR c.d.c.n.g.ApiRequestLogger:participant=sandbox tid:e6b916e69d91e3d3fd0b5ed1a07cce94 - Request c.d.l.a.v.PackageService/GetPackageStatus by /127.0.0.1:50289: failed with INTERNAL/An error occurred. Please contact the operator and inquire about the request e6b916e69d91e3d3fd0b5ed1a07cce94 with tid e6b916e69d91e3d3fd0b5ed1a07cce94
2026-01-20 15:16:39,528 [canton-env-ec-113] ERROR c.d.c.p.a.s.ApiPackageService:participant=sandbox tid:d858e5ccece04c38ccdea9c3e3c1e94c - Unhandled internal error
com.digitalasset.canton.ledger.error.IndexErrors$IndexDbException: INTERNAL: An error occurred. Please contact the operator and inquire about the request d858e5ccece04c38ccdea9c3e3c1e94c with tid d858e5ccece04c38ccdea9c3e3c1e94c
2026-01-20 15:16:39,528 [canton-env-ec-110] ERROR c.d.c.p.a.s.ApiPackageService:participant=sandbox tid:0e83cb104634c25fd735e0189fb031bf - Unhandled internal error
com.digitalasset.canton.ledger.error.IndexErrors$IndexDbException: INTERNAL: An error occurred. Please contact the operator and inquire about the request 0e83cb104634c25fd735e0189fb031bf with tid 0e83cb104634c25fd735e0189fb031bf
2026-01-20 15:16:39,528 [canton-env-ec-30] ERROR c.d.c.p.a.s.ApiPackageService:participant=participant1 tid:faad9a1a55e378757ff737bbe0f7c43f - Unhandled internal error
com.digitalasset.canton.ledger.error.IndexErrors$IndexDbException: INTERNAL: An error occurred. Please contact the operator and inquire about the request faad9a1a55e378757ff737bbe0f7c43f with tid faad9a1a55e378757ff737bbe0f7c43f
2026-01-20 15:16:39,533 [canton-env-ec-30] ERROR c.d.c.n.g.ApiRequestLogger:participant=participant1 tid:faad9a1a55e378757ff737bbe0f7c43f - Request c.d.l.a.v.PackageService/GetPackageStatus by /127.0.0.1:50290: failed with INTERNAL/An error occurred. Please contact the operator and inquire about the request faad9a1a55e378757ff737bbe0f7c43f with tid faad9a1a55e378757ff737bbe0f7c43f
2026-01-20 15:16:39,528 [canton-env-ec-123] ERROR c.d.c.p.a.s.ApiPackageService:participant=participant1 tid:8b1edcf1c7f23db293baa9ff90f4a8b7 - Unhandled internal error
com.digitalasset.canton.ledger.error.IndexErrors$IndexDbException: INTERNAL: An error occurred. Please contact the operator and inquire about the request 8b1edcf1c7f23db293baa9ff90f4a8b7 with tid 8b1edcf1c7f23db293baa9ff90f4a8b7
2026-01-20 15:16:39,527 [canton-env-ec-20] ERROR c.d.c.p.a.s.ApiPackageService:participant=sandbox tid:0912706a64b69b97063e239e89f0e020 - Unhandled internal error
com.digitalasset.canton.ledger.error.IndexErrors$IndexDbException: INTERNAL: An error occurred. Please contact the operator and inquire about the request 0912706a64b69b97063e239e89f0e020 with tid 0912706a64b69b97063e239e89f0e020
2026-01-20 15:16:39,527 [canton-env-ec-32] ERROR c.d.c.p.a.s.ApiPackageService:participant=participant1 tid:200aa9fdce32a874cdade4d23d31a8fd - Unhandled internal error
com.digitalasset.canton.ledger.error.IndexErrors$IndexDbException: INTERNAL: An error occurred. Please contact the operator and inquire about the request 200aa9fdce32a874cdade4d23d31a8fd with tid 200aa9fdce32a874cdade4d23d31a8fd
2026-01-20 15:16:39,535 [canton-env-ec-20] ERROR c.d.c.n.g.ApiRequestLogger:participant=sandbox tid:0912706a64b69b97063e239e89f0e020 - Request c.d.l.a.v.PackageService/GetPackageStatus by /127.0.0.1:50289: failed with INTERNAL/An error occurred. Please contact the operator and inquire about the request 0912706a64b69b97063e239e89f0e020 with tid 0912706a64b69b97063e239e89f0e020
2026-01-20 15:16:39,527 [canton-env-ec-105] ERROR c.d.c.p.a.s.ApiPackageService:participant=participant1 tid:d25dbbe96b430d7b2a3fcfb5b93de63f - Unhandled internal error
com.digitalasset.canton.ledger.error.IndexErrors$IndexDbException: INTERNAL: An error occurred. Please contact the operator and inquire about the request d25dbbe96b430d7b2a3fcfb5b93de63f with tid d25dbbe96b430d7b2a3fcfb5b93de63f
2026-01-20 15:16:39,535 [canton-env-ec-105] ERROR c.d.c.n.g.ApiRequestLogger:participant=participant1 tid:d25dbbe96b430d7b2a3fcfb5b93de63f - Request c.d.l.a.v.PackageService/GetPackageStatus by /127.0.0.1:50290: failed with INTERNAL/An error occurred. Please contact the operator and inquire about the request d25dbbe96b430d7b2a3fcfb5b93de63f with tid d25dbbe96b430d7b2a3fcfb5b93de63f
2026-01-20 15:16:39,527 [canton-env-ec-111] ERROR c.d.c.p.a.s.ApiPackageService:participant=sandbox tid:ce9e9de3fe390bc70635146e629539c9 - Unhandled internal error
com.digitalasset.canton.ledger.error.IndexErrors$IndexDbException: INTERNAL: An error occurred. Please contact the operator and inquire about the request ce9e9de3fe390bc70635146e629539c9 with tid ce9e9de3fe390bc70635146e629539c9
2026-01-20 15:16:39,536 [canton-env-ec-111] ERROR c.d.c.n.g.ApiRequestLogger:participant=sandbox tid:ce9e9de3fe390bc70635146e629539c9 - Request c.d.l.a.v.PackageService/GetPackageStatus by /127.0.0.1:50289: failed with INTERNAL/An error occurred. Please contact the operator and inquire about the request ce9e9de3fe390bc70635146e629539c9 with tid ce9e9de3fe390bc70635146e629539c9
2026-01-20 15:16:39,527 [canton-env-ec-28] ERROR c.d.c.p.a.s.ApiPackageService:participant=participant1 tid:c1f678578e2349a2b369d693e276ae87 - Unhandled internal error
com.digitalasset.canton.ledger.error.IndexErrors$IndexDbException: INTERNAL: An error occurred. Please contact the operator and inquire about the request c1f678578e2349a2b369d693e276ae87 with tid c1f678578e2349a2b369d693e276ae87
2026-01-20 15:16:39,501 [daml.index.db.threadpool.connection.api-server-3] DEBUG c.d.c.n.g.ApiRequestLogger:participant=sandbox tid:0550b9f07b03e5cf34bd4b4ba0975fc3 - Request c.d.l.a.v.PackageService/GetPackageStatus by /127.0.0.1:50289: received a message 
  Request tid:0550b9f07b03e5cf34bd4b4ba0975fc3
2026-01-20 15:16:39,507 [canton-env-ec-106] INFO  c.d.c.p.a.s.ApiPackageService:participant=sandbox tid:0550b9f07b03e5cf34bd4b4ba0975fc3 - Received request for a package status: GetPackageStatusRequest(sandbox,99a2705ed38c1c26cbb8fe7acf36bbf626668e167a33335de932599219e0a235), packageId -> '99a2705ed38c1c26cbb8fe7acf36bbf626668e167a33335de932599219e0a235'.
2026-01-20 15:16:39,527 [daml.index.db.threadpool.connection.api-server-3] ERROR c.d.c.p.s.d.DbDispatcherImpl:participant=sandbox tid:0550b9f07b03e5cf34bd4b4ba0975fc3 - INDEX_DB_SQL_NON_TRANSIENT_ERROR(4,0550b9f0): Processing the request failed due to a non-transient database error: Table "PACKAGES" not found (this database is empty); SQL statement:

      select packages.package_id, packages.source_description, packages.known_since, packages.package_size
      from packages
      where packages.ledger_offset <= ?
     [42104-210] err-context:{location=DatabaseSelfServiceError.scala:53} 
org.h2.jdbc.JdbcSQLSyntaxErrorException: Table "PACKAGES" not found (this database is empty); SQL statement:

      select packages.package_id, packages.source_description, packages.known_since, packages.package_size
      from packages
      where packages.ledger_offset <= ?
     [42104-210]
	at org.h2.message.DbException.getJdbcSQLException(DbException.java:521)
	at org.h2.message.DbException.getJdbcSQLException(DbException.java:496)
	at org.h2.message.DbException.get(DbException.java:227)
	at org.h2.message.DbException.get(DbException.java:203)
	at org.h2.command.Parser.getTableOrViewNotFoundDbException(Parser.java:8397)
	at org.h2.command.Parser.getTableOrViewNotFoundDbException(Parser.java:8381)
	at org.h2.command.Parser.readTableOrView(Parser.java:8370)
	at org.h2.command.Parser.readTablePrimary(Parser.java:1866)
	at org.h2.command.Parser.readTableReference(Parser.java:2342)
	at org.h2.command.Parser.parseSelectFromPart(Parser.java:2793)
	at org.h2.command.Parser.parseSelect(Parser.java:2900)
	at org.h2.command.Parser.parseQueryPrimary(Parser.java:2783)
	at org.h2.command.Parser.parseQueryTerm(Parser.java:2650)
	at org.h2.command.Parser.parseQueryExpressionBody(Parser.java:2629)
	at org.h2.command.Parser.parseQueryExpressionBodyAndEndOfQuery(Parser.java:2622)
	at org.h2.command.Parser.parseQueryExpression(Parser.java:2615)
	at org.h2.command.Parser.parseQuery(Parser.java:2576)
	at org.h2.command.Parser.parsePrepared(Parser.java:707)
	at org.h2.command.Parser.parse(Parser.java:674)
	at org.h2.command.Parser.parse(Parser.java:644)
	at org.h2.command.Parser.prepareCommand(Parser.java:551)
	at org.h2.engine.SessionLocal.prepareLocal(SessionLocal.java:615)
	at org.h2.engine.SessionLocal.prepareCommand(SessionLocal.java:553)
	at org.h2.jdbc.JdbcConnection.prepareCommand(JdbcConnection.java:1116)
	at org.h2.jdbc.JdbcPreparedStatement.<init>(JdbcPreparedStatement.java:92)
	at org.h2.jdbc.JdbcConnection.prepareStatement(JdbcConnection.java:288)
	at com.zaxxer.hikari.pool.ProxyConnection.prepareStatement(ProxyConnection.java:311)
	at com.zaxxer.hikari.pool.HikariProxyConnection.prepareStatement(HikariProxyConnection.java)
	at anorm.SimpleSql.$anonfun$prepareNoGeneratedKeys$1(SimpleSql.scala:55)
	at anorm.SimpleSql.unsafeStatement(SimpleSql.scala:85)
	at anorm.SimpleSql.unsafeStatement(SimpleSql.scala:68)
	at anorm.Sql.$anonfun$preparedStatement$1(Anorm.scala:77)
	at resource.DefaultManagedResource.open(AbstractManagedResource.scala:107)
	at resource.AbstractManagedResource.acquireFor(AbstractManagedResource.scala:84)
	at resource.ManagedResourceOperations$$anon$1.acquireFor(ManagedResourceOperations.scala:47)
	at resource.DeferredExtractableManagedResource.acquireFor(AbstractManagedResource.scala:25)
	at resource.ManagedResourceOperations.apply(ManagedResourceOperations.scala:31)
	at resource.ManagedResourceOperations.apply$(ManagedResourceOperations.scala:31)
	at resource.DeferredExtractableManagedResource.apply(AbstractManagedResource.scala:22)
	at resource.ManagedResourceOperations.acquireAndGet(ManagedResourceOperations.scala:29)
	at resource.ManagedResourceOperations.acquireAndGet$(ManagedResourceOperations.scala:29)
	at resource.DeferredExtractableManagedResource.acquireAndGet(AbstractManagedResource.scala:22)
	at anorm.Sql$.$anonfun$asTry$1(Anorm.scala:263)
	at scala.util.Try$.apply(Try.scala:210)
	at anorm.Sql$.asTry(Anorm.scala:263)
	at anorm.WithResult.asTry(SqlResult.scala:215)
	at anorm.WithResult.asTry$(SqlResult.scala:213)
	at anorm.SimpleSql.asTry(SimpleSql.scala:6)
	at anorm.WithResult.as(SqlResult.scala:205)
	at anorm.WithResult.as$(SqlResult.scala:204)
	at anorm.SimpleSql.as(SimpleSql.scala:6)
	at com.digitalasset.canton.platform.store.backend.common.PackageStorageBackendTemplate.lfPackages(PackageStorageBackendTemplate.scala:54)
	at com.digitalasset.canton.platform.store.dao.JdbcLedgerDao.$anonfun$listLfPackages$1(JdbcLedgerDao.scala:311)
	at com.digitalasset.canton.platform.store.dao.DataSourceConnectionProvider$$anon$1.$anonfun$runSQL$1(HikariJdbcConnectionProvider.scala:80)
	at com.daml.metrics.api.opentelemetry.OpenTelemetryTimer.time(OpenTelemetryMetricsFactory.scala:180)
	at com.daml.metrics.Timed$.value(Timed.scala:18)
	at com.digitalasset.canton.platform.store.dao.DataSourceConnectionProvider$$anon$1.runSQL(HikariJdbcConnectionProvider.scala:80)
	at com.digitalasset.canton.platform.store.dao.DbDispatcherImpl.$anonfun$executeSql$2(DbDispatcher.scala:87)
	at scala.concurrent.Future$.$anonfun$apply$1(Future.scala:687)
	at scala.concurrent.impl.Promise$Transformation.run(Promise.scala:467)
	at com.daml.executors.QueueAwareExecutorService$TrackingRunnable.run(QueueAwareExecutorService.scala:98)
	at com.daml.metrics.InstrumentedExecutorServiceMetrics$InstrumentedExecutorService$InstrumentedRunnable.run(InstrumentedExecutorServiceMetrics.scala:202)
	at java.base/java.util.concurrent.ThreadPoolExecutor.runWorker(ThreadPoolExecutor.java:1136)
	at java.base/java.util.concurrent.ThreadPoolExecutor$Worker.run(ThreadPoolExecutor.java:635)
	at java.base/java.lang.Thread.run(Thread.java:840)
2026-01-20 15:16:39,505 [daml.index.db.threadpool.connection.api-server-0] DEBUG c.d.c.n.g.ApiRequestLogger:participant=participant1 tid:68f4480ee86b218069b097b14c990009 - Request c.d.l.a.v.PackageService/GetPackageStatus by /127.0.0.1:50290: received a message 
  Request tid:68f4480ee86b218069b097b14c990009
2026-01-20 15:16:39,505 [canton-env-ec-111] INFO  c.d.c.p.a.s.ApiPackageService:participant=participant1 tid:68f4480ee86b218069b097b14c990009 - Received request for a package status: GetPackageStatusRequest(participant1,c1f1f00558799eec139fb4f4c76f95fb52fa1837a5dd29600baa1c8ed1bdccfd), packageId -> 'c1f1f00558799eec139fb4f4c76f95fb52fa1837a5dd29600baa1c8ed1bdccfd'.
2026-01-20 15:16:39,527 [daml.index.db.threadpool.connection.api-server-0] ERROR c.d.c.p.s.d.DbDispatcherImpl:participant=participant1 tid:68f4480ee86b218069b097b14c990009 - INDEX_DB_SQL_NON_TRANSIENT_ERROR(4,68f4480e): Processing the request failed due to a non-transient database error: Table "PACKAGES" not found (this database is empty); SQL statement:

      select packages.package_id, packages.source_description, packages.known_since, packages.package_size
      from packages
      where packages.ledger_offset <= ?
     [42104-210] err-context:{location=DatabaseSelfServiceError.scala:53} 
org.h2.jdbc.JdbcSQLSyntaxErrorException: Table "PACKAGES" not found (this database is empty); SQL statement:

      select packages.package_id, packages.source_description, packages.known_since, packages.package_size
      from packages
      where packages.ledger_offset <= ?
     [42104-210]
	at org.h2.message.DbException.getJdbcSQLException(DbException.java:521)
	at org.h2.message.DbException.getJdbcSQLException(DbException.java:496)
	at org.h2.message.DbException.get(DbException.java:227)
	at org.h2.message.DbException.get(DbException.java:203)
	at org.h2.command.Parser.getTableOrViewNotFoundDbException(Parser.java:8397)
	at org.h2.command.Parser.getTableOrViewNotFoundDbException(Parser.java:8381)
	at org.h2.command.Parser.readTableOrView(Parser.java:8370)
	at org.h2.command.Parser.readTablePrimary(Parser.java:1866)
	at org.h2.command.Parser.readTableReference(Parser.java:2342)
	at org.h2.command.Parser.parseSelectFromPart(Parser.java:2793)
	at org.h2.command.Parser.parseSelect(Parser.java:2900)
	at org.h2.command.Parser.parseQueryPrimary(Parser.java:2783)
	at org.h2.command.Parser.parseQueryTerm(Parser.java:2650)
	at org.h2.command.Parser.parseQueryExpressionBody(Parser.java:2629)
	at org.h2.command.Parser.parseQueryExpressionBodyAndEndOfQuery(Parser.java:2622)
	at org.h2.command.Parser.parseQueryExpression(Parser.java:2615)
	at org.h2.command.Parser.parseQuery(Parser.java:2576)
	at org.h2.command.Parser.parsePrepared(Parser.java:707)
	at org.h2.command.Parser.parse(Parser.java:674)
	at org.h2.command.Parser.parse(Parser.java:644)
	at org.h2.command.Parser.prepareCommand(Parser.java:551)
	at org.h2.engine.SessionLocal.prepareLocal(SessionLocal.java:615)
	at org.h2.engine.SessionLocal.prepareCommand(SessionLocal.java:553)
	at org.h2.jdbc.JdbcConnection.prepareCommand(JdbcConnection.java:1116)
	at org.h2.jdbc.JdbcPreparedStatement.<init>(JdbcPreparedStatement.java:92)
	at org.h2.jdbc.JdbcConnection.prepareStatement(JdbcConnection.java:288)
	at com.zaxxer.hikari.pool.ProxyConnection.prepareStatement(ProxyConnection.java:311)
	at com.zaxxer.hikari.pool.HikariProxyConnection.prepareStatement(HikariProxyConnection.java)
	at anorm.SimpleSql.$anonfun$prepareNoGeneratedKeys$1(SimpleSql.scala:55)
	at anorm.SimpleSql.unsafeStatement(SimpleSql.scala:85)
	at anorm.SimpleSql.unsafeStatement(SimpleSql.scala:68)
	at anorm.Sql.$anonfun$preparedStatement$1(Anorm.scala:77)
	at resource.DefaultManagedResource.open(AbstractManagedResource.scala:107)
	at resource.AbstractManagedResource.acquireFor(AbstractManagedResource.scala:84)
	at resource.ManagedResourceOperations$$anon$1.acquireFor(ManagedResourceOperations.scala:47)
	at resource.DeferredExtractableManagedResource.acquireFor(AbstractManagedResource.scala:25)
	at resource.ManagedResourceOperations.apply(ManagedResourceOperations.scala:31)
	at resource.ManagedResourceOperations.apply$(ManagedResourceOperations.scala:31)
	at resource.DeferredExtractableManagedResource.apply(AbstractManagedResource.scala:22)
	at resource.ManagedResourceOperations.acquireAndGet(ManagedResourceOperations.scala:29)
	at resource.ManagedResourceOperations.acquireAndGet$(ManagedResourceOperations.scala:29)
	at resource.DeferredExtractableManagedResource.acquireAndGet(AbstractManagedResource.scala:22)
	at anorm.Sql$.$anonfun$asTry$1(Anorm.scala:263)
	at scala.util.Try$.apply(Try.scala:210)
	at anorm.Sql$.asTry(Anorm.scala:263)
	at anorm.WithResult.asTry(SqlResult.scala:215)
	at anorm.WithResult.asTry$(SqlResult.scala:213)
	at anorm.SimpleSql.asTry(SimpleSql.scala:6)
	at anorm.WithResult.as(SqlResult.scala:205)
	at anorm.WithResult.as$(SqlResult.scala:204)
	at anorm.SimpleSql.as(SimpleSql.scala:6)
	at com.digitalasset.canton.platform.store.backend.common.PackageStorageBackendTemplate.lfPackages(PackageStorageBackendTemplate.scala:54)
	at com.digitalasset.canton.platform.store.dao.JdbcLedgerDao.$anonfun$listLfPackages$1(JdbcLedgerDao.scala:311)
	at com.digitalasset.canton.platform.store.dao.DataSourceConnectionProvider$$anon$1.$anonfun$runSQL$1(HikariJdbcConnectionProvider.scala:80)
	at com.daml.metrics.api.opentelemetry.OpenTelemetryTimer.time(OpenTelemetryMetricsFactory.scala:180)
	at com.daml.metrics.Timed$.value(Timed.scala:18)
	at com.digitalasset.canton.platform.store.dao.DataSourceConnectionProvider$$anon$1.runSQL(HikariJdbcConnectionProvider.scala:80)
	at com.digitalasset.canton.platform.store.dao.DbDispatcherImpl.$anonfun$executeSql$2(DbDispatcher.scala:87)
	at scala.concurrent.Future$.$anonfun$apply$1(Future.scala:687)
	at scala.concurrent.impl.Promise$Transformation.run(Promise.scala:467)
	at com.daml.executors.QueueAwareExecutorService$TrackingRunnable.run(QueueAwareExecutorService.scala:98)
	at com.daml.metrics.InstrumentedExecutorServiceMetrics$InstrumentedExecutorService$InstrumentedRunnable.run(InstrumentedExecutorServiceMetrics.scala:202)
	at java.base/java.util.concurrent.ThreadPoolExecutor.runWorker(ThreadPoolExecutor.java:1136)
	at java.base/java.util.concurrent.ThreadPoolExecutor$Worker.run(ThreadPoolExecutor.java:635)
	at java.base/java.lang.Thread.run(Thread.java:840)
2026-01-20 15:16:39,506 [daml.index.db.threadpool.connection.api-server-1] DEBUG c.d.c.n.g.ApiRequestLogger:participant=sandbox tid:f42decdb230fd5d4ce1702a9ca41afff - Request c.d.l.a.v.PackageService/GetPackageStatus by /127.0.0.1:50289: received a message 
  Request tid:f42decdb230fd5d4ce1702a9ca41afff
2026-01-20 15:16:39,506 [canton-env-ec-27] INFO  c.d.c.p.a.s.ApiPackageService:participant=sandbox tid:f42decdb230fd5d4ce1702a9ca41afff - Received request for a package status: GetPackageStatusRequest(sandbox,518032f41fd0175461b35ae0c9691e08b4aea55e62915f8360af2cc7a1f2ba6c), packageId -> '518032f41fd0175461b35ae0c9691e08b4aea55e62915f8360af2cc7a1f2ba6c'.
2026-01-20 15:16:39,527 [daml.index.db.threadpool.connection.api-server-1] ERROR c.d.c.p.s.d.DbDispatcherImpl:participant=sandbox tid:f42decdb230fd5d4ce1702a9ca41afff - INDEX_DB_SQL_NON_TRANSIENT_ERROR(4,f42decdb): Processing the request failed due to a non-transient database error: Table "PACKAGES" not found (this database is empty); SQL statement:

      select packages.package_id, packages.source_description, packages.known_since, packages.package_size
      from packages
      where packages.ledger_offset <= ?
     [42104-210] err-context:{location=DatabaseSelfServiceError.scala:53} 
org.h2.jdbc.JdbcSQLSyntaxErrorException: Table "PACKAGES" not found (this database is empty); SQL statement:

      select packages.package_id, packages.source_description, packages.known_since, packages.package_size
      from packages
      where packages.ledger_offset <= ?
     [42104-210]
	at org.h2.message.DbException.getJdbcSQLException(DbException.java:521)
	at org.h2.message.DbException.getJdbcSQLException(DbException.java:496)
	at org.h2.message.DbException.get(DbException.java:227)
	at org.h2.message.DbException.get(DbException.java:203)
	at org.h2.command.Parser.getTableOrViewNotFoundDbException(Parser.java:8397)
	at org.h2.command.Parser.getTableOrViewNotFoundDbException(Parser.java:8381)
	at org.h2.command.Parser.readTableOrView(Parser.java:8370)
	at org.h2.command.Parser.readTablePrimary(Parser.java:1866)
	at org.h2.command.Parser.readTableReference(Parser.java:2342)
	at org.h2.command.Parser.parseSelectFromPart(Parser.java:2793)
	at org.h2.command.Parser.parseSelect(Parser.java:2900)
	at org.h2.command.Parser.parseQueryPrimary(Parser.java:2783)
	at org.h2.command.Parser.parseQueryTerm(Parser.java:2650)
	at org.h2.command.Parser.parseQueryExpressionBody(Parser.java:2629)
	at org.h2.command.Parser.parseQueryExpressionBodyAndEndOfQuery(Parser.java:2622)
	at org.h2.command.Parser.parseQueryExpression(Parser.java:2615)
	at org.h2.command.Parser.parseQuery(Parser.java:2576)
	at org.h2.command.Parser.parsePrepared(Parser.java:707)
	at org.h2.command.Parser.parse(Parser.java:674)
	at org.h2.command.Parser.parse(Parser.java:644)
	at org.h2.command.Parser.prepareCommand(Parser.java:551)
	at org.h2.engine.SessionLocal.prepareLocal(SessionLocal.java:615)
	at org.h2.engine.SessionLocal.prepareCommand(SessionLocal.java:553)
	at org.h2.jdbc.JdbcConnection.prepareCommand(JdbcConnection.java:1116)
	at org.h2.jdbc.JdbcPreparedStatement.<init>(JdbcPreparedStatement.java:92)
	at org.h2.jdbc.JdbcConnection.prepareStatement(JdbcConnection.java:288)
	at com.zaxxer.hikari.pool.ProxyConnection.prepareStatement(ProxyConnection.java:311)
	at com.zaxxer.hikari.pool.HikariProxyConnection.prepareStatement(HikariProxyConnection.java)
	at anorm.SimpleSql.$anonfun$prepareNoGeneratedKeys$1(SimpleSql.scala:55)
	at anorm.SimpleSql.unsafeStatement(SimpleSql.scala:85)
	at anorm.SimpleSql.unsafeStatement(SimpleSql.scala:68)
	at anorm.Sql.$anonfun$preparedStatement$1(Anorm.scala:77)
	at resource.DefaultManagedResource.open(AbstractManagedResource.scala:107)
	at resource.AbstractManagedResource.acquireFor(AbstractManagedResource.scala:84)
	at resource.ManagedResourceOperations$$anon$1.acquireFor(ManagedResourceOperations.scala:47)
	at resource.DeferredExtractableManagedResource.acquireFor(AbstractManagedResource.scala:25)
	at resource.ManagedResourceOperations.apply(ManagedResourceOperations.scala:31)
	at resource.ManagedResourceOperations.apply$(ManagedResourceOperations.scala:31)
	at resource.DeferredExtractableManagedResource.apply(AbstractManagedResource.scala:22)
	at resource.ManagedResourceOperations.acquireAndGet(ManagedResourceOperations.scala:29)
	at resource.ManagedResourceOperations.acquireAndGet$(ManagedResourceOperations.scala:29)
	at resource.DeferredExtractableManagedResource.acquireAndGet(AbstractManagedResource.scala:22)
	at anorm.Sql$.$anonfun$asTry$1(Anorm.scala:263)
	at scala.util.Try$.apply(Try.scala:210)
	at anorm.Sql$.asTry(Anorm.scala:263)
	at anorm.WithResult.asTry(SqlResult.scala:215)
	at anorm.WithResult.asTry$(SqlResult.scala:213)
	at anorm.SimpleSql.asTry(SimpleSql.scala:6)
	at anorm.WithResult.as(SqlResult.scala:205)
	at anorm.WithResult.as$(SqlResult.scala:204)
	at anorm.SimpleSql.as(SimpleSql.scala:6)
	at com.digitalasset.canton.platform.store.backend.common.PackageStorageBackendTemplate.lfPackages(PackageStorageBackendTemplate.scala:54)
	at com.digitalasset.canton.platform.store.dao.JdbcLedgerDao.$anonfun$listLfPackages$1(JdbcLedgerDao.scala:311)
	at com.digitalasset.canton.platform.store.dao.DataSourceConnectionProvider$$anon$1.$anonfun$runSQL$1(HikariJdbcConnectionProvider.scala:80)
	at com.daml.metrics.api.opentelemetry.OpenTelemetryTimer.time(OpenTelemetryMetricsFactory.scala:180)
	at com.daml.metrics.Timed$.value(Timed.scala:18)
	at com.digitalasset.canton.platform.store.dao.DataSourceConnectionProvider$$anon$1.runSQL(HikariJdbcConnectionProvider.scala:80)
	at com.digitalasset.canton.platform.store.dao.DbDispatcherImpl.$anonfun$executeSql$2(DbDispatcher.scala:87)
	at scala.concurrent.Future$.$anonfun$apply$1(Future.scala:687)
	at scala.concurrent.impl.Promise$Transformation.run(Promise.scala:467)
	at com.daml.executors.QueueAwareExecutorService$TrackingRunnable.run(QueueAwareExecutorService.scala:98)
	at com.daml.metrics.InstrumentedExecutorServiceMetrics$InstrumentedExecutorService$InstrumentedRunnable.run(InstrumentedExecutorServiceMetrics.scala:202)
	at java.base/java.util.concurrent.ThreadPoolExecutor.runWorker(ThreadPoolExecutor.java:1136)
	at java.base/java.util.concurrent.ThreadPoolExecutor$Worker.run(ThreadPoolExecutor.java:635)
	at java.base/java.lang.Thread.run(Thread.java:840)
2026-01-20 15:16:39,504 [daml.index.db.threadpool.connection.api-server-1] DEBUG c.d.c.n.g.ApiRequestLogger:participant=participant1 tid:c70f69353d0e5c27bf6ca291119afc8d - Request c.d.l.a.v.PackageService/GetPackageStatus by /127.0.0.1:50290: received a message 
  Request tid:c70f69353d0e5c27bf6ca291119afc8d
2026-01-20 15:16:39,505 [canton-env-ec-120] INFO  c.d.c.p.a.s.ApiPackageService:participant=participant1 tid:c70f69353d0e5c27bf6ca291119afc8d - Received request for a package status: GetPackageStatusRequest(participant1,8a7806365bbd98d88b4c13832ebfa305f6abaeaf32cfa2b7dd25c4fa489b79fb), packageId -> '8a7806365bbd98d88b4c13832ebfa305f6abaeaf32cfa2b7dd25c4fa489b79fb'.
2026-01-20 15:16:39,527 [daml.index.db.threadpool.connection.api-server-1] ERROR c.d.c.p.s.d.DbDispatcherImpl:participant=participant1 tid:c70f69353d0e5c27bf6ca291119afc8d - INDEX_DB_SQL_NON_TRANSIENT_ERROR(4,c70f6935): Processing the request failed due to a non-transient database error: Table "PACKAGES" not found (this database is empty); SQL statement:

      select packages.package_id, packages.source_description, packages.known_since, packages.package_size
      from packages
      where packages.ledger_offset <= ?
     [42104-210] err-context:{location=DatabaseSelfServiceError.scala:53} 
org.h2.jdbc.JdbcSQLSyntaxErrorException: Table "PACKAGES" not found (this database is empty); SQL statement:

      select packages.package_id, packages.source_description, packages.known_since, packages.package_size
      from packages
      where packages.ledger_offset <= ?
     [42104-210]
	at org.h2.message.DbException.getJdbcSQLException(DbException.java:521)
	at org.h2.message.DbException.getJdbcSQLException(DbException.java:496)
	at org.h2.message.DbException.get(DbException.java:227)
	at org.h2.message.DbException.get(DbException.java:203)
	at org.h2.command.Parser.getTableOrViewNotFoundDbException(Parser.java:8397)
	at org.h2.command.Parser.getTableOrViewNotFoundDbException(Parser.java:8381)
	at org.h2.command.Parser.readTableOrView(Parser.java:8370)
	at org.h2.command.Parser.readTablePrimary(Parser.java:1866)
	at org.h2.command.Parser.readTableReference(Parser.java:2342)
	at org.h2.command.Parser.parseSelectFromPart(Parser.java:2793)
	at org.h2.command.Parser.parseSelect(Parser.java:2900)
	at org.h2.command.Parser.parseQueryPrimary(Parser.java:2783)
	at org.h2.command.Parser.parseQueryTerm(Parser.java:2650)
	at org.h2.command.Parser.parseQueryExpressionBody(Parser.java:2629)
	at org.h2.command.Parser.parseQueryExpressionBodyAndEndOfQuery(Parser.java:2622)
	at org.h2.command.Parser.parseQueryExpression(Parser.java:2615)
	at org.h2.command.Parser.parseQuery(Parser.java:2576)
	at org.h2.command.Parser.parsePrepared(Parser.java:707)
	at org.h2.command.Parser.parse(Parser.java:674)
	at org.h2.command.Parser.parse(Parser.java:644)
	at org.h2.command.Parser.prepareCommand(Parser.java:551)
	at org.h2.engine.SessionLocal.prepareLocal(SessionLocal.java:615)
	at org.h2.engine.SessionLocal.prepareCommand(SessionLocal.java:553)
	at org.h2.jdbc.JdbcConnection.prepareCommand(JdbcConnection.java:1116)
	at org.h2.jdbc.JdbcPreparedStatement.<init>(JdbcPreparedStatement.java:92)
	at org.h2.jdbc.JdbcConnection.prepareStatement(JdbcConnection.java:288)
	at com.zaxxer.hikari.pool.ProxyConnection.prepareStatement(ProxyConnection.java:311)
	at com.zaxxer.hikari.pool.HikariProxyConnection.prepareStatement(HikariProxyConnection.java)
	at anorm.SimpleSql.$anonfun$prepareNoGeneratedKeys$1(SimpleSql.scala:55)
	at anorm.SimpleSql.unsafeStatement(SimpleSql.scala:85)
	at anorm.SimpleSql.unsafeStatement(SimpleSql.scala:68)
	at anorm.Sql.$anonfun$preparedStatement$1(Anorm.scala:77)
	at resource.DefaultManagedResource.open(AbstractManagedResource.scala:107)
	at resource.AbstractManagedResource.acquireFor(AbstractManagedResource.scala:84)
	at resource.ManagedResourceOperations$$anon$1.acquireFor(ManagedResourceOperations.scala:47)
	at resource.DeferredExtractableManagedResource.acquireFor(AbstractManagedResource.scala:25)
	at resource.ManagedResourceOperations.apply(ManagedResourceOperations.scala:31)
	at resource.ManagedResourceOperations.apply$(ManagedResourceOperations.scala:31)
	at resource.DeferredExtractableManagedResource.apply(AbstractManagedResource.scala:22)
	at resource.ManagedResourceOperations.acquireAndGet(ManagedResourceOperations.scala:29)
	at resource.ManagedResourceOperations.acquireAndGet$(ManagedResourceOperations.scala:29)
	at resource.DeferredExtractableManagedResource.acquireAndGet(AbstractManagedResource.scala:22)
	at anorm.Sql$.$anonfun$asTry$1(Anorm.scala:263)
	at scala.util.Try$.apply(Try.scala:210)
	at anorm.Sql$.asTry(Anorm.scala:263)
	at anorm.WithResult.asTry(SqlResult.scala:215)
	at anorm.WithResult.asTry$(SqlResult.scala:213)
	at anorm.SimpleSql.asTry(SimpleSql.scala:6)
	at anorm.WithResult.as(SqlResult.scala:205)
	at anorm.WithResult.as$(SqlResult.scala:204)
	at anorm.SimpleSql.as(SimpleSql.scala:6)
	at com.digitalasset.canton.platform.store.backend.common.PackageStorageBackendTemplate.lfPackages(PackageStorageBackendTemplate.scala:54)
	at com.digitalasset.canton.platform.store.dao.JdbcLedgerDao.$anonfun$listLfPackages$1(JdbcLedgerDao.scala:311)
	at com.digitalasset.canton.platform.store.dao.DataSourceConnectionProvider$$anon$1.$anonfun$runSQL$1(HikariJdbcConnectionProvider.scala:80)
	at com.daml.metrics.api.opentelemetry.OpenTelemetryTimer.time(OpenTelemetryMetricsFactory.scala:180)
	at com.daml.metrics.Timed$.value(Timed.scala:18)
	at com.digitalasset.canton.platform.store.dao.DataSourceConnectionProvider$$anon$1.runSQL(HikariJdbcConnectionProvider.scala:80)
	at com.digitalasset.canton.platform.store.dao.DbDispatcherImpl.$anonfun$executeSql$2(DbDispatcher.scala:87)
	at scala.concurrent.Future$.$anonfun$apply$1(Future.scala:687)
	at scala.concurrent.impl.Promise$Transformation.run(Promise.scala:467)
	at com.daml.executors.QueueAwareExecutorService$TrackingRunnable.run(QueueAwareExecutorService.scala:98)
	at com.daml.metrics.InstrumentedExecutorServiceMetrics$InstrumentedExecutorService$InstrumentedRunnable.run(InstrumentedExecutorServiceMetrics.scala:202)
	at java.base/java.util.concurrent.ThreadPoolExecutor.runWorker(ThreadPoolExecutor.java:1136)
	at java.base/java.util.concurrent.ThreadPoolExecutor$Worker.run(ThreadPoolExecutor.java:635)
	at java.base/java.lang.Thread.run(Thread.java:840)
2026-01-20 15:16:39,506 [daml.index.db.threadpool.connection.api-server-4] DEBUG c.d.c.n.g.ApiRequestLogger:participant=sandbox tid:ecafb8239070d1e2ca4247976fd2b0a8 - Request c.d.l.a.v.PackageService/GetPackageStatus by /127.0.0.1:50289: received a message 
  Request tid:ecafb8239070d1e2ca4247976fd2b0a8
2026-01-20 15:16:39,506 [canton-env-ec-21] INFO  c.d.c.p.a.s.ApiPackageService:participant=sandbox tid:ecafb8239070d1e2ca4247976fd2b0a8 - Received request for a package status: GetPackageStatusRequest(sandbox,3f4deaf145a15cdcfa762c058005e2edb9baa75bb7f95a4f8f6f937378e86415), packageId -> '3f4deaf145a15cdcfa762c058005e2edb9baa75bb7f95a4f8f6f937378e86415'.
2026-01-20 15:16:39,527 [daml.index.db.threadpool.connection.api-server-4] ERROR c.d.c.p.s.d.DbDispatcherImpl:participant=sandbox tid:ecafb8239070d1e2ca4247976fd2b0a8 - INDEX_DB_SQL_NON_TRANSIENT_ERROR(4,ecafb823): Processing the request failed due to a non-transient database error: Table "PACKAGES" not found (this database is empty); SQL statement:

      select packages.package_id, packages.source_description, packages.known_since, packages.package_size
      from packages
      where packages.ledger_offset <= ?
     [42104-210] err-context:{location=DatabaseSelfServiceError.scala:53} 
org.h2.jdbc.JdbcSQLSyntaxErrorException: Table "PACKAGES" not found (this database is empty); SQL statement:

      select packages.package_id, packages.source_description, packages.known_since, packages.package_size
      from packages
      where packages.ledger_offset <= ?
     [42104-210]
	at org.h2.message.DbException.getJdbcSQLException(DbException.java:521)
	at org.h2.message.DbException.getJdbcSQLException(DbException.java:496)
	at org.h2.message.DbException.get(DbException.java:227)
	at org.h2.message.DbException.get(DbException.java:203)
	at org.h2.command.Parser.getTableOrViewNotFoundDbException(Parser.java:8397)
	at org.h2.command.Parser.getTableOrViewNotFoundDbException(Parser.java:8381)
	at org.h2.command.Parser.readTableOrView(Parser.java:8370)
	at org.h2.command.Parser.readTablePrimary(Parser.java:1866)
	at org.h2.command.Parser.readTableReference(Parser.java:2342)
	at org.h2.command.Parser.parseSelectFromPart(Parser.java:2793)
	at org.h2.command.Parser.parseSelect(Parser.java:2900)
	at org.h2.command.Parser.parseQueryPrimary(Parser.java:2783)
	at org.h2.command.Parser.parseQueryTerm(Parser.java:2650)
	at org.h2.command.Parser.parseQueryExpressionBody(Parser.java:2629)
	at org.h2.command.Parser.parseQueryExpressionBodyAndEndOfQuery(Parser.java:2622)
	at org.h2.command.Parser.parseQueryExpression(Parser.java:2615)
	at org.h2.command.Parser.parseQuery(Parser.java:2576)
	at org.h2.command.Parser.parsePrepared(Parser.java:707)
	at org.h2.command.Parser.parse(Parser.java:674)
	at org.h2.command.Parser.parse(Parser.java:644)
	at org.h2.command.Parser.prepareCommand(Parser.java:551)
	at org.h2.engine.SessionLocal.prepareLocal(SessionLocal.java:615)
	at org.h2.engine.SessionLocal.prepareCommand(SessionLocal.java:553)
	at org.h2.jdbc.JdbcConnection.prepareCommand(JdbcConnection.java:1116)
	at org.h2.jdbc.JdbcPreparedStatement.<init>(JdbcPreparedStatement.java:92)
	at org.h2.jdbc.JdbcConnection.prepareStatement(JdbcConnection.java:288)
	at com.zaxxer.hikari.pool.ProxyConnection.prepareStatement(ProxyConnection.java:311)
	at com.zaxxer.hikari.pool.HikariProxyConnection.prepareStatement(HikariProxyConnection.java)
	at anorm.SimpleSql.$anonfun$prepareNoGeneratedKeys$1(SimpleSql.scala:55)
	at anorm.SimpleSql.unsafeStatement(SimpleSql.scala:85)
	at anorm.SimpleSql.unsafeStatement(SimpleSql.scala:68)
	at anorm.Sql.$anonfun$preparedStatement$1(Anorm.scala:77)
	at resource.DefaultManagedResource.open(AbstractManagedResource.scala:107)
	at resource.AbstractManagedResource.acquireFor(AbstractManagedResource.scala:84)
	at resource.ManagedResourceOperations$$anon$1.acquireFor(ManagedResourceOperations.scala:47)
	at resource.DeferredExtractableManagedResource.acquireFor(AbstractManagedResource.scala:25)
	at resource.ManagedResourceOperations.apply(ManagedResourceOperations.scala:31)
	at resource.ManagedResourceOperations.apply$(ManagedResourceOperations.scala:31)
	at resource.DeferredExtractableManagedResource.apply(AbstractManagedResource.scala:22)
	at resource.ManagedResourceOperations.acquireAndGet(ManagedResourceOperations.scala:29)
	at resource.ManagedResourceOperations.acquireAndGet$(ManagedResourceOperations.scala:29)
	at resource.DeferredExtractableManagedResource.acquireAndGet(AbstractManagedResource.scala:22)
	at anorm.Sql$.$anonfun$asTry$1(Anorm.scala:263)
	at scala.util.Try$.apply(Try.scala:210)
	at anorm.Sql$.asTry(Anorm.scala:263)
	at anorm.WithResult.asTry(SqlResult.scala:215)
	at anorm.WithResult.asTry$(SqlResult.scala:213)
	at anorm.SimpleSql.asTry(SimpleSql.scala:6)
	at anorm.WithResult.as(SqlResult.scala:205)
	at anorm.WithResult.as$(SqlResult.scala:204)
	at anorm.SimpleSql.as(SimpleSql.scala:6)
	at com.digitalasset.canton.platform.store.backend.common.PackageStorageBackendTemplate.lfPackages(PackageStorageBackendTemplate.scala:54)
	at com.digitalasset.canton.platform.store.dao.JdbcLedgerDao.$anonfun$listLfPackages$1(JdbcLedgerDao.scala:311)
	at com.digitalasset.canton.platform.store.dao.DataSourceConnectionProvider$$anon$1.$anonfun$runSQL$1(HikariJdbcConnectionProvider.scala:80)
	at com.daml.metrics.api.opentelemetry.OpenTelemetryTimer.time(OpenTelemetryMetricsFactory.scala:180)
	at com.daml.metrics.Timed$.value(Timed.scala:18)
	at com.digitalasset.canton.platform.store.dao.DataSourceConnectionProvider$$anon$1.runSQL(HikariJdbcConnectionProvider.scala:80)
	at com.digitalasset.canton.platform.store.dao.DbDispatcherImpl.$anonfun$executeSql$2(DbDispatcher.scala:87)
	at scala.concurrent.Future$.$anonfun$apply$1(Future.scala:687)
	at scala.concurrent.impl.Promise$Transformation.run(Promise.scala:467)
	at com.daml.executors.QueueAwareExecutorService$TrackingRunnable.run(QueueAwareExecutorService.scala:98)
	at com.daml.metrics.InstrumentedExecutorServiceMetrics$InstrumentedExecutorService$InstrumentedRunnable.run(InstrumentedExecutorServiceMetrics.scala:202)
	at java.base/java.util.concurrent.ThreadPoolExecutor.runWorker(ThreadPoolExecutor.java:1136)
	at java.base/java.util.concurrent.ThreadPoolExecutor$Worker.run(ThreadPoolExecutor.java:635)
	at java.base/java.lang.Thread.run(Thread.java:840)
2026-01-20 15:16:39,500 [daml.index.db.threadpool.connection.api-server-4] DEBUG c.d.c.n.g.ApiRequestLogger:participant=participant1 tid:a6c90bfe4dc6abfbe207c51a6db04590 - Request c.d.l.a.v.PackageService/GetPackageStatus by /127.0.0.1:50290: received a message 
  Request tid:a6c90bfe4dc6abfbe207c51a6db04590
2026-01-20 15:16:39,503 [canton-env-ec-30] INFO  c.d.c.p.a.s.ApiPackageService:participant=participant1 tid:a6c90bfe4dc6abfbe207c51a6db04590 - Received request for a package status: GetPackageStatusRequest(participant1,d58cf9939847921b2aab78eaa7b427dc4c649d25e6bee3c749ace4c3f52f5c97), packageId -> 'd58cf9939847921b2aab78eaa7b427dc4c649d25e6bee3c749ace4c3f52f5c97'.
2026-01-20 15:16:39,527 [daml.index.db.threadpool.connection.api-server-4] ERROR c.d.c.p.s.d.DbDispatcherImpl:participant=participant1 tid:a6c90bfe4dc6abfbe207c51a6db04590 - INDEX_DB_SQL_NON_TRANSIENT_ERROR(4,a6c90bfe): Processing the request failed due to a non-transient database error: Table "PACKAGES" not found (this database is empty); SQL statement:

      select packages.package_id, packages.source_description, packages.known_since, packages.package_size
      from packages
      where packages.ledger_offset <= ?
     [42104-210] err-context:{location=DatabaseSelfServiceError.scala:53} 
org.h2.jdbc.JdbcSQLSyntaxErrorException: Table "PACKAGES" not found (this database is empty); SQL statement:

      select packages.package_id, packages.source_description, packages.known_since, packages.package_size
      from packages
      where packages.ledger_offset <= ?
     [42104-210]
	at org.h2.message.DbException.getJdbcSQLException(DbException.java:521)
	at org.h2.message.DbException.getJdbcSQLException(DbException.java:496)
	at org.h2.message.DbException.get(DbException.java:227)
	at org.h2.message.DbException.get(DbException.java:203)
	at org.h2.command.Parser.getTableOrViewNotFoundDbException(Parser.java:8397)
	at org.h2.command.Parser.getTableOrViewNotFoundDbException(Parser.java:8381)
	at org.h2.command.Parser.readTableOrView(Parser.java:8370)
	at org.h2.command.Parser.readTablePrimary(Parser.java:1866)
	at org.h2.command.Parser.readTableReference(Parser.java:2342)
	at org.h2.command.Parser.parseSelectFromPart(Parser.java:2793)
	at org.h2.command.Parser.parseSelect(Parser.java:2900)
	at org.h2.command.Parser.parseQueryPrimary(Parser.java:2783)
	at org.h2.command.Parser.parseQueryTerm(Parser.java:2650)
	at org.h2.command.Parser.parseQueryExpressionBody(Parser.java:2629)
	at org.h2.command.Parser.parseQueryExpressionBodyAndEndOfQuery(Parser.java:2622)
	at org.h2.command.Parser.parseQueryExpression(Parser.java:2615)
	at org.h2.command.Parser.parseQuery(Parser.java:2576)
	at org.h2.command.Parser.parsePrepared(Parser.java:707)
	at org.h2.command.Parser.parse(Parser.java:674)
	at org.h2.command.Parser.parse(Parser.java:644)
	at org.h2.command.Parser.prepareCommand(Parser.java:551)
	at org.h2.engine.SessionLocal.prepareLocal(SessionLocal.java:615)
	at org.h2.engine.SessionLocal.prepareCommand(SessionLocal.java:553)
	at org.h2.jdbc.JdbcConnection.prepareCommand(JdbcConnection.java:1116)
	at org.h2.jdbc.JdbcPreparedStatement.<init>(JdbcPreparedStatement.java:92)
	at org.h2.jdbc.JdbcConnection.prepareStatement(JdbcConnection.java:288)
	at com.zaxxer.hikari.pool.ProxyConnection.prepareStatement(ProxyConnection.java:311)
	at com.zaxxer.hikari.pool.HikariProxyConnection.prepareStatement(HikariProxyConnection.java)
	at anorm.SimpleSql.$anonfun$prepareNoGeneratedKeys$1(SimpleSql.scala:55)
	at anorm.SimpleSql.unsafeStatement(SimpleSql.scala:85)
	at anorm.SimpleSql.unsafeStatement(SimpleSql.scala:68)
	at anorm.Sql.$anonfun$preparedStatement$1(Anorm.scala:77)
	at resource.DefaultManagedResource.open(AbstractManagedResource.scala:107)
	at resource.AbstractManagedResource.acquireFor(AbstractManagedResource.scala:84)
	at resource.ManagedResourceOperations$$anon$1.acquireFor(ManagedResourceOperations.scala:47)
	at resource.DeferredExtractableManagedResource.acquireFor(AbstractManagedResource.scala:25)
	at resource.ManagedResourceOperations.apply(ManagedResourceOperations.scala:31)
	at resource.ManagedResourceOperations.apply$(ManagedResourceOperations.scala:31)
	at resource.DeferredExtractableManagedResource.apply(AbstractManagedResource.scala:22)
	at resource.ManagedResourceOperations.acquireAndGet(ManagedResourceOperations.scala:29)
	at resource.ManagedResourceOperations.acquireAndGet$(ManagedResourceOperations.scala:29)
	at resource.DeferredExtractableManagedResource.acquireAndGet(AbstractManagedResource.scala:22)
	at anorm.Sql$.$anonfun$asTry$1(Anorm.scala:263)
	at scala.util.Try$.apply(Try.scala:210)
	at anorm.Sql$.asTry(Anorm.scala:263)
	at anorm.WithResult.asTry(SqlResult.scala:215)
	at anorm.WithResult.asTry$(SqlResult.scala:213)
	at anorm.SimpleSql.asTry(SimpleSql.scala:6)
	at anorm.WithResult.as(SqlResult.scala:205)
	at anorm.WithResult.as$(SqlResult.scala:204)
	at anorm.SimpleSql.as(SimpleSql.scala:6)
	at com.digitalasset.canton.platform.store.backend.common.PackageStorageBackendTemplate.lfPackages(PackageStorageBackendTemplate.scala:54)
	at com.digitalasset.canton.platform.store.dao.JdbcLedgerDao.$anonfun$listLfPackages$1(JdbcLedgerDao.scala:311)
	at com.digitalasset.canton.platform.store.dao.DataSourceConnectionProvider$$anon$1.$anonfun$runSQL$1(HikariJdbcConnectionProvider.scala:80)
	at com.daml.metrics.api.opentelemetry.OpenTelemetryTimer.time(OpenTelemetryMetricsFactory.scala:180)
	at com.daml.metrics.Timed$.value(Timed.scala:18)
	at com.digitalasset.canton.platform.store.dao.DataSourceConnectionProvider$$anon$1.runSQL(HikariJdbcConnectionProvider.scala:80)
	at com.digitalasset.canton.platform.store.dao.DbDispatcherImpl.$anonfun$executeSql$2(DbDispatcher.scala:87)
	at scala.concurrent.Future$.$anonfun$apply$1(Future.scala:687)
	at scala.concurrent.impl.Promise$Transformation.run(Promise.scala:467)
	at com.daml.executors.QueueAwareExecutorService$TrackingRunnable.run(QueueAwareExecutorService.scala:98)
	at com.daml.metrics.InstrumentedExecutorServiceMetrics$InstrumentedExecutorService$InstrumentedRunnable.run(InstrumentedExecutorServiceMetrics.scala:202)
	at java.base/java.util.concurrent.ThreadPoolExecutor.runWorker(ThreadPoolExecutor.java:1136)
	at java.base/java.util.concurrent.ThreadPoolExecutor$Worker.run(ThreadPoolExecutor.java:635)
	at java.base/java.lang.Thread.run(Thread.java:840)
2026-01-20 15:16:39,505 [daml.index.db.threadpool.connection.api-server-0] DEBUG c.d.c.n.g.ApiRequestLogger:participant=sandbox tid:758b9d7a711df1ceeb152de8d0f5a1cd - Request c.d.l.a.v.PackageService/GetPackageStatus by /127.0.0.1:50289: received a message 
  Request tid:758b9d7a711df1ceeb152de8d0f5a1cd
2026-01-20 15:16:39,505 [canton-env-ec-105] INFO  c.d.c.p.a.s.ApiPackageService:participant=sandbox tid:758b9d7a711df1ceeb152de8d0f5a1cd - Received request for a package status: GetPackageStatusRequest(sandbox,7748754b5e4d9392d6b485367e7b4d5e1b0142ff4d4ce3327911166633c5da04), packageId -> '7748754b5e4d9392d6b485367e7b4d5e1b0142ff4d4ce3327911166633c5da04'.
2026-01-20 15:16:39,526 [daml.index.db.threadpool.connection.api-server-0] ERROR c.d.c.p.s.d.DbDispatcherImpl:participant=sandbox tid:758b9d7a711df1ceeb152de8d0f5a1cd - INDEX_DB_SQL_NON_TRANSIENT_ERROR(4,758b9d7a): Processing the request failed due to a non-transient database error: Table "PACKAGES" not found (this database is empty); SQL statement:

      select packages.package_id, packages.source_description, packages.known_since, packages.package_size
      from packages
      where packages.ledger_offset <= ?
     [42104-210] err-context:{location=DatabaseSelfServiceError.scala:53} 
org.h2.jdbc.JdbcSQLSyntaxErrorException: Table "PACKAGES" not found (this database is empty); SQL statement:

      select packages.package_id, packages.source_description, packages.known_since, packages.package_size
      from packages
      where packages.ledger_offset <= ?
     [42104-210]
	at org.h2.message.DbException.getJdbcSQLException(DbException.java:521)
	at org.h2.message.DbException.getJdbcSQLException(DbException.java:496)
	at org.h2.message.DbException.get(DbException.java:227)
	at org.h2.message.DbException.get(DbException.java:203)
	at org.h2.command.Parser.getTableOrViewNotFoundDbException(Parser.java:8397)
	at org.h2.command.Parser.getTableOrViewNotFoundDbException(Parser.java:8381)
	at org.h2.command.Parser.readTableOrView(Parser.java:8370)
	at org.h2.command.Parser.readTablePrimary(Parser.java:1866)
	at org.h2.command.Parser.readTableReference(Parser.java:2342)
	at org.h2.command.Parser.parseSelectFromPart(Parser.java:2793)
	at org.h2.command.Parser.parseSelect(Parser.java:2900)
	at org.h2.command.Parser.parseQueryPrimary(Parser.java:2783)
	at org.h2.command.Parser.parseQueryTerm(Parser.java:2650)
	at org.h2.command.Parser.parseQueryExpressionBody(Parser.java:2629)
	at org.h2.command.Parser.parseQueryExpressionBodyAndEndOfQuery(Parser.java:2622)
	at org.h2.command.Parser.parseQueryExpression(Parser.java:2615)
	at org.h2.command.Parser.parseQuery(Parser.java:2576)
	at org.h2.command.Parser.parsePrepared(Parser.java:707)
	at org.h2.command.Parser.parse(Parser.java:674)
	at org.h2.command.Parser.parse(Parser.java:644)
	at org.h2.command.Parser.prepareCommand(Parser.java:551)
	at org.h2.engine.SessionLocal.prepareLocal(SessionLocal.java:615)
	at org.h2.engine.SessionLocal.prepareCommand(SessionLocal.java:553)
	at org.h2.jdbc.JdbcConnection.prepareCommand(JdbcConnection.java:1116)
	at org.h2.jdbc.JdbcPreparedStatement.<init>(JdbcPreparedStatement.java:92)
	at org.h2.jdbc.JdbcConnection.prepareStatement(JdbcConnection.java:288)
	at com.zaxxer.hikari.pool.ProxyConnection.prepareStatement(ProxyConnection.java:311)
	at com.zaxxer.hikari.pool.HikariProxyConnection.prepareStatement(HikariProxyConnection.java)
	at anorm.SimpleSql.$anonfun$prepareNoGeneratedKeys$1(SimpleSql.scala:55)
	at anorm.SimpleSql.unsafeStatement(SimpleSql.scala:85)
	at anorm.SimpleSql.unsafeStatement(SimpleSql.scala:68)
	at anorm.Sql.$anonfun$preparedStatement$1(Anorm.scala:77)
	at resource.DefaultManagedResource.open(AbstractManagedResource.scala:107)
	at resource.AbstractManagedResource.acquireFor(AbstractManagedResource.scala:84)
	at resource.ManagedResourceOperations$$anon$1.acquireFor(ManagedResourceOperations.scala:47)
	at resource.DeferredExtractableManagedResource.acquireFor(AbstractManagedResource.scala:25)
	at resource.ManagedResourceOperations.apply(ManagedResourceOperations.scala:31)
	at resource.ManagedResourceOperations.apply$(ManagedResourceOperations.scala:31)
	at resource.DeferredExtractableManagedResource.apply(AbstractManagedResource.scala:22)
	at resource.ManagedResourceOperations.acquireAndGet(ManagedResourceOperations.scala:29)
	at resource.ManagedResourceOperations.acquireAndGet$(ManagedResourceOperations.scala:29)
	at resource.DeferredExtractableManagedResource.acquireAndGet(AbstractManagedResource.scala:22)
	at anorm.Sql$.$anonfun$asTry$1(Anorm.scala:263)
	at scala.util.Try$.apply(Try.scala:210)
	at anorm.Sql$.asTry(Anorm.scala:263)
	at anorm.WithResult.asTry(SqlResult.scala:215)
	at anorm.WithResult.asTry$(SqlResult.scala:213)
	at anorm.SimpleSql.asTry(SimpleSql.scala:6)
	at anorm.WithResult.as(SqlResult.scala:205)
	at anorm.WithResult.as$(SqlResult.scala:204)
	at anorm.SimpleSql.as(SimpleSql.scala:6)
	at com.digitalasset.canton.platform.store.backend.common.PackageStorageBackendTemplate.lfPackages(PackageStorageBackendTemplate.scala:54)
	at com.digitalasset.canton.platform.store.dao.JdbcLedgerDao.$anonfun$listLfPackages$1(JdbcLedgerDao.scala:311)
	at com.digitalasset.canton.platform.store.dao.DataSourceConnectionProvider$$anon$1.$anonfun$runSQL$1(HikariJdbcConnectionProvider.scala:80)
	at com.daml.metrics.api.opentelemetry.OpenTelemetryTimer.time(OpenTelemetryMetricsFactory.scala:180)
	at com.daml.metrics.Timed$.value(Timed.scala:18)
	at com.digitalasset.canton.platform.store.dao.DataSourceConnectionProvider$$anon$1.runSQL(HikariJdbcConnectionProvider.scala:80)
	at com.digitalasset.canton.platform.store.dao.DbDispatcherImpl.$anonfun$executeSql$2(DbDispatcher.scala:87)
	at scala.concurrent.Future$.$anonfun$apply$1(Future.scala:687)
	at scala.concurrent.impl.Promise$Transformation.run(Promise.scala:467)
	at com.daml.executors.QueueAwareExecutorService$TrackingRunnable.run(QueueAwareExecutorService.scala:98)
	at com.daml.metrics.InstrumentedExecutorServiceMetrics$InstrumentedExecutorService$InstrumentedRunnable.run(InstrumentedExecutorServiceMetrics.scala:202)
	at java.base/java.util.concurrent.ThreadPoolExecutor.runWorker(ThreadPoolExecutor.java:1136)
	at java.base/java.util.concurrent.ThreadPoolExecutor$Worker.run(ThreadPoolExecutor.java:635)
	at java.base/java.lang.Thread.run(Thread.java:840)
2026-01-20 15:16:39,505 [daml.index.db.threadpool.connection.api-server-2] DEBUG c.d.c.n.g.ApiRequestLogger:participant=participant1 tid:cc5d57c247c3a57b332f16a92382434c - Request c.d.l.a.v.PackageService/GetPackageStatus by /127.0.0.1:50290: received a message 
  Request tid:cc5d57c247c3a57b332f16a92382434c
2026-01-20 15:16:39,505 [canton-env-ec-112] INFO  c.d.c.p.a.s.ApiPackageService:participant=participant1 tid:cc5d57c247c3a57b332f16a92382434c - Received request for a package status: GetPackageStatusRequest(participant1,733e38d36a2759688a4b2c4cec69d48e7b55ecc8dedc8067b815926c917a182a), packageId -> '733e38d36a2759688a4b2c4cec69d48e7b55ecc8dedc8067b815926c917a182a'.
2026-01-20 15:16:39,526 [daml.index.db.threadpool.connection.api-server-2] ERROR c.d.c.p.s.d.DbDispatcherImpl:participant=participant1 tid:cc5d57c247c3a57b332f16a92382434c - INDEX_DB_SQL_NON_TRANSIENT_ERROR(4,cc5d57c2): Processing the request failed due to a non-transient database error: Table "PACKAGES" not found (this database is empty); SQL statement:

      select packages.package_id, packages.source_description, packages.known_since, packages.package_size
      from packages
      where packages.ledger_offset <= ?
     [42104-210] err-context:{location=DatabaseSelfServiceError.scala:53} 
org.h2.jdbc.JdbcSQLSyntaxErrorException: Table "PACKAGES" not found (this database is empty); SQL statement:

      select packages.package_id, packages.source_description, packages.known_since, packages.package_size
      from packages
      where packages.ledger_offset <= ?
     [42104-210]
	at org.h2.message.DbException.getJdbcSQLException(DbException.java:521)
	at org.h2.message.DbException.getJdbcSQLException(DbException.java:496)
	at org.h2.message.DbException.get(DbException.java:227)
	at org.h2.message.DbException.get(DbException.java:203)
	at org.h2.command.Parser.getTableOrViewNotFoundDbException(Parser.java:8397)
	at org.h2.command.Parser.getTableOrViewNotFoundDbException(Parser.java:8381)
	at org.h2.command.Parser.readTableOrView(Parser.java:8370)
	at org.h2.command.Parser.readTablePrimary(Parser.java:1866)
	at org.h2.command.Parser.readTableReference(Parser.java:2342)
	at org.h2.command.Parser.parseSelectFromPart(Parser.java:2793)
	at org.h2.command.Parser.parseSelect(Parser.java:2900)
	at org.h2.command.Parser.parseQueryPrimary(Parser.java:2783)
	at org.h2.command.Parser.parseQueryTerm(Parser.java:2650)
	at org.h2.command.Parser.parseQueryExpressionBody(Parser.java:2629)
	at org.h2.command.Parser.parseQueryExpressionBodyAndEndOfQuery(Parser.java:2622)
	at org.h2.command.Parser.parseQueryExpression(Parser.java:2615)
	at org.h2.command.Parser.parseQuery(Parser.java:2576)
	at org.h2.command.Parser.parsePrepared(Parser.java:707)
	at org.h2.command.Parser.parse(Parser.java:674)
	at org.h2.command.Parser.parse(Parser.java:644)
	at org.h2.command.Parser.prepareCommand(Parser.java:551)
	at org.h2.engine.SessionLocal.prepareLocal(SessionLocal.java:615)
	at org.h2.engine.SessionLocal.prepareCommand(SessionLocal.java:553)
	at org.h2.jdbc.JdbcConnection.prepareCommand(JdbcConnection.java:1116)
	at org.h2.jdbc.JdbcPreparedStatement.<init>(JdbcPreparedStatement.java:92)
	at org.h2.jdbc.JdbcConnection.prepareStatement(JdbcConnection.java:288)
	at com.zaxxer.hikari.pool.ProxyConnection.prepareStatement(ProxyConnection.java:311)
	at com.zaxxer.hikari.pool.HikariProxyConnection.prepareStatement(HikariProxyConnection.java)
	at anorm.SimpleSql.$anonfun$prepareNoGeneratedKeys$1(SimpleSql.scala:55)
	at anorm.SimpleSql.unsafeStatement(SimpleSql.scala:85)
	at anorm.SimpleSql.unsafeStatement(SimpleSql.scala:68)
	at anorm.Sql.$anonfun$preparedStatement$1(Anorm.scala:77)
	at resource.DefaultManagedResource.open(AbstractManagedResource.scala:107)
	at resource.AbstractManagedResource.acquireFor(AbstractManagedResource.scala:84)
	at resource.ManagedResourceOperations$$anon$1.acquireFor(ManagedResourceOperations.scala:47)
	at resource.DeferredExtractableManagedResource.acquireFor(AbstractManagedResource.scala:25)
	at resource.ManagedResourceOperations.apply(ManagedResourceOperations.scala:31)
	at resource.ManagedResourceOperations.apply$(ManagedResourceOperations.scala:31)
	at resource.DeferredExtractableManagedResource.apply(AbstractManagedResource.scala:22)
	at resource.ManagedResourceOperations.acquireAndGet(ManagedResourceOperations.scala:29)
	at resource.ManagedResourceOperations.acquireAndGet$(ManagedResourceOperations.scala:29)
	at resource.DeferredExtractableManagedResource.acquireAndGet(AbstractManagedResource.scala:22)
	at anorm.Sql$.$anonfun$asTry$1(Anorm.scala:263)
	at scala.util.Try$.apply(Try.scala:210)
	at anorm.Sql$.asTry(Anorm.scala:263)
	at anorm.WithResult.asTry(SqlResult.scala:215)
	at anorm.WithResult.asTry$(SqlResult.scala:213)
	at anorm.SimpleSql.asTry(SimpleSql.scala:6)
	at anorm.WithResult.as(SqlResult.scala:205)
	at anorm.WithResult.as$(SqlResult.scala:204)
	at anorm.SimpleSql.as(SimpleSql.scala:6)
	at com.digitalasset.canton.platform.store.backend.common.PackageStorageBackendTemplate.lfPackages(PackageStorageBackendTemplate.scala:54)
	at com.digitalasset.canton.platform.store.dao.JdbcLedgerDao.$anonfun$listLfPackages$1(JdbcLedgerDao.scala:311)
	at com.digitalasset.canton.platform.store.dao.DataSourceConnectionProvider$$anon$1.$anonfun$runSQL$1(HikariJdbcConnectionProvider.scala:80)
	at com.daml.metrics.api.opentelemetry.OpenTelemetryTimer.time(OpenTelemetryMetricsFactory.scala:180)
	at com.daml.metrics.Timed$.value(Timed.scala:18)
	at com.digitalasset.canton.platform.store.dao.DataSourceConnectionProvider$$anon$1.runSQL(HikariJdbcConnectionProvider.scala:80)
	at com.digitalasset.canton.platform.store.dao.DbDispatcherImpl.$anonfun$executeSql$2(DbDispatcher.scala:87)
	at scala.concurrent.Future$.$anonfun$apply$1(Future.scala:687)
	at scala.concurrent.impl.Promise$Transformation.run(Promise.scala:467)
	at com.daml.executors.QueueAwareExecutorService$TrackingRunnable.run(QueueAwareExecutorService.scala:98)
	at com.daml.metrics.InstrumentedExecutorServiceMetrics$InstrumentedExecutorService$InstrumentedRunnable.run(InstrumentedExecutorServiceMetrics.scala:202)
	at java.base/java.util.concurrent.ThreadPoolExecutor.runWorker(ThreadPoolExecutor.java:1136)
	at java.base/java.util.concurrent.ThreadPoolExecutor$Worker.run(ThreadPoolExecutor.java:635)
	at java.base/java.lang.Thread.run(Thread.java:840)
2026-01-20 15:16:39,503 [daml.index.db.threadpool.connection.api-server-2] DEBUG c.d.c.n.g.ApiRequestLogger:participant=sandbox tid:ffa007701771aaad5bb4014553afbd06 - Request c.d.l.a.v.PackageService/GetPackageStatus by /127.0.0.1:50289: received a message 
  Request tid:ffa007701771aaad5bb4014553afbd06
2026-01-20 15:16:39,505 [canton-env-ec-110] INFO  c.d.c.p.a.s.ApiPackageService:participant=sandbox tid:ffa007701771aaad5bb4014553afbd06 - Received request for a package status: GetPackageStatusRequest(sandbox,6c2c0667393c5f92f1885163068cd31800d2264eb088eb6fc740e11241b2bf06), packageId -> '6c2c0667393c5f92f1885163068cd31800d2264eb088eb6fc740e11241b2bf06'.
2026-01-20 15:16:39,526 [daml.index.db.threadpool.connection.api-server-2] ERROR c.d.c.p.s.d.DbDispatcherImpl:participant=sandbox tid:ffa007701771aaad5bb4014553afbd06 - INDEX_DB_SQL_NON_TRANSIENT_ERROR(4,ffa00770): Processing the request failed due to a non-transient database error: Table "PACKAGES" not found (this database is empty); SQL statement:

      select packages.package_id, packages.source_description, packages.known_since, packages.package_size
      from packages
      where packages.ledger_offset <= ?
     [42104-210] err-context:{location=DatabaseSelfServiceError.scala:53} 
org.h2.jdbc.JdbcSQLSyntaxErrorException: Table "PACKAGES" not found (this database is empty); SQL statement:

      select packages.package_id, packages.source_description, packages.known_since, packages.package_size
      from packages
      where packages.ledger_offset <= ?
     [42104-210]
	at org.h2.message.DbException.getJdbcSQLException(DbException.java:521)
	at org.h2.message.DbException.getJdbcSQLException(DbException.java:496)
	at org.h2.message.DbException.get(DbException.java:227)
	at org.h2.message.DbException.get(DbException.java:203)
	at org.h2.command.Parser.getTableOrViewNotFoundDbException(Parser.java:8397)
	at org.h2.command.Parser.getTableOrViewNotFoundDbException(Parser.java:8381)
	at org.h2.command.Parser.readTableOrView(Parser.java:8370)
	at org.h2.command.Parser.readTablePrimary(Parser.java:1866)
	at org.h2.command.Parser.readTableReference(Parser.java:2342)
	at org.h2.command.Parser.parseSelectFromPart(Parser.java:2793)
	at org.h2.command.Parser.parseSelect(Parser.java:2900)
	at org.h2.command.Parser.parseQueryPrimary(Parser.java:2783)
	at org.h2.command.Parser.parseQueryTerm(Parser.java:2650)
	at org.h2.command.Parser.parseQueryExpressionBody(Parser.java:2629)
	at org.h2.command.Parser.parseQueryExpressionBodyAndEndOfQuery(Parser.java:2622)
	at org.h2.command.Parser.parseQueryExpression(Parser.java:2615)
	at org.h2.command.Parser.parseQuery(Parser.java:2576)
	at org.h2.command.Parser.parsePrepared(Parser.java:707)
	at org.h2.command.Parser.parse(Parser.java:674)
	at org.h2.command.Parser.parse(Parser.java:644)
	at org.h2.command.Parser.prepareCommand(Parser.java:551)
	at org.h2.engine.SessionLocal.prepareLocal(SessionLocal.java:615)
	at org.h2.engine.SessionLocal.prepareCommand(SessionLocal.java:553)
	at org.h2.jdbc.JdbcConnection.prepareCommand(JdbcConnection.java:1116)
	at org.h2.jdbc.JdbcPreparedStatement.<init>(JdbcPreparedStatement.java:92)
	at org.h2.jdbc.JdbcConnection.prepareStatement(JdbcConnection.java:288)
	at com.zaxxer.hikari.pool.ProxyConnection.prepareStatement(ProxyConnection.java:311)
	at com.zaxxer.hikari.pool.HikariProxyConnection.prepareStatement(HikariProxyConnection.java)
	at anorm.SimpleSql.$anonfun$prepareNoGeneratedKeys$1(SimpleSql.scala:55)
	at anorm.SimpleSql.unsafeStatement(SimpleSql.scala:85)
	at anorm.SimpleSql.unsafeStatement(SimpleSql.scala:68)
	at anorm.Sql.$anonfun$preparedStatement$1(Anorm.scala:77)
	at resource.DefaultManagedResource.open(AbstractManagedResource.scala:107)
	at resource.AbstractManagedResource.acquireFor(AbstractManagedResource.scala:84)
	at resource.ManagedResourceOperations$$anon$1.acquireFor(ManagedResourceOperations.scala:47)
	at resource.DeferredExtractableManagedResource.acquireFor(AbstractManagedResource.scala:25)
	at resource.ManagedResourceOperations.apply(ManagedResourceOperations.scala:31)
	at resource.ManagedResourceOperations.apply$(ManagedResourceOperations.scala:31)
	at resource.DeferredExtractableManagedResource.apply(AbstractManagedResource.scala:22)
	at resource.ManagedResourceOperations.acquireAndGet(ManagedResourceOperations.scala:29)
	at resource.ManagedResourceOperations.acquireAndGet$(ManagedResourceOperations.scala:29)
	at resource.DeferredExtractableManagedResource.acquireAndGet(AbstractManagedResource.scala:22)
	at anorm.Sql$.$anonfun$asTry$1(Anorm.scala:263)
	at scala.util.Try$.apply(Try.scala:210)
	at anorm.Sql$.asTry(Anorm.scala:263)
	at anorm.WithResult.asTry(SqlResult.scala:215)
	at anorm.WithResult.asTry$(SqlResult.scala:213)
	at anorm.SimpleSql.asTry(SimpleSql.scala:6)
	at anorm.WithResult.as(SqlResult.scala:205)
	at anorm.WithResult.as$(SqlResult.scala:204)
	at anorm.SimpleSql.as(SimpleSql.scala:6)
	at com.digitalasset.canton.platform.store.backend.common.PackageStorageBackendTemplate.lfPackages(PackageStorageBackendTemplate.scala:54)
	at com.digitalasset.canton.platform.store.dao.JdbcLedgerDao.$anonfun$listLfPackages$1(JdbcLedgerDao.scala:311)
	at com.digitalasset.canton.platform.store.dao.DataSourceConnectionProvider$$anon$1.$anonfun$runSQL$1(HikariJdbcConnectionProvider.scala:80)
	at com.daml.metrics.api.opentelemetry.OpenTelemetryTimer.time(OpenTelemetryMetricsFactory.scala:180)
	at com.daml.metrics.Timed$.value(Timed.scala:18)
	at com.digitalasset.canton.platform.store.dao.DataSourceConnectionProvider$$anon$1.runSQL(HikariJdbcConnectionProvider.scala:80)
	at com.digitalasset.canton.platform.store.dao.DbDispatcherImpl.$anonfun$executeSql$2(DbDispatcher.scala:87)
	at scala.concurrent.Future$.$anonfun$apply$1(Future.scala:687)
	at scala.concurrent.impl.Promise$Transformation.run(Promise.scala:467)
	at com.daml.executors.QueueAwareExecutorService$TrackingRunnable.run(QueueAwareExecutorService.scala:98)
	at com.daml.metrics.InstrumentedExecutorServiceMetrics$InstrumentedExecutorService$InstrumentedRunnable.run(InstrumentedExecutorServiceMetrics.scala:202)
	at java.base/java.util.concurrent.ThreadPoolExecutor.runWorker(ThreadPoolExecutor.java:1136)
	at java.base/java.util.concurrent.ThreadPoolExecutor$Worker.run(ThreadPoolExecutor.java:635)
	at java.base/java.lang.Thread.run(Thread.java:840)
2026-01-20 15:16:39,508 [daml.index.db.threadpool.connection.api-server-2] DEBUG c.d.c.n.g.ApiRequestLogger:participant=participant1 tid:7a7b432cac5c05d1841cf7aa45143651 - Request c.d.l.a.v.PackageService/GetPackageStatus by /127.0.0.1:50290: received a message 
  Request tid:7a7b432cac5c05d1841cf7aa45143651
2026-01-20 15:16:39,508 [canton-env-ec-121] INFO  c.d.c.p.a.s.ApiPackageService:participant=participant1 tid:7a7b432cac5c05d1841cf7aa45143651 - Received request for a package status: GetPackageStatusRequest(participant1,852d8e3a8ccf952acc73e17522846bc1eb41498e840d637e519ddcca7dbc7671), packageId -> '852d8e3a8ccf952acc73e17522846bc1eb41498e840d637e519ddcca7dbc7671'.
2026-01-20 15:16:39,557 [daml.index.db.threadpool.connection.api-server-2] ERROR c.d.c.p.s.d.DbDispatcherImpl:participant=participant1 tid:7a7b432cac5c05d1841cf7aa45143651 - INDEX_DB_SQL_NON_TRANSIENT_ERROR(4,7a7b432c): Processing the request failed due to a non-transient database error: Table "PACKAGES" not found (this database is empty); SQL statement:

      select packages.package_id, packages.source_description, packages.known_since, packages.package_size
      from packages
      where packages.ledger_offset <= ?
     [42104-210] err-context:{location=DatabaseSelfServiceError.scala:53} 
org.h2.jdbc.JdbcSQLSyntaxErrorException: Table "PACKAGES" not found (this database is empty); SQL statement:

      select packages.package_id, packages.source_description, packages.known_since, packages.package_size
      from packages
      where packages.ledger_offset <= ?
     [42104-210]
	at org.h2.message.DbException.getJdbcSQLException(DbException.java:521)
	at org.h2.message.DbException.getJdbcSQLException(DbException.java:496)
	at org.h2.message.DbException.get(DbException.java:227)
	at org.h2.message.DbException.get(DbException.java:203)
	at org.h2.command.Parser.getTableOrViewNotFoundDbException(Parser.java:8397)
	at org.h2.command.Parser.getTableOrViewNotFoundDbException(Parser.java:8381)
	at org.h2.command.Parser.readTableOrView(Parser.java:8370)
	at org.h2.command.Parser.readTablePrimary(Parser.java:1866)
	at org.h2.command.Parser.readTableReference(Parser.java:2342)
	at org.h2.command.Parser.parseSelectFromPart(Parser.java:2793)
	at org.h2.command.Parser.parseSelect(Parser.java:2900)
	at org.h2.command.Parser.parseQueryPrimary(Parser.java:2783)
	at org.h2.command.Parser.parseQueryTerm(Parser.java:2650)
	at org.h2.command.Parser.parseQueryExpressionBody(Parser.java:2629)
	at org.h2.command.Parser.parseQueryExpressionBodyAndEndOfQuery(Parser.java:2622)
	at org.h2.command.Parser.parseQueryExpression(Parser.java:2615)
	at org.h2.command.Parser.parseQuery(Parser.java:2576)
	at org.h2.command.Parser.parsePrepared(Parser.java:707)
	at org.h2.command.Parser.parse(Parser.java:674)
	at org.h2.command.Parser.parse(Parser.java:644)
	at org.h2.command.Parser.prepareCommand(Parser.java:551)
	at org.h2.engine.SessionLocal.prepareLocal(SessionLocal.java:615)
	at org.h2.engine.SessionLocal.prepareCommand(SessionLocal.java:553)
	at org.h2.jdbc.JdbcConnection.prepareCommand(JdbcConnection.java:1116)
	at org.h2.jdbc.JdbcPreparedStatement.<init>(JdbcPreparedStatement.java:92)
	at org.h2.jdbc.JdbcConnection.prepareStatement(JdbcConnection.java:288)
	at com.zaxxer.hikari.pool.ProxyConnection.prepareStatement(ProxyConnection.java:311)
	at com.zaxxer.hikari.pool.HikariProxyConnection.prepareStatement(HikariProxyConnection.java)
	at anorm.SimpleSql.$anonfun$prepareNoGeneratedKeys$1(SimpleSql.scala:55)
	at anorm.SimpleSql.unsafeStatement(SimpleSql.scala:85)
	at anorm.SimpleSql.unsafeStatement(SimpleSql.scala:68)
	at anorm.Sql.$anonfun$preparedStatement$1(Anorm.scala:77)
	at resource.DefaultManagedResource.open(AbstractManagedResource.scala:107)
	at resource.AbstractManagedResource.acquireFor(AbstractManagedResource.scala:84)
	at resource.ManagedResourceOperations$$anon$1.acquireFor(ManagedResourceOperations.scala:47)
	at resource.DeferredExtractableManagedResource.acquireFor(AbstractManagedResource.scala:25)
	at resource.ManagedResourceOperations.apply(ManagedResourceOperations.scala:31)
	at resource.ManagedResourceOperations.apply$(ManagedResourceOperations.scala:31)
	at resource.DeferredExtractableManagedResource.apply(AbstractManagedResource.scala:22)
	at resource.ManagedResourceOperations.acquireAndGet(ManagedResourceOperations.scala:29)
	at resource.ManagedResourceOperations.acquireAndGet$(ManagedResourceOperations.scala:29)
	at resource.DeferredExtractableManagedResource.acquireAndGet(AbstractManagedResource.scala:22)
	at anorm.Sql$.$anonfun$asTry$1(Anorm.scala:263)
	at scala.util.Try$.apply(Try.scala:210)
	at anorm.Sql$.asTry(Anorm.scala:263)
	at anorm.WithResult.asTry(SqlResult.scala:215)
	at anorm.WithResult.asTry$(SqlResult.scala:213)
	at anorm.SimpleSql.asTry(SimpleSql.scala:6)
	at anorm.WithResult.as(SqlResult.scala:205)
	at anorm.WithResult.as$(SqlResult.scala:204)
	at anorm.SimpleSql.as(SimpleSql.scala:6)
	at com.digitalasset.canton.platform.store.backend.common.PackageStorageBackendTemplate.lfPackages(PackageStorageBackendTemplate.scala:54)
	at com.digitalasset.canton.platform.store.dao.JdbcLedgerDao.$anonfun$listLfPackages$1(JdbcLedgerDao.scala:311)
	at com.digitalasset.canton.platform.store.dao.DataSourceConnectionProvider$$anon$1.$anonfun$runSQL$1(HikariJdbcConnectionProvider.scala:80)
	at com.daml.metrics.api.opentelemetry.OpenTelemetryTimer.time(OpenTelemetryMetricsFactory.scala:180)
	at com.daml.metrics.Timed$.value(Timed.scala:18)
	at com.digitalasset.canton.platform.store.dao.DataSourceConnectionProvider$$anon$1.runSQL(HikariJdbcConnectionProvider.scala:80)
	at com.digitalasset.canton.platform.store.dao.DbDispatcherImpl.$anonfun$executeSql$2(DbDispatcher.scala:87)
	at scala.concurrent.Future$.$anonfun$apply$1(Future.scala:687)
	at scala.concurrent.impl.Promise$Transformation.run(Promise.scala:467)
	at com.daml.executors.QueueAwareExecutorService$TrackingRunnable.run(QueueAwareExecutorService.scala:98)
	at com.daml.metrics.InstrumentedExecutorServiceMetrics$InstrumentedExecutorService$InstrumentedRunnable.run(InstrumentedExecutorServiceMetrics.scala:202)
	at java.base/java.util.concurrent.ThreadPoolExecutor.runWorker(ThreadPoolExecutor.java:1136)
	at java.base/java.util.concurrent.ThreadPoolExecutor$Worker.run(ThreadPoolExecutor.java:635)
	at java.base/java.lang.Thread.run(Thread.java:840)
2026-01-20 15:16:39,506 [daml.index.db.threadpool.connection.api-server-0] DEBUG c.d.c.n.g.ApiRequestLogger:participant=sandbox tid:62cd4e0a6aab855b658ebb9d913542d7 - Request c.d.l.a.v.PackageService/GetPackageStatus by /127.0.0.1:50289: received a message 
  Request tid:62cd4e0a6aab855b658ebb9d913542d7
2026-01-20 15:16:39,506 [canton-env-ec-32] INFO  c.d.c.p.a.s.ApiPackageService:participant=sandbox tid:62cd4e0a6aab855b658ebb9d913542d7 - Received request for a package status: GetPackageStatusRequest(sandbox,65921e553a353588e950cbc87e98a127730e63295f7ad8d3adae952ef0133b3e), packageId -> '65921e553a353588e950cbc87e98a127730e63295f7ad8d3adae952ef0133b3e'.
2026-01-20 15:16:39,556 [daml.index.db.threadpool.connection.api-server-0] ERROR c.d.c.p.s.d.DbDispatcherImpl:participant=sandbox tid:62cd4e0a6aab855b658ebb9d913542d7 - INDEX_DB_SQL_NON_TRANSIENT_ERROR(4,62cd4e0a): Processing the request failed due to a non-transient database error: Table "PACKAGES" not found (this database is empty); SQL statement:

      select packages.package_id, packages.source_description, packages.known_since, packages.package_size
      from packages
      where packages.ledger_offset <= ?
     [42104-210] err-context:{location=DatabaseSelfServiceError.scala:53} 
org.h2.jdbc.JdbcSQLSyntaxErrorException: Table "PACKAGES" not found (this database is empty); SQL statement:

      select packages.package_id, packages.source_description, packages.known_since, packages.package_size
      from packages
      where packages.ledger_offset <= ?
     [42104-210]
	at org.h2.message.DbException.getJdbcSQLException(DbException.java:521)
	at org.h2.message.DbException.getJdbcSQLException(DbException.java:496)
	at org.h2.message.DbException.get(DbException.java:227)
	at org.h2.message.DbException.get(DbException.java:203)
	at org.h2.command.Parser.getTableOrViewNotFoundDbException(Parser.java:8397)
	at org.h2.command.Parser.getTableOrViewNotFoundDbException(Parser.java:8381)
	at org.h2.command.Parser.readTableOrView(Parser.java:8370)
	at org.h2.command.Parser.readTablePrimary(Parser.java:1866)
	at org.h2.command.Parser.readTableReference(Parser.java:2342)
	at org.h2.command.Parser.parseSelectFromPart(Parser.java:2793)
	at org.h2.command.Parser.parseSelect(Parser.java:2900)
	at org.h2.command.Parser.parseQueryPrimary(Parser.java:2783)
	at org.h2.command.Parser.parseQueryTerm(Parser.java:2650)
	at org.h2.command.Parser.parseQueryExpressionBody(Parser.java:2629)
	at org.h2.command.Parser.parseQueryExpressionBodyAndEndOfQuery(Parser.java:2622)
	at org.h2.command.Parser.parseQueryExpression(Parser.java:2615)
	at org.h2.command.Parser.parseQuery(Parser.java:2576)
	at org.h2.command.Parser.parsePrepared(Parser.java:707)
	at org.h2.command.Parser.parse(Parser.java:674)
	at org.h2.command.Parser.parse(Parser.java:644)
	at org.h2.command.Parser.prepareCommand(Parser.java:551)
	at org.h2.engine.SessionLocal.prepareLocal(SessionLocal.java:615)
	at org.h2.engine.SessionLocal.prepareCommand(SessionLocal.java:553)
	at org.h2.jdbc.JdbcConnection.prepareCommand(JdbcConnection.java:1116)
	at org.h2.jdbc.JdbcPreparedStatement.<init>(JdbcPreparedStatement.java:92)
	at org.h2.jdbc.JdbcConnection.prepareStatement(JdbcConnection.java:288)
	at com.zaxxer.hikari.pool.ProxyConnection.prepareStatement(ProxyConnection.java:311)
	at com.zaxxer.hikari.pool.HikariProxyConnection.prepareStatement(HikariProxyConnection.java)
	at anorm.SimpleSql.$anonfun$prepareNoGeneratedKeys$1(SimpleSql.scala:55)
	at anorm.SimpleSql.unsafeStatement(SimpleSql.scala:85)
	at anorm.SimpleSql.unsafeStatement(SimpleSql.scala:68)
	at anorm.Sql.$anonfun$preparedStatement$1(Anorm.scala:77)
	at resource.DefaultManagedResource.open(AbstractManagedResource.scala:107)
	at resource.AbstractManagedResource.acquireFor(AbstractManagedResource.scala:84)
	at resource.ManagedResourceOperations$$anon$1.acquireFor(ManagedResourceOperations.scala:47)
	at resource.DeferredExtractableManagedResource.acquireFor(AbstractManagedResource.scala:25)
	at resource.ManagedResourceOperations.apply(ManagedResourceOperations.scala:31)
	at resource.ManagedResourceOperations.apply$(ManagedResourceOperations.scala:31)
	at resource.DeferredExtractableManagedResource.apply(AbstractManagedResource.scala:22)
	at resource.ManagedResourceOperations.acquireAndGet(ManagedResourceOperations.scala:29)
	at resource.ManagedResourceOperations.acquireAndGet$(ManagedResourceOperations.scala:29)
	at resource.DeferredExtractableManagedResource.acquireAndGet(AbstractManagedResource.scala:22)
	at anorm.Sql$.$anonfun$asTry$1(Anorm.scala:263)
	at scala.util.Try$.apply(Try.scala:210)
	at anorm.Sql$.asTry(Anorm.scala:263)
	at anorm.WithResult.asTry(SqlResult.scala:215)
	at anorm.WithResult.asTry$(SqlResult.scala:213)
	at anorm.SimpleSql.asTry(SimpleSql.scala:6)
	at anorm.WithResult.as(SqlResult.scala:205)
	at anorm.WithResult.as$(SqlResult.scala:204)
	at anorm.SimpleSql.as(SimpleSql.scala:6)
	at com.digitalasset.canton.platform.store.backend.common.PackageStorageBackendTemplate.lfPackages(PackageStorageBackendTemplate.scala:54)
	at com.digitalasset.canton.platform.store.dao.JdbcLedgerDao.$anonfun$listLfPackages$1(JdbcLedgerDao.scala:311)
	at com.digitalasset.canton.platform.store.dao.DataSourceConnectionProvider$$anon$1.$anonfun$runSQL$1(HikariJdbcConnectionProvider.scala:80)
	at com.daml.metrics.api.opentelemetry.OpenTelemetryTimer.time(OpenTelemetryMetricsFactory.scala:180)
	at com.daml.metrics.Timed$.value(Timed.scala:18)
	at com.digitalasset.canton.platform.store.dao.DataSourceConnectionProvider$$anon$1.runSQL(HikariJdbcConnectionProvider.scala:80)
	at com.digitalasset.canton.platform.store.dao.DbDispatcherImpl.$anonfun$executeSql$2(DbDispatcher.scala:87)
	at scala.concurrent.Future$.$anonfun$apply$1(Future.scala:687)
	at scala.concurrent.impl.Promise$Transformation.run(Promise.scala:467)
	at com.daml.executors.QueueAwareExecutorService$TrackingRunnable.run(QueueAwareExecutorService.scala:98)
	at com.daml.metrics.InstrumentedExecutorServiceMetrics$InstrumentedExecutorService$InstrumentedRunnable.run(InstrumentedExecutorServiceMetrics.scala:202)
	at java.base/java.util.concurrent.ThreadPoolExecutor.runWorker(ThreadPoolExecutor.java:1136)
	at java.base/java.util.concurrent.ThreadPoolExecutor$Worker.run(ThreadPoolExecutor.java:635)
	at java.base/java.lang.Thread.run(Thread.java:840)
2026-01-20 15:16:39,506 [daml.index.db.threadpool.connection.api-server-4] DEBUG c.d.c.n.g.ApiRequestLogger:participant=participant1 tid:03cbbcf4a030b41c87157cf443b1ed20 - Request c.d.l.a.v.PackageService/GetPackageStatus by /127.0.0.1:50290: received a message 
  Request tid:03cbbcf4a030b41c87157cf443b1ed20
2026-01-20 15:16:39,507 [canton-env-ec-117] INFO  c.d.c.p.a.s.ApiPackageService:participant=participant1 tid:03cbbcf4a030b41c87157cf443b1ed20 - Received request for a package status: GetPackageStatusRequest(participant1,bfcd37bd6b84768e86e432f5f6c33e25d9e7724a9d42e33875ff74f6348e733f), packageId -> 'bfcd37bd6b84768e86e432f5f6c33e25d9e7724a9d42e33875ff74f6348e733f'.
2026-01-20 15:16:39,550 [daml.index.db.threadpool.connection.api-server-4] ERROR c.d.c.p.s.d.DbDispatcherImpl:participant=participant1 tid:03cbbcf4a030b41c87157cf443b1ed20 - INDEX_DB_SQL_NON_TRANSIENT_ERROR(4,03cbbcf4): Processing the request failed due to a non-transient database error: Table "PACKAGES" not found (this database is empty); SQL statement:

      select packages.package_id, packages.source_description, packages.known_since, packages.package_size
      from packages
      where packages.ledger_offset <= ?
     [42104-210] err-context:{location=DatabaseSelfServiceError.scala:53} 
org.h2.jdbc.JdbcSQLSyntaxErrorException: Table "PACKAGES" not found (this database is empty); SQL statement:

      select packages.package_id, packages.source_description, packages.known_since, packages.package_size
      from packages
      where packages.ledger_offset <= ?
     [42104-210]
	at org.h2.message.DbException.getJdbcSQLException(DbException.java:521)
	at org.h2.message.DbException.getJdbcSQLException(DbException.java:496)
	at org.h2.message.DbException.get(DbException.java:227)
	at org.h2.message.DbException.get(DbException.java:203)
	at org.h2.command.Parser.getTableOrViewNotFoundDbException(Parser.java:8397)
	at org.h2.command.Parser.getTableOrViewNotFoundDbException(Parser.java:8381)
	at org.h2.command.Parser.readTableOrView(Parser.java:8370)
	at org.h2.command.Parser.readTablePrimary(Parser.java:1866)
	at org.h2.command.Parser.readTableReference(Parser.java:2342)
	at org.h2.command.Parser.parseSelectFromPart(Parser.java:2793)
	at org.h2.command.Parser.parseSelect(Parser.java:2900)
	at org.h2.command.Parser.parseQueryPrimary(Parser.java:2783)
	at org.h2.command.Parser.parseQueryTerm(Parser.java:2650)
	at org.h2.command.Parser.parseQueryExpressionBody(Parser.java:2629)
	at org.h2.command.Parser.parseQueryExpressionBodyAndEndOfQuery(Parser.java:2622)
	at org.h2.command.Parser.parseQueryExpression(Parser.java:2615)
	at org.h2.command.Parser.parseQuery(Parser.java:2576)
	at org.h2.command.Parser.parsePrepared(Parser.java:707)
	at org.h2.command.Parser.parse(Parser.java:674)
	at org.h2.command.Parser.parse(Parser.java:644)
	at org.h2.command.Parser.prepareCommand(Parser.java:551)
	at org.h2.engine.SessionLocal.prepareLocal(SessionLocal.java:615)
	at org.h2.engine.SessionLocal.prepareCommand(SessionLocal.java:553)
	at org.h2.jdbc.JdbcConnection.prepareCommand(JdbcConnection.java:1116)
	at org.h2.jdbc.JdbcPreparedStatement.<init>(JdbcPreparedStatement.java:92)
	at org.h2.jdbc.JdbcConnection.prepareStatement(JdbcConnection.java:288)
	at com.zaxxer.hikari.pool.ProxyConnection.prepareStatement(ProxyConnection.java:311)
	at com.zaxxer.hikari.pool.HikariProxyConnection.prepareStatement(HikariProxyConnection.java)
	at anorm.SimpleSql.$anonfun$prepareNoGeneratedKeys$1(SimpleSql.scala:55)
	at anorm.SimpleSql.unsafeStatement(SimpleSql.scala:85)
	at anorm.SimpleSql.unsafeStatement(SimpleSql.scala:68)
	at anorm.Sql.$anonfun$preparedStatement$1(Anorm.scala:77)
	at resource.DefaultManagedResource.open(AbstractManagedResource.scala:107)
	at resource.AbstractManagedResource.acquireFor(AbstractManagedResource.scala:84)
	at resource.ManagedResourceOperations$$anon$1.acquireFor(ManagedResourceOperations.scala:47)
	at resource.DeferredExtractableManagedResource.acquireFor(AbstractManagedResource.scala:25)
	at resource.ManagedResourceOperations.apply(ManagedResourceOperations.scala:31)
	at resource.ManagedResourceOperations.apply$(ManagedResourceOperations.scala:31)
	at resource.DeferredExtractableManagedResource.apply(AbstractManagedResource.scala:22)
	at resource.ManagedResourceOperations.acquireAndGet(ManagedResourceOperations.scala:29)
	at resource.ManagedResourceOperations.acquireAndGet$(ManagedResourceOperations.scala:29)
	at resource.DeferredExtractableManagedResource.acquireAndGet(AbstractManagedResource.scala:22)
	at anorm.Sql$.$anonfun$asTry$1(Anorm.scala:263)
	at scala.util.Try$.apply(Try.scala:210)
	at anorm.Sql$.asTry(Anorm.scala:263)
	at anorm.WithResult.asTry(SqlResult.scala:215)
	at anorm.WithResult.asTry$(SqlResult.scala:213)
	at anorm.SimpleSql.asTry(SimpleSql.scala:6)
	at anorm.WithResult.as(SqlResult.scala:205)
	at anorm.WithResult.as$(SqlResult.scala:204)
	at anorm.SimpleSql.as(SimpleSql.scala:6)
	at com.digitalasset.canton.platform.store.backend.common.PackageStorageBackendTemplate.lfPackages(PackageStorageBackendTemplate.scala:54)
	at com.digitalasset.canton.platform.store.dao.JdbcLedgerDao.$anonfun$listLfPackages$1(JdbcLedgerDao.scala:311)
	at com.digitalasset.canton.platform.store.dao.DataSourceConnectionProvider$$anon$1.$anonfun$runSQL$1(HikariJdbcConnectionProvider.scala:80)
	at com.daml.metrics.api.opentelemetry.OpenTelemetryTimer.time(OpenTelemetryMetricsFactory.scala:180)
	at com.daml.metrics.Timed$.value(Timed.scala:18)
	at com.digitalasset.canton.platform.store.dao.DataSourceConnectionProvider$$anon$1.runSQL(HikariJdbcConnectionProvider.scala:80)
	at com.digitalasset.canton.platform.store.dao.DbDispatcherImpl.$anonfun$executeSql$2(DbDispatcher.scala:87)
	at scala.concurrent.Future$.$anonfun$apply$1(Future.scala:687)
	at scala.concurrent.impl.Promise$Transformation.run(Promise.scala:467)
	at com.daml.executors.QueueAwareExecutorService$TrackingRunnable.run(QueueAwareExecutorService.scala:98)
	at com.daml.metrics.InstrumentedExecutorServiceMetrics$InstrumentedExecutorService$InstrumentedRunnable.run(InstrumentedExecutorServiceMetrics.scala:202)
	at java.base/java.util.concurrent.ThreadPoolExecutor.runWorker(ThreadPoolExecutor.java:1136)
	at java.base/java.util.concurrent.ThreadPoolExecutor$Worker.run(ThreadPoolExecutor.java:635)
	at java.base/java.lang.Thread.run(Thread.java:840)
2026-01-20 15:16:39,501 [daml.index.db.threadpool.connection.api-server-4] DEBUG c.d.c.n.g.ApiRequestLogger:participant=sandbox tid:142693bf7dc75813574e8e47949fb5cb - Request c.d.l.a.v.PackageService/GetPackageStatus by /127.0.0.1:50289: received a message 
  Request tid:142693bf7dc75813574e8e47949fb5cb
2026-01-20 15:16:39,506 [canton-env-ec-76] INFO  c.d.c.p.a.s.ApiPackageService:participant=sandbox tid:142693bf7dc75813574e8e47949fb5cb - Received request for a package status: GetPackageStatusRequest(sandbox,5921708ce82f4255deb1b26d2c05358b548720938a5a325718dc69f381ba47ff), packageId -> '5921708ce82f4255deb1b26d2c05358b548720938a5a325718dc69f381ba47ff'.
2026-01-20 15:16:39,548 [daml.index.db.threadpool.connection.api-server-4] ERROR c.d.c.p.s.d.DbDispatcherImpl:participant=sandbox tid:142693bf7dc75813574e8e47949fb5cb - INDEX_DB_SQL_NON_TRANSIENT_ERROR(4,142693bf): Processing the request failed due to a non-transient database error: Table "PACKAGES" not found (this database is empty); SQL statement:

      select packages.package_id, packages.source_description, packages.known_since, packages.package_size
      from packages
      where packages.ledger_offset <= ?
     [42104-210] err-context:{location=DatabaseSelfServiceError.scala:53} 
org.h2.jdbc.JdbcSQLSyntaxErrorException: Table "PACKAGES" not found (this database is empty); SQL statement:

      select packages.package_id, packages.source_description, packages.known_since, packages.package_size
      from packages
      where packages.ledger_offset <= ?
     [42104-210]
	at org.h2.message.DbException.getJdbcSQLException(DbException.java:521)
	at org.h2.message.DbException.getJdbcSQLException(DbException.java:496)
	at org.h2.message.DbException.get(DbException.java:227)
	at org.h2.message.DbException.get(DbException.java:203)
	at org.h2.command.Parser.getTableOrViewNotFoundDbException(Parser.java:8397)
	at org.h2.command.Parser.getTableOrViewNotFoundDbException(Parser.java:8381)
	at org.h2.command.Parser.readTableOrView(Parser.java:8370)
	at org.h2.command.Parser.readTablePrimary(Parser.java:1866)
	at org.h2.command.Parser.readTableReference(Parser.java:2342)
	at org.h2.command.Parser.parseSelectFromPart(Parser.java:2793)
	at org.h2.command.Parser.parseSelect(Parser.java:2900)
	at org.h2.command.Parser.parseQueryPrimary(Parser.java:2783)
	at org.h2.command.Parser.parseQueryTerm(Parser.java:2650)
	at org.h2.command.Parser.parseQueryExpressionBody(Parser.java:2629)
	at org.h2.command.Parser.parseQueryExpressionBodyAndEndOfQuery(Parser.java:2622)
	at org.h2.command.Parser.parseQueryExpression(Parser.java:2615)
	at org.h2.command.Parser.parseQuery(Parser.java:2576)
	at org.h2.command.Parser.parsePrepared(Parser.java:707)
	at org.h2.command.Parser.parse(Parser.java:674)
	at org.h2.command.Parser.parse(Parser.java:644)
	at org.h2.command.Parser.prepareCommand(Parser.java:551)
	at org.h2.engine.SessionLocal.prepareLocal(SessionLocal.java:615)
	at org.h2.engine.SessionLocal.prepareCommand(SessionLocal.java:553)
	at org.h2.jdbc.JdbcConnection.prepareCommand(JdbcConnection.java:1116)
	at org.h2.jdbc.JdbcPreparedStatement.<init>(JdbcPreparedStatement.java:92)
	at org.h2.jdbc.JdbcConnection.prepareStatement(JdbcConnection.java:288)
	at com.zaxxer.hikari.pool.ProxyConnection.prepareStatement(ProxyConnection.java:311)
	at com.zaxxer.hikari.pool.HikariProxyConnection.prepareStatement(HikariProxyConnection.java)
	at anorm.SimpleSql.$anonfun$prepareNoGeneratedKeys$1(SimpleSql.scala:55)
	at anorm.SimpleSql.unsafeStatement(SimpleSql.scala:85)
	at anorm.SimpleSql.unsafeStatement(SimpleSql.scala:68)
	at anorm.Sql.$anonfun$preparedStatement$1(Anorm.scala:77)
	at resource.DefaultManagedResource.open(AbstractManagedResource.scala:107)
	at resource.AbstractManagedResource.acquireFor(AbstractManagedResource.scala:84)
	at resource.ManagedResourceOperations$$anon$1.acquireFor(ManagedResourceOperations.scala:47)
	at resource.DeferredExtractableManagedResource.acquireFor(AbstractManagedResource.scala:25)
	at resource.ManagedResourceOperations.apply(ManagedResourceOperations.scala:31)
	at resource.ManagedResourceOperations.apply$(ManagedResourceOperations.scala:31)
	at resource.DeferredExtractableManagedResource.apply(AbstractManagedResource.scala:22)
	at resource.ManagedResourceOperations.acquireAndGet(ManagedResourceOperations.scala:29)
	at resource.ManagedResourceOperations.acquireAndGet$(ManagedResourceOperations.scala:29)
	at resource.DeferredExtractableManagedResource.acquireAndGet(AbstractManagedResource.scala:22)
	at anorm.Sql$.$anonfun$asTry$1(Anorm.scala:263)
	at scala.util.Try$.apply(Try.scala:210)
	at anorm.Sql$.asTry(Anorm.scala:263)
	at anorm.WithResult.asTry(SqlResult.scala:215)
	at anorm.WithResult.asTry$(SqlResult.scala:213)
	at anorm.SimpleSql.asTry(SimpleSql.scala:6)
	at anorm.WithResult.as(SqlResult.scala:205)
	at anorm.WithResult.as$(SqlResult.scala:204)
	at anorm.SimpleSql.as(SimpleSql.scala:6)
	at com.digitalasset.canton.platform.store.backend.common.PackageStorageBackendTemplate.lfPackages(PackageStorageBackendTemplate.scala:54)
	at com.digitalasset.canton.platform.store.dao.JdbcLedgerDao.$anonfun$listLfPackages$1(JdbcLedgerDao.scala:311)
	at com.digitalasset.canton.platform.store.dao.DataSourceConnectionProvider$$anon$1.$anonfun$runSQL$1(HikariJdbcConnectionProvider.scala:80)
	at com.daml.metrics.api.opentelemetry.OpenTelemetryTimer.time(OpenTelemetryMetricsFactory.scala:180)
	at com.daml.metrics.Timed$.value(Timed.scala:18)
	at com.digitalasset.canton.platform.store.dao.DataSourceConnectionProvider$$anon$1.runSQL(HikariJdbcConnectionProvider.scala:80)
	at com.digitalasset.canton.platform.store.dao.DbDispatcherImpl.$anonfun$executeSql$2(DbDispatcher.scala:87)
	at scala.concurrent.Future$.$anonfun$apply$1(Future.scala:687)
	at scala.concurrent.impl.Promise$Transformation.run(Promise.scala:467)
	at com.daml.executors.QueueAwareExecutorService$TrackingRunnable.run(QueueAwareExecutorService.scala:98)
	at com.daml.metrics.InstrumentedExecutorServiceMetrics$InstrumentedExecutorService$InstrumentedRunnable.run(InstrumentedExecutorServiceMetrics.scala:202)
	at java.base/java.util.concurrent.ThreadPoolExecutor.runWorker(ThreadPoolExecutor.java:1136)
	at java.base/java.util.concurrent.ThreadPoolExecutor$Worker.run(ThreadPoolExecutor.java:635)
	at java.base/java.lang.Thread.run(Thread.java:840)
2026-01-20 15:16:39,507 [daml.index.db.threadpool.connection.api-server-1] DEBUG c.d.c.n.g.ApiRequestLogger:participant=participant1 tid:38ab4585fa0ece91e87450f44da98d65 - Request c.d.l.a.v.PackageService/GetPackageStatus by /127.0.0.1:50290: received a message 
  Request tid:38ab4585fa0ece91e87450f44da98d65
2026-01-20 15:16:39,507 [canton-env-ec-121] INFO  c.d.c.p.a.s.ApiPackageService:participant=participant1 tid:38ab4585fa0ece91e87450f44da98d65 - Received request for a package status: GetPackageStatusRequest(participant1,cb0552debf219cc909f51cbb5c3b41e9981d39f8f645b1f35e2ef5be2e0b858a), packageId -> 'cb0552debf219cc909f51cbb5c3b41e9981d39f8f645b1f35e2ef5be2e0b858a'.
2026-01-20 15:16:39,547 [daml.index.db.threadpool.connection.api-server-1] ERROR c.d.c.p.s.d.DbDispatcherImpl:participant=participant1 tid:38ab4585fa0ece91e87450f44da98d65 - INDEX_DB_SQL_NON_TRANSIENT_ERROR(4,38ab4585): Processing the request failed due to a non-transient database error: Table "PACKAGES" not found (this database is empty); SQL statement:

      select packages.package_id, packages.source_description, packages.known_since, packages.package_size
      from packages
      where packages.ledger_offset <= ?
     [42104-210] err-context:{location=DatabaseSelfServiceError.scala:53} 
org.h2.jdbc.JdbcSQLSyntaxErrorException: Table "PACKAGES" not found (this database is empty); SQL statement:

      select packages.package_id, packages.source_description, packages.known_since, packages.package_size
      from packages
      where packages.ledger_offset <= ?
     [42104-210]
	at org.h2.message.DbException.getJdbcSQLException(DbException.java:521)
	at org.h2.message.DbException.getJdbcSQLException(DbException.java:496)
	at org.h2.message.DbException.get(DbException.java:227)
	at org.h2.message.DbException.get(DbException.java:203)
	at org.h2.command.Parser.getTableOrViewNotFoundDbException(Parser.java:8397)
	at org.h2.command.Parser.getTableOrViewNotFoundDbException(Parser.java:8381)
	at org.h2.command.Parser.readTableOrView(Parser.java:8370)
	at org.h2.command.Parser.readTablePrimary(Parser.java:1866)
	at org.h2.command.Parser.readTableReference(Parser.java:2342)
	at org.h2.command.Parser.parseSelectFromPart(Parser.java:2793)
	at org.h2.command.Parser.parseSelect(Parser.java:2900)
	at org.h2.command.Parser.parseQueryPrimary(Parser.java:2783)
	at org.h2.command.Parser.parseQueryTerm(Parser.java:2650)
	at org.h2.command.Parser.parseQueryExpressionBody(Parser.java:2629)
	at org.h2.command.Parser.parseQueryExpressionBodyAndEndOfQuery(Parser.java:2622)
	at org.h2.command.Parser.parseQueryExpression(Parser.java:2615)
	at org.h2.command.Parser.parseQuery(Parser.java:2576)
	at org.h2.command.Parser.parsePrepared(Parser.java:707)
	at org.h2.command.Parser.parse(Parser.java:674)
	at org.h2.command.Parser.parse(Parser.java:644)
	at org.h2.command.Parser.prepareCommand(Parser.java:551)
	at org.h2.engine.SessionLocal.prepareLocal(SessionLocal.java:615)
	at org.h2.engine.SessionLocal.prepareCommand(SessionLocal.java:553)
	at org.h2.jdbc.JdbcConnection.prepareCommand(JdbcConnection.java:1116)
	at org.h2.jdbc.JdbcPreparedStatement.<init>(JdbcPreparedStatement.java:92)
	at org.h2.jdbc.JdbcConnection.prepareStatement(JdbcConnection.java:288)
	at com.zaxxer.hikari.pool.ProxyConnection.prepareStatement(ProxyConnection.java:311)
	at com.zaxxer.hikari.pool.HikariProxyConnection.prepareStatement(HikariProxyConnection.java)
	at anorm.SimpleSql.$anonfun$prepareNoGeneratedKeys$1(SimpleSql.scala:55)
	at anorm.SimpleSql.unsafeStatement(SimpleSql.scala:85)
	at anorm.SimpleSql.unsafeStatement(SimpleSql.scala:68)
	at anorm.Sql.$anonfun$preparedStatement$1(Anorm.scala:77)
	at resource.DefaultManagedResource.open(AbstractManagedResource.scala:107)
	at resource.AbstractManagedResource.acquireFor(AbstractManagedResource.scala:84)
	at resource.ManagedResourceOperations$$anon$1.acquireFor(ManagedResourceOperations.scala:47)
	at resource.DeferredExtractableManagedResource.acquireFor(AbstractManagedResource.scala:25)
	at resource.ManagedResourceOperations.apply(ManagedResourceOperations.scala:31)
	at resource.ManagedResourceOperations.apply$(ManagedResourceOperations.scala:31)
	at resource.DeferredExtractableManagedResource.apply(AbstractManagedResource.scala:22)
	at resource.ManagedResourceOperations.acquireAndGet(ManagedResourceOperations.scala:29)
	at resource.ManagedResourceOperations.acquireAndGet$(ManagedResourceOperations.scala:29)
	at resource.DeferredExtractableManagedResource.acquireAndGet(AbstractManagedResource.scala:22)
	at anorm.Sql$.$anonfun$asTry$1(Anorm.scala:263)
	at scala.util.Try$.apply(Try.scala:210)
	at anorm.Sql$.asTry(Anorm.scala:263)
	at anorm.WithResult.asTry(SqlResult.scala:215)
	at anorm.WithResult.asTry$(SqlResult.scala:213)
	at anorm.SimpleSql.asTry(SimpleSql.scala:6)
	at anorm.WithResult.as(SqlResult.scala:205)
	at anorm.WithResult.as$(SqlResult.scala:204)
	at anorm.SimpleSql.as(SimpleSql.scala:6)
	at com.digitalasset.canton.platform.store.backend.common.PackageStorageBackendTemplate.lfPackages(PackageStorageBackendTemplate.scala:54)
	at com.digitalasset.canton.platform.store.dao.JdbcLedgerDao.$anonfun$listLfPackages$1(JdbcLedgerDao.scala:311)
	at com.digitalasset.canton.platform.store.dao.DataSourceConnectionProvider$$anon$1.$anonfun$runSQL$1(HikariJdbcConnectionProvider.scala:80)
	at com.daml.metrics.api.opentelemetry.OpenTelemetryTimer.time(OpenTelemetryMetricsFactory.scala:180)
	at com.daml.metrics.Timed$.value(Timed.scala:18)
	at com.digitalasset.canton.platform.store.dao.DataSourceConnectionProvider$$anon$1.runSQL(HikariJdbcConnectionProvider.scala:80)
	at com.digitalasset.canton.platform.store.dao.DbDispatcherImpl.$anonfun$executeSql$2(DbDispatcher.scala:87)
	at scala.concurrent.Future$.$anonfun$apply$1(Future.scala:687)
	at scala.concurrent.impl.Promise$Transformation.run(Promise.scala:467)
	at com.daml.executors.QueueAwareExecutorService$TrackingRunnable.run(QueueAwareExecutorService.scala:98)
	at com.daml.metrics.InstrumentedExecutorServiceMetrics$InstrumentedExecutorService$InstrumentedRunnable.run(InstrumentedExecutorServiceMetrics.scala:202)
	at java.base/java.util.concurrent.ThreadPoolExecutor.runWorker(ThreadPoolExecutor.java:1136)
	at java.base/java.util.concurrent.ThreadPoolExecutor$Worker.run(ThreadPoolExecutor.java:635)
	at java.base/java.lang.Thread.run(Thread.java:840)
2026-01-20 15:16:39,507 [daml.index.db.threadpool.connection.api-server-1] DEBUG c.d.c.n.g.ApiRequestLogger:participant=sandbox tid:ae9be9bd3c75e44695ed3f55c1895466 - Request c.d.l.a.v.PackageService/GetPackageStatus by /127.0.0.1:50289: received a message 
  Request tid:ae9be9bd3c75e44695ed3f55c1895466
2026-01-20 15:16:39,508 [canton-env-ec-22] INFO  c.d.c.p.a.s.ApiPackageService:participant=sandbox tid:ae9be9bd3c75e44695ed3f55c1895466 - Received request for a package status: GetPackageStatusRequest(sandbox,6851f194e144b693e63e9034b956c76cef6b5088dd8c66a657ab652a204dba2b), packageId -> '6851f194e144b693e63e9034b956c76cef6b5088dd8c66a657ab652a204dba2b'.
2026-01-20 15:16:39,539 [daml.index.db.threadpool.connection.api-server-1] ERROR c.d.c.p.s.d.DbDispatcherImpl:participant=sandbox tid:ae9be9bd3c75e44695ed3f55c1895466 - INDEX_DB_SQL_NON_TRANSIENT_ERROR(4,ae9be9bd): Processing the request failed due to a non-transient database error: Table "PACKAGES" not found (this database is empty); SQL statement:

      select packages.package_id, packages.source_description, packages.known_since, packages.package_size
      from packages
      where packages.ledger_offset <= ?
     [42104-210] err-context:{location=DatabaseSelfServiceError.scala:53} 
org.h2.jdbc.JdbcSQLSyntaxErrorException: Table "PACKAGES" not found (this database is empty); SQL statement:

      select packages.package_id, packages.source_description, packages.known_since, packages.package_size
      from packages
      where packages.ledger_offset <= ?
     [42104-210]
	at org.h2.message.DbException.getJdbcSQLException(DbException.java:521)
	at org.h2.message.DbException.getJdbcSQLException(DbException.java:496)
	at org.h2.message.DbException.get(DbException.java:227)
	at org.h2.message.DbException.get(DbException.java:203)
	at org.h2.command.Parser.getTableOrViewNotFoundDbException(Parser.java:8397)
	at org.h2.command.Parser.getTableOrViewNotFoundDbException(Parser.java:8381)
	at org.h2.command.Parser.readTableOrView(Parser.java:8370)
	at org.h2.command.Parser.readTablePrimary(Parser.java:1866)
	at org.h2.command.Parser.readTableReference(Parser.java:2342)
	at org.h2.command.Parser.parseSelectFromPart(Parser.java:2793)
	at org.h2.command.Parser.parseSelect(Parser.java:2900)
	at org.h2.command.Parser.parseQueryPrimary(Parser.java:2783)
	at org.h2.command.Parser.parseQueryTerm(Parser.java:2650)
	at org.h2.command.Parser.parseQueryExpressionBody(Parser.java:2629)
	at org.h2.command.Parser.parseQueryExpressionBodyAndEndOfQuery(Parser.java:2622)
	at org.h2.command.Parser.parseQueryExpression(Parser.java:2615)
	at org.h2.command.Parser.parseQuery(Parser.java:2576)
	at org.h2.command.Parser.parsePrepared(Parser.java:707)
	at org.h2.command.Parser.parse(Parser.java:674)
	at org.h2.command.Parser.parse(Parser.java:644)
	at org.h2.command.Parser.prepareCommand(Parser.java:551)
	at org.h2.engine.SessionLocal.prepareLocal(SessionLocal.java:615)
	at org.h2.engine.SessionLocal.prepareCommand(SessionLocal.java:553)
	at org.h2.jdbc.JdbcConnection.prepareCommand(JdbcConnection.java:1116)
	at org.h2.jdbc.JdbcPreparedStatement.<init>(JdbcPreparedStatement.java:92)
	at org.h2.jdbc.JdbcConnection.prepareStatement(JdbcConnection.java:288)
	at com.zaxxer.hikari.pool.ProxyConnection.prepareStatement(ProxyConnection.java:311)
	at com.zaxxer.hikari.pool.HikariProxyConnection.prepareStatement(HikariProxyConnection.java)
	at anorm.SimpleSql.$anonfun$prepareNoGeneratedKeys$1(SimpleSql.scala:55)
	at anorm.SimpleSql.unsafeStatement(SimpleSql.scala:85)
	at anorm.SimpleSql.unsafeStatement(SimpleSql.scala:68)
	at anorm.Sql.$anonfun$preparedStatement$1(Anorm.scala:77)
	at resource.DefaultManagedResource.open(AbstractManagedResource.scala:107)
	at resource.AbstractManagedResource.acquireFor(AbstractManagedResource.scala:84)
	at resource.ManagedResourceOperations$$anon$1.acquireFor(ManagedResourceOperations.scala:47)
	at resource.DeferredExtractableManagedResource.acquireFor(AbstractManagedResource.scala:25)
	at resource.ManagedResourceOperations.apply(ManagedResourceOperations.scala:31)
	at resource.ManagedResourceOperations.apply$(ManagedResourceOperations.scala:31)
	at resource.DeferredExtractableManagedResource.apply(AbstractManagedResource.scala:22)
	at resource.ManagedResourceOperations.acquireAndGet(ManagedResourceOperations.scala:29)
	at resource.ManagedResourceOperations.acquireAndGet$(ManagedResourceOperations.scala:29)
	at resource.DeferredExtractableManagedResource.acquireAndGet(AbstractManagedResource.scala:22)
	at anorm.Sql$.$anonfun$asTry$1(Anorm.scala:263)
	at scala.util.Try$.apply(Try.scala:210)
	at anorm.Sql$.asTry(Anorm.scala:263)
	at anorm.WithResult.asTry(SqlResult.scala:215)
	at anorm.WithResult.asTry$(SqlResult.scala:213)
	at anorm.SimpleSql.asTry(SimpleSql.scala:6)
	at anorm.WithResult.as(SqlResult.scala:205)
	at anorm.WithResult.as$(SqlResult.scala:204)
	at anorm.SimpleSql.as(SimpleSql.scala:6)
	at com.digitalasset.canton.platform.store.backend.common.PackageStorageBackendTemplate.lfPackages(PackageStorageBackendTemplate.scala:54)
	at com.digitalasset.canton.platform.store.dao.JdbcLedgerDao.$anonfun$listLfPackages$1(JdbcLedgerDao.scala:311)
	at com.digitalasset.canton.platform.store.dao.DataSourceConnectionProvider$$anon$1.$anonfun$runSQL$1(HikariJdbcConnectionProvider.scala:80)
	at com.daml.metrics.api.opentelemetry.OpenTelemetryTimer.time(OpenTelemetryMetricsFactory.scala:180)
	at com.daml.metrics.Timed$.value(Timed.scala:18)
	at com.digitalasset.canton.platform.store.dao.DataSourceConnectionProvider$$anon$1.runSQL(HikariJdbcConnectionProvider.scala:80)
	at com.digitalasset.canton.platform.store.dao.DbDispatcherImpl.$anonfun$executeSql$2(DbDispatcher.scala:87)
	at scala.concurrent.Future$.$anonfun$apply$1(Future.scala:687)
	at scala.concurrent.impl.Promise$Transformation.run(Promise.scala:467)
	at com.daml.executors.QueueAwareExecutorService$TrackingRunnable.run(QueueAwareExecutorService.scala:98)
	at com.daml.metrics.InstrumentedExecutorServiceMetrics$InstrumentedExecutorService$InstrumentedRunnable.run(InstrumentedExecutorServiceMetrics.scala:202)
	at java.base/java.util.concurrent.ThreadPoolExecutor.runWorker(ThreadPoolExecutor.java:1136)
	at java.base/java.util.concurrent.ThreadPoolExecutor$Worker.run(ThreadPoolExecutor.java:635)
	at java.base/java.lang.Thread.run(Thread.java:840)
2026-01-20 15:16:39,507 [daml.index.db.threadpool.connection.api-server-0] DEBUG c.d.c.n.g.ApiRequestLogger:participant=participant1 tid:7c851ad3ab46d0e2af789564e1fa6cec - Request c.d.l.a.v.PackageService/GetPackageStatus by /127.0.0.1:50290: received a message 
  Request tid:7c851ad3ab46d0e2af789564e1fa6cec
2026-01-20 15:16:39,507 [canton-env-ec-120] INFO  c.d.c.p.a.s.ApiPackageService:participant=participant1 tid:7c851ad3ab46d0e2af789564e1fa6cec - Received request for a package status: GetPackageStatusRequest(participant1,e4cc67c3264eba4a19c080cac5ab32d87551578e0f5f58b6a9460f91c7abc254), packageId -> 'e4cc67c3264eba4a19c080cac5ab32d87551578e0f5f58b6a9460f91c7abc254'.
2026-01-20 15:16:39,538 [daml.index.db.threadpool.connection.api-server-0] ERROR c.d.c.p.s.d.DbDispatcherImpl:participant=participant1 tid:7c851ad3ab46d0e2af789564e1fa6cec - INDEX_DB_SQL_NON_TRANSIENT_ERROR(4,7c851ad3): Processing the request failed due to a non-transient database error: Table "PACKAGES" not found (this database is empty); SQL statement:

      select packages.package_id, packages.source_description, packages.known_since, packages.package_size
      from packages
      where packages.ledger_offset <= ?
     [42104-210] err-context:{location=DatabaseSelfServiceError.scala:53} 
org.h2.jdbc.JdbcSQLSyntaxErrorException: Table "PACKAGES" not found (this database is empty); SQL statement:

      select packages.package_id, packages.source_description, packages.known_since, packages.package_size
      from packages
      where packages.ledger_offset <= ?
     [42104-210]
	at org.h2.message.DbException.getJdbcSQLException(DbException.java:521)
	at org.h2.message.DbException.getJdbcSQLException(DbException.java:496)
	at org.h2.message.DbException.get(DbException.java:227)
	at org.h2.message.DbException.get(DbException.java:203)
	at org.h2.command.Parser.getTableOrViewNotFoundDbException(Parser.java:8397)
	at org.h2.command.Parser.getTableOrViewNotFoundDbException(Parser.java:8381)
	at org.h2.command.Parser.readTableOrView(Parser.java:8370)
	at org.h2.command.Parser.readTablePrimary(Parser.java:1866)
	at org.h2.command.Parser.readTableReference(Parser.java:2342)
	at org.h2.command.Parser.parseSelectFromPart(Parser.java:2793)
	at org.h2.command.Parser.parseSelect(Parser.java:2900)
	at org.h2.command.Parser.parseQueryPrimary(Parser.java:2783)
	at org.h2.command.Parser.parseQueryTerm(Parser.java:2650)
	at org.h2.command.Parser.parseQueryExpressionBody(Parser.java:2629)
	at org.h2.command.Parser.parseQueryExpressionBodyAndEndOfQuery(Parser.java:2622)
	at org.h2.command.Parser.parseQueryExpression(Parser.java:2615)
	at org.h2.command.Parser.parseQuery(Parser.java:2576)
	at org.h2.command.Parser.parsePrepared(Parser.java:707)
	at org.h2.command.Parser.parse(Parser.java:674)
	at org.h2.command.Parser.parse(Parser.java:644)
	at org.h2.command.Parser.prepareCommand(Parser.java:551)
	at org.h2.engine.SessionLocal.prepareLocal(SessionLocal.java:615)
	at org.h2.engine.SessionLocal.prepareCommand(SessionLocal.java:553)
	at org.h2.jdbc.JdbcConnection.prepareCommand(JdbcConnection.java:1116)
	at org.h2.jdbc.JdbcPreparedStatement.<init>(JdbcPreparedStatement.java:92)
	at org.h2.jdbc.JdbcConnection.prepareStatement(JdbcConnection.java:288)
	at com.zaxxer.hikari.pool.ProxyConnection.prepareStatement(ProxyConnection.java:311)
	at com.zaxxer.hikari.pool.HikariProxyConnection.prepareStatement(HikariProxyConnection.java)
	at anorm.SimpleSql.$anonfun$prepareNoGeneratedKeys$1(SimpleSql.scala:55)
	at anorm.SimpleSql.unsafeStatement(SimpleSql.scala:85)
	at anorm.SimpleSql.unsafeStatement(SimpleSql.scala:68)
	at anorm.Sql.$anonfun$preparedStatement$1(Anorm.scala:77)
	at resource.DefaultManagedResource.open(AbstractManagedResource.scala:107)
	at resource.AbstractManagedResource.acquireFor(AbstractManagedResource.scala:84)
	at resource.ManagedResourceOperations$$anon$1.acquireFor(ManagedResourceOperations.scala:47)
	at resource.DeferredExtractableManagedResource.acquireFor(AbstractManagedResource.scala:25)
	at resource.ManagedResourceOperations.apply(ManagedResourceOperations.scala:31)
	at resource.ManagedResourceOperations.apply$(ManagedResourceOperations.scala:31)
	at resource.DeferredExtractableManagedResource.apply(AbstractManagedResource.scala:22)
	at resource.ManagedResourceOperations.acquireAndGet(ManagedResourceOperations.scala:29)
	at resource.ManagedResourceOperations.acquireAndGet$(ManagedResourceOperations.scala:29)
	at resource.DeferredExtractableManagedResource.acquireAndGet(AbstractManagedResource.scala:22)
	at anorm.Sql$.$anonfun$asTry$1(Anorm.scala:263)
	at scala.util.Try$.apply(Try.scala:210)
	at anorm.Sql$.asTry(Anorm.scala:263)
	at anorm.WithResult.asTry(SqlResult.scala:215)
	at anorm.WithResult.asTry$(SqlResult.scala:213)
	at anorm.SimpleSql.asTry(SimpleSql.scala:6)
	at anorm.WithResult.as(SqlResult.scala:205)
	at anorm.WithResult.as$(SqlResult.scala:204)
	at anorm.SimpleSql.as(SimpleSql.scala:6)
	at com.digitalasset.canton.platform.store.backend.common.PackageStorageBackendTemplate.lfPackages(PackageStorageBackendTemplate.scala:54)
	at com.digitalasset.canton.platform.store.dao.JdbcLedgerDao.$anonfun$listLfPackages$1(JdbcLedgerDao.scala:311)
	at com.digitalasset.canton.platform.store.dao.DataSourceConnectionProvider$$anon$1.$anonfun$runSQL$1(HikariJdbcConnectionProvider.scala:80)
	at com.daml.metrics.api.opentelemetry.OpenTelemetryTimer.time(OpenTelemetryMetricsFactory.scala:180)
	at com.daml.metrics.Timed$.value(Timed.scala:18)
	at com.digitalasset.canton.platform.store.dao.DataSourceConnectionProvider$$anon$1.runSQL(HikariJdbcConnectionProvider.scala:80)
	at com.digitalasset.canton.platform.store.dao.DbDispatcherImpl.$anonfun$executeSql$2(DbDispatcher.scala:87)
	at scala.concurrent.Future$.$anonfun$apply$1(Future.scala:687)
	at scala.concurrent.impl.Promise$Transformation.run(Promise.scala:467)
	at com.daml.executors.QueueAwareExecutorService$TrackingRunnable.run(QueueAwareExecutorService.scala:98)
	at com.daml.metrics.InstrumentedExecutorServiceMetrics$InstrumentedExecutorService$InstrumentedRunnable.run(InstrumentedExecutorServiceMetrics.scala:202)
	at java.base/java.util.concurrent.ThreadPoolExecutor.runWorker(ThreadPoolExecutor.java:1136)
	at java.base/java.util.concurrent.ThreadPoolExecutor$Worker.run(ThreadPoolExecutor.java:635)
	at java.base/java.lang.Thread.run(Thread.java:840)
2026-01-20 15:16:39,506 [daml.index.db.threadpool.connection.api-server-3] DEBUG c.d.c.n.g.ApiRequestLogger:participant=sandbox tid:707e78e555a44573d15aa434c8d5a306 - Request c.d.l.a.v.PackageService/GetPackageStatus by /127.0.0.1:50289: received a message 
  Request tid:707e78e555a44573d15aa434c8d5a306
2026-01-20 15:16:39,506 [canton-env-ec-21] INFO  c.d.c.p.a.s.ApiPackageService:participant=sandbox tid:707e78e555a44573d15aa434c8d5a306 - Received request for a package status: GetPackageStatusRequest(sandbox,57b5c520512c24035057aa4c783cb7ac7f3f49db29806280962e188be7aadb66), packageId -> '57b5c520512c24035057aa4c783cb7ac7f3f49db29806280962e188be7aadb66'.
2026-01-20 15:16:39,538 [daml.index.db.threadpool.connection.api-server-3] ERROR c.d.c.p.s.d.DbDispatcherImpl:participant=sandbox tid:707e78e555a44573d15aa434c8d5a306 - INDEX_DB_SQL_NON_TRANSIENT_ERROR(4,707e78e5): Processing the request failed due to a non-transient database error: Table "PACKAGES" not found (this database is empty); SQL statement:

      select packages.package_id, packages.source_description, packages.known_since, packages.package_size
      from packages
      where packages.ledger_offset <= ?
     [42104-210] err-context:{location=DatabaseSelfServiceError.scala:53} 
org.h2.jdbc.JdbcSQLSyntaxErrorException: Table "PACKAGES" not found (this database is empty); SQL statement:

      select packages.package_id, packages.source_description, packages.known_since, packages.package_size
      from packages
      where packages.ledger_offset <= ?
     [42104-210]
	at org.h2.message.DbException.getJdbcSQLException(DbException.java:521)
	at org.h2.message.DbException.getJdbcSQLException(DbException.java:496)
	at org.h2.message.DbException.get(DbException.java:227)
	at org.h2.message.DbException.get(DbException.java:203)
	at org.h2.command.Parser.getTableOrViewNotFoundDbException(Parser.java:8397)
	at org.h2.command.Parser.getTableOrViewNotFoundDbException(Parser.java:8381)
	at org.h2.command.Parser.readTableOrView(Parser.java:8370)
	at org.h2.command.Parser.readTablePrimary(Parser.java:1866)
	at org.h2.command.Parser.readTableReference(Parser.java:2342)
	at org.h2.command.Parser.parseSelectFromPart(Parser.java:2793)
	at org.h2.command.Parser.parseSelect(Parser.java:2900)
	at org.h2.command.Parser.parseQueryPrimary(Parser.java:2783)
	at org.h2.command.Parser.parseQueryTerm(Parser.java:2650)
	at org.h2.command.Parser.parseQueryExpressionBody(Parser.java:2629)
	at org.h2.command.Parser.parseQueryExpressionBodyAndEndOfQuery(Parser.java:2622)
	at org.h2.command.Parser.parseQueryExpression(Parser.java:2615)
	at org.h2.command.Parser.parseQuery(Parser.java:2576)
	at org.h2.command.Parser.parsePrepared(Parser.java:707)
	at org.h2.command.Parser.parse(Parser.java:674)
	at org.h2.command.Parser.parse(Parser.java:644)
	at org.h2.command.Parser.prepareCommand(Parser.java:551)
	at org.h2.engine.SessionLocal.prepareLocal(SessionLocal.java:615)
	at org.h2.engine.SessionLocal.prepareCommand(SessionLocal.java:553)
	at org.h2.jdbc.JdbcConnection.prepareCommand(JdbcConnection.java:1116)
	at org.h2.jdbc.JdbcPreparedStatement.<init>(JdbcPreparedStatement.java:92)
	at org.h2.jdbc.JdbcConnection.prepareStatement(JdbcConnection.java:288)
	at com.zaxxer.hikari.pool.ProxyConnection.prepareStatement(ProxyConnection.java:311)
	at com.zaxxer.hikari.pool.HikariProxyConnection.prepareStatement(HikariProxyConnection.java)
	at anorm.SimpleSql.$anonfun$prepareNoGeneratedKeys$1(SimpleSql.scala:55)
	at anorm.SimpleSql.unsafeStatement(SimpleSql.scala:85)
	at anorm.SimpleSql.unsafeStatement(SimpleSql.scala:68)
	at anorm.Sql.$anonfun$preparedStatement$1(Anorm.scala:77)
	at resource.DefaultManagedResource.open(AbstractManagedResource.scala:107)
	at resource.AbstractManagedResource.acquireFor(AbstractManagedResource.scala:84)
	at resource.ManagedResourceOperations$$anon$1.acquireFor(ManagedResourceOperations.scala:47)
	at resource.DeferredExtractableManagedResource.acquireFor(AbstractManagedResource.scala:25)
	at resource.ManagedResourceOperations.apply(ManagedResourceOperations.scala:31)
	at resource.ManagedResourceOperations.apply$(ManagedResourceOperations.scala:31)
	at resource.DeferredExtractableManagedResource.apply(AbstractManagedResource.scala:22)
	at resource.ManagedResourceOperations.acquireAndGet(ManagedResourceOperations.scala:29)
	at resource.ManagedResourceOperations.acquireAndGet$(ManagedResourceOperations.scala:29)
	at resource.DeferredExtractableManagedResource.acquireAndGet(AbstractManagedResource.scala:22)
	at anorm.Sql$.$anonfun$asTry$1(Anorm.scala:263)
	at scala.util.Try$.apply(Try.scala:210)
	at anorm.Sql$.asTry(Anorm.scala:263)
	at anorm.WithResult.asTry(SqlResult.scala:215)
	at anorm.WithResult.asTry$(SqlResult.scala:213)
	at anorm.SimpleSql.asTry(SimpleSql.scala:6)
	at anorm.WithResult.as(SqlResult.scala:205)
	at anorm.WithResult.as$(SqlResult.scala:204)
	at anorm.SimpleSql.as(SimpleSql.scala:6)
	at com.digitalasset.canton.platform.store.backend.common.PackageStorageBackendTemplate.lfPackages(PackageStorageBackendTemplate.scala:54)
	at com.digitalasset.canton.platform.store.dao.JdbcLedgerDao.$anonfun$listLfPackages$1(JdbcLedgerDao.scala:311)
	at com.digitalasset.canton.platform.store.dao.DataSourceConnectionProvider$$anon$1.$anonfun$runSQL$1(HikariJdbcConnectionProvider.scala:80)
	at com.daml.metrics.api.opentelemetry.OpenTelemetryTimer.time(OpenTelemetryMetricsFactory.scala:180)
	at com.daml.metrics.Timed$.value(Timed.scala:18)
	at com.digitalasset.canton.platform.store.dao.DataSourceConnectionProvider$$anon$1.runSQL(HikariJdbcConnectionProvider.scala:80)
	at com.digitalasset.canton.platform.store.dao.DbDispatcherImpl.$anonfun$executeSql$2(DbDispatcher.scala:87)
	at scala.concurrent.Future$.$anonfun$apply$1(Future.scala:687)
	at scala.concurrent.impl.Promise$Transformation.run(Promise.scala:467)
	at com.daml.executors.QueueAwareExecutorService$TrackingRunnable.run(QueueAwareExecutorService.scala:98)
	at com.daml.metrics.InstrumentedExecutorServiceMetrics$InstrumentedExecutorService$InstrumentedRunnable.run(InstrumentedExecutorServiceMetrics.scala:202)
	at java.base/java.util.concurrent.ThreadPoolExecutor.runWorker(ThreadPoolExecutor.java:1136)
	at java.base/java.util.concurrent.ThreadPoolExecutor$Worker.run(ThreadPoolExecutor.java:635)
	at java.base/java.lang.Thread.run(Thread.java:840)
2026-01-20 15:16:39,536 [canton-env-ec-28] ERROR c.d.c.n.g.ApiRequestLogger:participant=participant1 tid:c1f678578e2349a2b369d693e276ae87 - Request c.d.l.a.v.PackageService/GetPackageStatus by /127.0.0.1:50290: failed with INTERNAL/An error occurred. Please contact the operator and inquire about the request c1f678578e2349a2b369d693e276ae87 with tid c1f678578e2349a2b369d693e276ae87
2026-01-20 15:16:39,592 [canton-env-ec-28] ERROR c.d.c.p.a.s.ApiPackageService:participant=participant1 tid:cc5d57c247c3a57b332f16a92382434c - Unhandled internal error
com.digitalasset.canton.ledger.error.IndexErrors$IndexDbException: INTERNAL: An error occurred. Please contact the operator and inquire about the request cc5d57c247c3a57b332f16a92382434c with tid cc5d57c247c3a57b332f16a92382434c
2026-01-20 15:16:39,535 [canton-env-ec-32] ERROR c.d.c.n.g.ApiRequestLogger:participant=participant1 tid:200aa9fdce32a874cdade4d23d31a8fd - Request c.d.l.a.v.PackageService/GetPackageStatus by /127.0.0.1:50290: failed with INTERNAL/An error occurred. Please contact the operator and inquire about the request 200aa9fdce32a874cdade4d23d31a8fd with tid 200aa9fdce32a874cdade4d23d31a8fd
2026-01-20 15:16:39,534 [canton-env-ec-123] ERROR c.d.c.n.g.ApiRequestLogger:participant=participant1 tid:8b1edcf1c7f23db293baa9ff90f4a8b7 - Request c.d.l.a.v.PackageService/GetPackageStatus by /127.0.0.1:50290: failed with INTERNAL/An error occurred. Please contact the operator and inquire about the request 8b1edcf1c7f23db293baa9ff90f4a8b7 with tid 8b1edcf1c7f23db293baa9ff90f4a8b7
2026-01-20 15:16:39,534 [canton-env-ec-96] ERROR c.d.c.p.a.s.ApiPackageService:participant=participant1 tid:67fd3137096ac8e62f591a548e6e5768 - Unhandled internal error
com.digitalasset.canton.ledger.error.IndexErrors$IndexDbException: INTERNAL: An error occurred. Please contact the operator and inquire about the request 67fd3137096ac8e62f591a548e6e5768 with tid 67fd3137096ac8e62f591a548e6e5768
2026-01-20 15:16:39,533 [canton-env-ec-110] ERROR c.d.c.n.g.ApiRequestLogger:participant=sandbox tid:0e83cb104634c25fd735e0189fb031bf - Request c.d.l.a.v.PackageService/GetPackageStatus by /127.0.0.1:50289: failed with INTERNAL/An error occurred. Please contact the operator and inquire about the request 0e83cb104634c25fd735e0189fb031bf with tid 0e83cb104634c25fd735e0189fb031bf
2026-01-20 15:16:39,533 [canton-env-ec-113] ERROR c.d.c.n.g.ApiRequestLogger:participant=sandbox tid:d858e5ccece04c38ccdea9c3e3c1e94c - Request c.d.l.a.v.PackageService/GetPackageStatus by /127.0.0.1:50289: failed with INTERNAL/An error occurred. Please contact the operator and inquire about the request d858e5ccece04c38ccdea9c3e3c1e94c with tid d858e5ccece04c38ccdea9c3e3c1e94c
2026-01-20 15:16:39,506 [daml.index.db.threadpool.connection.api-server-3] DEBUG c.d.c.n.g.ApiRequestLogger:participant=participant1 tid:f1e904fb074239f644f6bd79bb63ca6d - Request c.d.l.a.v.PackageService/GetPackageStatus by /127.0.0.1:50290: received a message 
  Request tid:f1e904fb074239f644f6bd79bb63ca6d
2026-01-20 15:16:39,507 [canton-env-ec-112] INFO  c.d.c.p.a.s.ApiPackageService:participant=participant1 tid:f1e904fb074239f644f6bd79bb63ca6d - Received request for a package status: GetPackageStatusRequest(participant1,57b5c520512c24035057aa4c783cb7ac7f3f49db29806280962e188be7aadb66), packageId -> '57b5c520512c24035057aa4c783cb7ac7f3f49db29806280962e188be7aadb66'.
2026-01-20 15:16:39,531 [daml.index.db.threadpool.connection.api-server-3] ERROR c.d.c.p.s.d.DbDispatcherImpl:participant=participant1 tid:f1e904fb074239f644f6bd79bb63ca6d - INDEX_DB_SQL_NON_TRANSIENT_ERROR(4,f1e904fb): Processing the request failed due to a non-transient database error: Table "PACKAGES" not found (this database is empty); SQL statement:

      select packages.package_id, packages.source_description, packages.known_since, packages.package_size
      from packages
      where packages.ledger_offset <= ?
     [42104-210] err-context:{location=DatabaseSelfServiceError.scala:53} 
org.h2.jdbc.JdbcSQLSyntaxErrorException: Table "PACKAGES" not found (this database is empty); SQL statement:

      select packages.package_id, packages.source_description, packages.known_since, packages.package_size
      from packages
      where packages.ledger_offset <= ?
     [42104-210]
	at org.h2.message.DbException.getJdbcSQLException(DbException.java:521)
	at org.h2.message.DbException.getJdbcSQLException(DbException.java:496)
	at org.h2.message.DbException.get(DbException.java:227)
	at org.h2.message.DbException.get(DbException.java:203)
	at org.h2.command.Parser.getTableOrViewNotFoundDbException(Parser.java:8397)
	at org.h2.command.Parser.getTableOrViewNotFoundDbException(Parser.java:8381)
	at org.h2.command.Parser.readTableOrView(Parser.java:8370)
	at org.h2.command.Parser.readTablePrimary(Parser.java:1866)
	at org.h2.command.Parser.readTableReference(Parser.java:2342)
	at org.h2.command.Parser.parseSelectFromPart(Parser.java:2793)
	at org.h2.command.Parser.parseSelect(Parser.java:2900)
	at org.h2.command.Parser.parseQueryPrimary(Parser.java:2783)
	at org.h2.command.Parser.parseQueryTerm(Parser.java:2650)
	at org.h2.command.Parser.parseQueryExpressionBody(Parser.java:2629)
	at org.h2.command.Parser.parseQueryExpressionBodyAndEndOfQuery(Parser.java:2622)
	at org.h2.command.Parser.parseQueryExpression(Parser.java:2615)
	at org.h2.command.Parser.parseQuery(Parser.java:2576)
	at org.h2.command.Parser.parsePrepared(Parser.java:707)
	at org.h2.command.Parser.parse(Parser.java:674)
	at org.h2.command.Parser.parse(Parser.java:644)
	at org.h2.command.Parser.prepareCommand(Parser.java:551)
	at org.h2.engine.SessionLocal.prepareLocal(SessionLocal.java:615)
	at org.h2.engine.SessionLocal.prepareCommand(SessionLocal.java:553)
	at org.h2.jdbc.JdbcConnection.prepareCommand(JdbcConnection.java:1116)
	at org.h2.jdbc.JdbcPreparedStatement.<init>(JdbcPreparedStatement.java:92)
	at org.h2.jdbc.JdbcConnection.prepareStatement(JdbcConnection.java:288)
	at com.zaxxer.hikari.pool.ProxyConnection.prepareStatement(ProxyConnection.java:311)
	at com.zaxxer.hikari.pool.HikariProxyConnection.prepareStatement(HikariProxyConnection.java)
	at anorm.SimpleSql.$anonfun$prepareNoGeneratedKeys$1(SimpleSql.scala:55)
	at anorm.SimpleSql.unsafeStatement(SimpleSql.scala:85)
	at anorm.SimpleSql.unsafeStatement(SimpleSql.scala:68)
	at anorm.Sql.$anonfun$preparedStatement$1(Anorm.scala:77)
	at resource.DefaultManagedResource.open(AbstractManagedResource.scala:107)
	at resource.AbstractManagedResource.acquireFor(AbstractManagedResource.scala:84)
	at resource.ManagedResourceOperations$$anon$1.acquireFor(ManagedResourceOperations.scala:47)
	at resource.DeferredExtractableManagedResource.acquireFor(AbstractManagedResource.scala:25)
	at resource.ManagedResourceOperations.apply(ManagedResourceOperations.scala:31)
	at resource.ManagedResourceOperations.apply$(ManagedResourceOperations.scala:31)
	at resource.DeferredExtractableManagedResource.apply(AbstractManagedResource.scala:22)
	at resource.ManagedResourceOperations.acquireAndGet(ManagedResourceOperations.scala:29)
	at resource.ManagedResourceOperations.acquireAndGet$(ManagedResourceOperations.scala:29)
	at resource.DeferredExtractableManagedResource.acquireAndGet(AbstractManagedResource.scala:22)
	at anorm.Sql$.$anonfun$asTry$1(Anorm.scala:263)
	at scala.util.Try$.apply(Try.scala:210)
	at anorm.Sql$.asTry(Anorm.scala:263)
	at anorm.WithResult.asTry(SqlResult.scala:215)
	at anorm.WithResult.asTry$(SqlResult.scala:213)
	at anorm.SimpleSql.asTry(SimpleSql.scala:6)
	at anorm.WithResult.as(SqlResult.scala:205)
	at anorm.WithResult.as$(SqlResult.scala:204)
	at anorm.SimpleSql.as(SimpleSql.scala:6)
	at com.digitalasset.canton.platform.store.backend.common.PackageStorageBackendTemplate.lfPackages(PackageStorageBackendTemplate.scala:54)
	at com.digitalasset.canton.platform.store.dao.JdbcLedgerDao.$anonfun$listLfPackages$1(JdbcLedgerDao.scala:311)
	at com.digitalasset.canton.platform.store.dao.DataSourceConnectionProvider$$anon$1.$anonfun$runSQL$1(HikariJdbcConnectionProvider.scala:80)
	at com.daml.metrics.api.opentelemetry.OpenTelemetryTimer.time(OpenTelemetryMetricsFactory.scala:180)
	at com.daml.metrics.Timed$.value(Timed.scala:18)
	at com.digitalasset.canton.platform.store.dao.DataSourceConnectionProvider$$anon$1.runSQL(HikariJdbcConnectionProvider.scala:80)
	at com.digitalasset.canton.platform.store.dao.DbDispatcherImpl.$anonfun$executeSql$2(DbDispatcher.scala:87)
	at scala.concurrent.Future$.$anonfun$apply$1(Future.scala:687)
	at scala.concurrent.impl.Promise$Transformation.run(Promise.scala:467)
	at com.daml.executors.QueueAwareExecutorService$TrackingRunnable.run(QueueAwareExecutorService.scala:98)
	at com.daml.metrics.InstrumentedExecutorServiceMetrics$InstrumentedExecutorService$InstrumentedRunnable.run(InstrumentedExecutorServiceMetrics.scala:202)
	at java.base/java.util.concurrent.ThreadPoolExecutor.runWorker(ThreadPoolExecutor.java:1136)
	at java.base/java.util.concurrent.ThreadPoolExecutor$Worker.run(ThreadPoolExecutor.java:635)
	at java.base/java.lang.Thread.run(Thread.java:840)
2026-01-20 15:16:39,593 [canton-env-ec-113] ERROR c.d.c.p.a.s.ApiPackageService:participant=sandbox tid:ae9be9bd3c75e44695ed3f55c1895466 - Unhandled internal error
com.digitalasset.canton.ledger.error.IndexErrors$IndexDbException: INTERNAL: An error occurred. Please contact the operator and inquire about the request ae9be9bd3c75e44695ed3f55c1895466 with tid ae9be9bd3c75e44695ed3f55c1895466
2026-01-20 15:16:39,593 [canton-env-ec-110] ERROR c.d.c.p.a.s.ApiPackageService:participant=sandbox tid:62cd4e0a6aab855b658ebb9d913542d7 - Unhandled internal error
com.digitalasset.canton.ledger.error.IndexErrors$IndexDbException: INTERNAL: An error occurred. Please contact the operator and inquire about the request 62cd4e0a6aab855b658ebb9d913542d7 with tid 62cd4e0a6aab855b658ebb9d913542d7
2026-01-20 15:16:39,592 [canton-env-ec-96] ERROR c.d.c.n.g.ApiRequestLogger:participant=participant1 tid:67fd3137096ac8e62f591a548e6e5768 - Request c.d.l.a.v.PackageService/GetPackageStatus by /127.0.0.1:50290: failed with INTERNAL/An error occurred. Please contact the operator and inquire about the request 67fd3137096ac8e62f591a548e6e5768 with tid 67fd3137096ac8e62f591a548e6e5768
2026-01-20 15:16:39,592 [canton-env-ec-108] ERROR c.d.c.p.a.s.ApiPackageService:participant=sandbox tid:f42decdb230fd5d4ce1702a9ca41afff - Unhandled internal error
com.digitalasset.canton.ledger.error.IndexErrors$IndexDbException: INTERNAL: An error occurred. Please contact the operator and inquire about the request f42decdb230fd5d4ce1702a9ca41afff with tid f42decdb230fd5d4ce1702a9ca41afff
2026-01-20 15:16:39,592 [canton-env-ec-30] ERROR c.d.c.p.a.s.ApiPackageService:participant=sandbox tid:707e78e555a44573d15aa434c8d5a306 - Unhandled internal error
com.digitalasset.canton.ledger.error.IndexErrors$IndexDbException: INTERNAL: An error occurred. Please contact the operator and inquire about the request 707e78e555a44573d15aa434c8d5a306 with tid 707e78e555a44573d15aa434c8d5a306
2026-01-20 15:16:39,592 [canton-env-ec-123] ERROR c.d.c.p.a.s.ApiPackageService:participant=participant1 tid:c70f69353d0e5c27bf6ca291119afc8d - Unhandled internal error
com.digitalasset.canton.ledger.error.IndexErrors$IndexDbException: INTERNAL: An error occurred. Please contact the operator and inquire about the request c70f69353d0e5c27bf6ca291119afc8d with tid c70f69353d0e5c27bf6ca291119afc8d
2026-01-20 15:16:39,508 [daml.index.db.threadpool.connection.api-server-3] DEBUG c.d.c.n.g.ApiRequestLogger:participant=sandbox tid:5c1170638cf7583ab5724d31b95e0d6e - Request c.d.l.a.v.PackageService/GetPackageStatus by /127.0.0.1:50289: received a message 
  Request tid:5c1170638cf7583ab5724d31b95e0d6e
2026-01-20 15:16:39,511 [canton-env-ec-113] INFO  c.d.c.p.a.s.ApiPackageService:participant=sandbox tid:5c1170638cf7583ab5724d31b95e0d6e - Received request for a package status: GetPackageStatusRequest(sandbox,057eed1fd48c238491b8ea06b9b5bf85a5d4c9275dd3f6183e0e6b01730cc2ba), packageId -> '057eed1fd48c238491b8ea06b9b5bf85a5d4c9275dd3f6183e0e6b01730cc2ba'.
2026-01-20 15:16:39,592 [daml.index.db.threadpool.connection.api-server-3] ERROR c.d.c.p.s.d.DbDispatcherImpl:participant=sandbox tid:5c1170638cf7583ab5724d31b95e0d6e - INDEX_DB_SQL_NON_TRANSIENT_ERROR(4,5c117063): Processing the request failed due to a non-transient database error: Table "PACKAGES" not found (this database is empty); SQL statement:

      select packages.package_id, packages.source_description, packages.known_since, packages.package_size
      from packages
      where packages.ledger_offset <= ?
     [42104-210] err-context:{location=DatabaseSelfServiceError.scala:53} 
org.h2.jdbc.JdbcSQLSyntaxErrorException: Table "PACKAGES" not found (this database is empty); SQL statement:

      select packages.package_id, packages.source_description, packages.known_since, packages.package_size
      from packages
      where packages.ledger_offset <= ?
     [42104-210]
	at org.h2.message.DbException.getJdbcSQLException(DbException.java:521)
	at org.h2.message.DbException.getJdbcSQLException(DbException.java:496)
	at org.h2.message.DbException.get(DbException.java:227)
	at org.h2.message.DbException.get(DbException.java:203)
	at org.h2.command.Parser.getTableOrViewNotFoundDbException(Parser.java:8397)
	at org.h2.command.Parser.getTableOrViewNotFoundDbException(Parser.java:8381)
	at org.h2.command.Parser.readTableOrView(Parser.java:8370)
	at org.h2.command.Parser.readTablePrimary(Parser.java:1866)
	at org.h2.command.Parser.readTableReference(Parser.java:2342)
	at org.h2.command.Parser.parseSelectFromPart(Parser.java:2793)
	at org.h2.command.Parser.parseSelect(Parser.java:2900)
	at org.h2.command.Parser.parseQueryPrimary(Parser.java:2783)
	at org.h2.command.Parser.parseQueryTerm(Parser.java:2650)
	at org.h2.command.Parser.parseQueryExpressionBody(Parser.java:2629)
	at org.h2.command.Parser.parseQueryExpressionBodyAndEndOfQuery(Parser.java:2622)
	at org.h2.command.Parser.parseQueryExpression(Parser.java:2615)
	at org.h2.command.Parser.parseQuery(Parser.java:2576)
	at org.h2.command.Parser.parsePrepared(Parser.java:707)
	at org.h2.command.Parser.parse(Parser.java:674)
	at org.h2.command.Parser.parse(Parser.java:644)
	at org.h2.command.Parser.prepareCommand(Parser.java:551)
	at org.h2.engine.SessionLocal.prepareLocal(SessionLocal.java:615)
	at org.h2.engine.SessionLocal.prepareCommand(SessionLocal.java:553)
	at org.h2.jdbc.JdbcConnection.prepareCommand(JdbcConnection.java:1116)
	at org.h2.jdbc.JdbcPreparedStatement.<init>(JdbcPreparedStatement.java:92)
	at org.h2.jdbc.JdbcConnection.prepareStatement(JdbcConnection.java:288)
	at com.zaxxer.hikari.pool.ProxyConnection.prepareStatement(ProxyConnection.java:311)
	at com.zaxxer.hikari.pool.HikariProxyConnection.prepareStatement(HikariProxyConnection.java)
	at anorm.SimpleSql.$anonfun$prepareNoGeneratedKeys$1(SimpleSql.scala:55)
	at anorm.SimpleSql.unsafeStatement(SimpleSql.scala:85)
	at anorm.SimpleSql.unsafeStatement(SimpleSql.scala:68)
	at anorm.Sql.$anonfun$preparedStatement$1(Anorm.scala:77)
	at resource.DefaultManagedResource.open(AbstractManagedResource.scala:107)
	at resource.AbstractManagedResource.acquireFor(AbstractManagedResource.scala:84)
	at resource.ManagedResourceOperations$$anon$1.acquireFor(ManagedResourceOperations.scala:47)
	at resource.DeferredExtractableManagedResource.acquireFor(AbstractManagedResource.scala:25)
	at resource.ManagedResourceOperations.apply(ManagedResourceOperations.scala:31)
	at resource.ManagedResourceOperations.apply$(ManagedResourceOperations.scala:31)
	at resource.DeferredExtractableManagedResource.apply(AbstractManagedResource.scala:22)
	at resource.ManagedResourceOperations.acquireAndGet(ManagedResourceOperations.scala:29)
	at resource.ManagedResourceOperations.acquireAndGet$(ManagedResourceOperations.scala:29)
	at resource.DeferredExtractableManagedResource.acquireAndGet(AbstractManagedResource.scala:22)
	at anorm.Sql$.$anonfun$asTry$1(Anorm.scala:263)
	at scala.util.Try$.apply(Try.scala:210)
	at anorm.Sql$.asTry(Anorm.scala:263)
	at anorm.WithResult.asTry(SqlResult.scala:215)
	at anorm.WithResult.asTry$(SqlResult.scala:213)
	at anorm.SimpleSql.asTry(SimpleSql.scala:6)
	at anorm.WithResult.as(SqlResult.scala:205)
	at anorm.WithResult.as$(SqlResult.scala:204)
	at anorm.SimpleSql.as(SimpleSql.scala:6)
	at com.digitalasset.canton.platform.store.backend.common.PackageStorageBackendTemplate.lfPackages(PackageStorageBackendTemplate.scala:54)
	at com.digitalasset.canton.platform.store.dao.JdbcLedgerDao.$anonfun$listLfPackages$1(JdbcLedgerDao.scala:311)
	at com.digitalasset.canton.platform.store.dao.DataSourceConnectionProvider$$anon$1.$anonfun$runSQL$1(HikariJdbcConnectionProvider.scala:80)
	at com.daml.metrics.api.opentelemetry.OpenTelemetryTimer.time(OpenTelemetryMetricsFactory.scala:180)
	at com.daml.metrics.Timed$.value(Timed.scala:18)
	at com.digitalasset.canton.platform.store.dao.DataSourceConnectionProvider$$anon$1.runSQL(HikariJdbcConnectionProvider.scala:80)
	at com.digitalasset.canton.platform.store.dao.DbDispatcherImpl.$anonfun$executeSql$2(DbDispatcher.scala:87)
	at scala.concurrent.Future$.$anonfun$apply$1(Future.scala:687)
	at scala.concurrent.impl.Promise$Transformation.run(Promise.scala:467)
	at com.daml.executors.QueueAwareExecutorService$TrackingRunnable.run(QueueAwareExecutorService.scala:98)
	at com.daml.metrics.InstrumentedExecutorServiceMetrics$InstrumentedExecutorService$InstrumentedRunnable.run(InstrumentedExecutorServiceMetrics.scala:202)
	at java.base/java.util.concurrent.ThreadPoolExecutor.runWorker(ThreadPoolExecutor.java:1136)
	at java.base/java.util.concurrent.ThreadPoolExecutor$Worker.run(ThreadPoolExecutor.java:635)
	at java.base/java.lang.Thread.run(Thread.java:840)
2026-01-20 15:16:39,592 [canton-env-ec-20] ERROR c.d.c.p.a.s.ApiPackageService:participant=sandbox tid:ffa007701771aaad5bb4014553afbd06 - Unhandled internal error
com.digitalasset.canton.ledger.error.IndexErrors$IndexDbException: INTERNAL: An error occurred. Please contact the operator and inquire about the request ffa007701771aaad5bb4014553afbd06 with tid ffa007701771aaad5bb4014553afbd06
2026-01-20 15:16:39,592 [canton-env-ec-121] ERROR c.d.c.p.a.s.ApiPackageService:participant=participant1 tid:03cbbcf4a030b41c87157cf443b1ed20 - Unhandled internal error
com.digitalasset.canton.ledger.error.IndexErrors$IndexDbException: INTERNAL: An error occurred. Please contact the operator and inquire about the request 03cbbcf4a030b41c87157cf443b1ed20 with tid 03cbbcf4a030b41c87157cf443b1ed20
2026-01-20 15:16:39,592 [canton-env-ec-28] ERROR c.d.c.n.g.ApiRequestLogger:participant=participant1 tid:cc5d57c247c3a57b332f16a92382434c - Request c.d.l.a.v.PackageService/GetPackageStatus by /127.0.0.1:50290: failed with INTERNAL/An error occurred. Please contact the operator and inquire about the request cc5d57c247c3a57b332f16a92382434c with tid cc5d57c247c3a57b332f16a92382434c
2026-01-20 15:16:39,592 [canton-env-ec-22] ERROR c.d.c.p.a.s.ApiPackageService:participant=sandbox tid:758b9d7a711df1ceeb152de8d0f5a1cd - Unhandled internal error
com.digitalasset.canton.ledger.error.IndexErrors$IndexDbException: INTERNAL: An error occurred. Please contact the operator and inquire about the request 758b9d7a711df1ceeb152de8d0f5a1cd with tid 758b9d7a711df1ceeb152de8d0f5a1cd
2026-01-20 15:16:39,604 [canton-env-ec-22] ERROR c.d.c.n.g.ApiRequestLogger:participant=sandbox tid:758b9d7a711df1ceeb152de8d0f5a1cd - Request c.d.l.a.v.PackageService/GetPackageStatus by /127.0.0.1:50289: failed with INTERNAL/An error occurred. Please contact the operator and inquire about the request 758b9d7a711df1ceeb152de8d0f5a1cd with tid 758b9d7a711df1ceeb152de8d0f5a1cd
2026-01-20 15:16:39,604 [canton-env-ec-22] ERROR c.d.c.p.a.s.ApiPackageService:participant=participant1 tid:f1e904fb074239f644f6bd79bb63ca6d - Unhandled internal error
com.digitalasset.canton.ledger.error.IndexErrors$IndexDbException: INTERNAL: An error occurred. Please contact the operator and inquire about the request f1e904fb074239f644f6bd79bb63ca6d with tid f1e904fb074239f644f6bd79bb63ca6d
2026-01-20 15:16:39,591 [canton-env-ec-111] ERROR c.d.c.p.a.s.ApiPackageService:participant=participant1 tid:a6c90bfe4dc6abfbe207c51a6db04590 - Unhandled internal error
com.digitalasset.canton.ledger.error.IndexErrors$IndexDbException: INTERNAL: An error occurred. Please contact the operator and inquire about the request a6c90bfe4dc6abfbe207c51a6db04590 with tid a6c90bfe4dc6abfbe207c51a6db04590
2026-01-20 15:16:39,605 [canton-env-ec-111] ERROR c.d.c.n.g.ApiRequestLogger:participant=participant1 tid:a6c90bfe4dc6abfbe207c51a6db04590 - Request c.d.l.a.v.PackageService/GetPackageStatus by /127.0.0.1:50290: failed with INTERNAL/An error occurred. Please contact the operator and inquire about the request a6c90bfe4dc6abfbe207c51a6db04590 with tid a6c90bfe4dc6abfbe207c51a6db04590
2026-01-20 15:16:39,591 [canton-env-ec-29] ERROR c.d.c.p.a.s.ApiPackageService:participant=sandbox tid:0550b9f07b03e5cf34bd4b4ba0975fc3 - Unhandled internal error
com.digitalasset.canton.ledger.error.IndexErrors$IndexDbException: INTERNAL: An error occurred. Please contact the operator and inquire about the request 0550b9f07b03e5cf34bd4b4ba0975fc3 with tid 0550b9f07b03e5cf34bd4b4ba0975fc3
2026-01-20 15:16:39,605 [canton-env-ec-29] ERROR c.d.c.n.g.ApiRequestLogger:participant=sandbox tid:0550b9f07b03e5cf34bd4b4ba0975fc3 - Request c.d.l.a.v.PackageService/GetPackageStatus by /127.0.0.1:50289: failed with INTERNAL/An error occurred. Please contact the operator and inquire about the request 0550b9f07b03e5cf34bd4b4ba0975fc3 with tid 0550b9f07b03e5cf34bd4b4ba0975fc3
2026-01-20 15:16:39,500 [daml.index.db.threadpool.connection.api-server-0] DEBUG c.d.c.n.g.ApiRequestLogger:participant=participant1 tid:0cab0cc264425916b444de07f2def08d - Request c.d.l.a.v.PackageService/GetPackageStatus by /127.0.0.1:50290: received a message 
  Request tid:0cab0cc264425916b444de07f2def08d
2026-01-20 15:16:39,508 [canton-env-ec-20] INFO  c.d.c.p.a.s.ApiPackageService:participant=participant1 tid:0cab0cc264425916b444de07f2def08d - Received request for a package status: GetPackageStatusRequest(participant1,e22bce619ae24ca3b8e6519281cb5a33b64b3190cc763248b4c3f9ad5087a92c), packageId -> 'e22bce619ae24ca3b8e6519281cb5a33b64b3190cc763248b4c3f9ad5087a92c'.
2026-01-20 15:16:39,574 [daml.index.db.threadpool.connection.api-server-0] ERROR c.d.c.p.s.d.DbDispatcherImpl:participant=participant1 tid:0cab0cc264425916b444de07f2def08d - INDEX_DB_SQL_NON_TRANSIENT_ERROR(4,0cab0cc2): Processing the request failed due to a non-transient database error: Table "PACKAGES" not found (this database is empty); SQL statement:

      select packages.package_id, packages.source_description, packages.known_since, packages.package_size
      from packages
      where packages.ledger_offset <= ?
     [42104-210] err-context:{location=DatabaseSelfServiceError.scala:53} 
org.h2.jdbc.JdbcSQLSyntaxErrorException: Table "PACKAGES" not found (this database is empty); SQL statement:

      select packages.package_id, packages.source_description, packages.known_since, packages.package_size
      from packages
      where packages.ledger_offset <= ?
     [42104-210]
	at org.h2.message.DbException.getJdbcSQLException(DbException.java:521)
	at org.h2.message.DbException.getJdbcSQLException(DbException.java:496)
	at org.h2.message.DbException.get(DbException.java:227)
	at org.h2.message.DbException.get(DbException.java:203)
	at org.h2.command.Parser.getTableOrViewNotFoundDbException(Parser.java:8397)
	at org.h2.command.Parser.getTableOrViewNotFoundDbException(Parser.java:8381)
	at org.h2.command.Parser.readTableOrView(Parser.java:8370)
	at org.h2.command.Parser.readTablePrimary(Parser.java:1866)
	at org.h2.command.Parser.readTableReference(Parser.java:2342)
	at org.h2.command.Parser.parseSelectFromPart(Parser.java:2793)
	at org.h2.command.Parser.parseSelect(Parser.java:2900)
	at org.h2.command.Parser.parseQueryPrimary(Parser.java:2783)
	at org.h2.command.Parser.parseQueryTerm(Parser.java:2650)
	at org.h2.command.Parser.parseQueryExpressionBody(Parser.java:2629)
	at org.h2.command.Parser.parseQueryExpressionBodyAndEndOfQuery(Parser.java:2622)
	at org.h2.command.Parser.parseQueryExpression(Parser.java:2615)
	at org.h2.command.Parser.parseQuery(Parser.java:2576)
	at org.h2.command.Parser.parsePrepared(Parser.java:707)
	at org.h2.command.Parser.parse(Parser.java:674)
	at org.h2.command.Parser.parse(Parser.java:644)
	at org.h2.command.Parser.prepareCommand(Parser.java:551)
	at org.h2.engine.SessionLocal.prepareLocal(SessionLocal.java:615)
	at org.h2.engine.SessionLocal.prepareCommand(SessionLocal.java:553)
	at org.h2.jdbc.JdbcConnection.prepareCommand(JdbcConnection.java:1116)
	at org.h2.jdbc.JdbcPreparedStatement.<init>(JdbcPreparedStatement.java:92)
	at org.h2.jdbc.JdbcConnection.prepareStatement(JdbcConnection.java:288)
	at com.zaxxer.hikari.pool.ProxyConnection.prepareStatement(ProxyConnection.java:311)
	at com.zaxxer.hikari.pool.HikariProxyConnection.prepareStatement(HikariProxyConnection.java)
	at anorm.SimpleSql.$anonfun$prepareNoGeneratedKeys$1(SimpleSql.scala:55)
	at anorm.SimpleSql.unsafeStatement(SimpleSql.scala:85)
	at anorm.SimpleSql.unsafeStatement(SimpleSql.scala:68)
	at anorm.Sql.$anonfun$preparedStatement$1(Anorm.scala:77)
	at resource.DefaultManagedResource.open(AbstractManagedResource.scala:107)
	at resource.AbstractManagedResource.acquireFor(AbstractManagedResource.scala:84)
	at resource.ManagedResourceOperations$$anon$1.acquireFor(ManagedResourceOperations.scala:47)
	at resource.DeferredExtractableManagedResource.acquireFor(AbstractManagedResource.scala:25)
	at resource.ManagedResourceOperations.apply(ManagedResourceOperations.scala:31)
	at resource.ManagedResourceOperations.apply$(ManagedResourceOperations.scala:31)
	at resource.DeferredExtractableManagedResource.apply(AbstractManagedResource.scala:22)
	at resource.ManagedResourceOperations.acquireAndGet(ManagedResourceOperations.scala:29)
	at resource.ManagedResourceOperations.acquireAndGet$(ManagedResourceOperations.scala:29)
	at resource.DeferredExtractableManagedResource.acquireAndGet(AbstractManagedResource.scala:22)
	at anorm.Sql$.$anonfun$asTry$1(Anorm.scala:263)
	at scala.util.Try$.apply(Try.scala:210)
	at anorm.Sql$.asTry(Anorm.scala:263)
	at anorm.WithResult.asTry(SqlResult.scala:215)
	at anorm.WithResult.asTry$(SqlResult.scala:213)
	at anorm.SimpleSql.asTry(SimpleSql.scala:6)
	at anorm.WithResult.as(SqlResult.scala:205)
	at anorm.WithResult.as$(SqlResult.scala:204)
	at anorm.SimpleSql.as(SimpleSql.scala:6)
	at com.digitalasset.canton.platform.store.backend.common.PackageStorageBackendTemplate.lfPackages(PackageStorageBackendTemplate.scala:54)
	at com.digitalasset.canton.platform.store.dao.JdbcLedgerDao.$anonfun$listLfPackages$1(JdbcLedgerDao.scala:311)
	at com.digitalasset.canton.platform.store.dao.DataSourceConnectionProvider$$anon$1.$anonfun$runSQL$1(HikariJdbcConnectionProvider.scala:80)
	at com.daml.metrics.api.opentelemetry.OpenTelemetryTimer.time(OpenTelemetryMetricsFactory.scala:180)
	at com.daml.metrics.Timed$.value(Timed.scala:18)
	at com.digitalasset.canton.platform.store.dao.DataSourceConnectionProvider$$anon$1.runSQL(HikariJdbcConnectionProvider.scala:80)
	at com.digitalasset.canton.platform.store.dao.DbDispatcherImpl.$anonfun$executeSql$2(DbDispatcher.scala:87)
	at scala.concurrent.Future$.$anonfun$apply$1(Future.scala:687)
	at scala.concurrent.impl.Promise$Transformation.run(Promise.scala:467)
	at com.daml.executors.QueueAwareExecutorService$TrackingRunnable.run(QueueAwareExecutorService.scala:98)
	at com.daml.metrics.InstrumentedExecutorServiceMetrics$InstrumentedExecutorService$InstrumentedRunnable.run(InstrumentedExecutorServiceMetrics.scala:202)
	at java.base/java.util.concurrent.ThreadPoolExecutor.runWorker(ThreadPoolExecutor.java:1136)
	at java.base/java.util.concurrent.ThreadPoolExecutor$Worker.run(ThreadPoolExecutor.java:635)
	at java.base/java.lang.Thread.run(Thread.java:840)
2026-01-20 15:16:39,506 [daml.index.db.threadpool.connection.api-server-1] DEBUG c.d.c.n.g.ApiRequestLogger:participant=sandbox tid:940ea20d7549c085f1af867b28ca3a5b - Request c.d.l.a.v.PackageService/GetPackageStatus by /127.0.0.1:50289: received a message 
  Request tid:940ea20d7549c085f1af867b28ca3a5b
2026-01-20 15:16:39,508 [canton-env-ec-96] INFO  c.d.c.p.a.s.ApiPackageService:participant=sandbox tid:940ea20d7549c085f1af867b28ca3a5b - Received request for a package status: GetPackageStatusRequest(sandbox,bfcd37bd6b84768e86e432f5f6c33e25d9e7724a9d42e33875ff74f6348e733f), packageId -> 'bfcd37bd6b84768e86e432f5f6c33e25d9e7724a9d42e33875ff74f6348e733f'.
2026-01-20 15:16:39,573 [daml.index.db.threadpool.connection.api-server-1] ERROR c.d.c.p.s.d.DbDispatcherImpl:participant=sandbox tid:940ea20d7549c085f1af867b28ca3a5b - INDEX_DB_SQL_NON_TRANSIENT_ERROR(4,940ea20d): Processing the request failed due to a non-transient database error: Table "PACKAGES" not found (this database is empty); SQL statement:

      select packages.package_id, packages.source_description, packages.known_since, packages.package_size
      from packages
      where packages.ledger_offset <= ?
     [42104-210] err-context:{location=DatabaseSelfServiceError.scala:53} 
org.h2.jdbc.JdbcSQLSyntaxErrorException: Table "PACKAGES" not found (this database is empty); SQL statement:

      select packages.package_id, packages.source_description, packages.known_since, packages.package_size
      from packages
      where packages.ledger_offset <= ?
     [42104-210]
	at org.h2.message.DbException.getJdbcSQLException(DbException.java:521)
	at org.h2.message.DbException.getJdbcSQLException(DbException.java:496)
	at org.h2.message.DbException.get(DbException.java:227)
	at org.h2.message.DbException.get(DbException.java:203)
	at org.h2.command.Parser.getTableOrViewNotFoundDbException(Parser.java:8397)
	at org.h2.command.Parser.getTableOrViewNotFoundDbException(Parser.java:8381)
	at org.h2.command.Parser.readTableOrView(Parser.java:8370)
	at org.h2.command.Parser.readTablePrimary(Parser.java:1866)
	at org.h2.command.Parser.readTableReference(Parser.java:2342)
	at org.h2.command.Parser.parseSelectFromPart(Parser.java:2793)
	at org.h2.command.Parser.parseSelect(Parser.java:2900)
	at org.h2.command.Parser.parseQueryPrimary(Parser.java:2783)
	at org.h2.command.Parser.parseQueryTerm(Parser.java:2650)
	at org.h2.command.Parser.parseQueryExpressionBody(Parser.java:2629)
	at org.h2.command.Parser.parseQueryExpressionBodyAndEndOfQuery(Parser.java:2622)
	at org.h2.command.Parser.parseQueryExpression(Parser.java:2615)
	at org.h2.command.Parser.parseQuery(Parser.java:2576)
	at org.h2.command.Parser.parsePrepared(Parser.java:707)
	at org.h2.command.Parser.parse(Parser.java:674)
	at org.h2.command.Parser.parse(Parser.java:644)
	at org.h2.command.Parser.prepareCommand(Parser.java:551)
	at org.h2.engine.SessionLocal.prepareLocal(SessionLocal.java:615)
	at org.h2.engine.SessionLocal.prepareCommand(SessionLocal.java:553)
	at org.h2.jdbc.JdbcConnection.prepareCommand(JdbcConnection.java:1116)
	at org.h2.jdbc.JdbcPreparedStatement.<init>(JdbcPreparedStatement.java:92)
	at org.h2.jdbc.JdbcConnection.prepareStatement(JdbcConnection.java:288)
	at com.zaxxer.hikari.pool.ProxyConnection.prepareStatement(ProxyConnection.java:311)
	at com.zaxxer.hikari.pool.HikariProxyConnection.prepareStatement(HikariProxyConnection.java)
	at anorm.SimpleSql.$anonfun$prepareNoGeneratedKeys$1(SimpleSql.scala:55)
	at anorm.SimpleSql.unsafeStatement(SimpleSql.scala:85)
	at anorm.SimpleSql.unsafeStatement(SimpleSql.scala:68)
	at anorm.Sql.$anonfun$preparedStatement$1(Anorm.scala:77)
	at resource.DefaultManagedResource.open(AbstractManagedResource.scala:107)
	at resource.AbstractManagedResource.acquireFor(AbstractManagedResource.scala:84)
	at resource.ManagedResourceOperations$$anon$1.acquireFor(ManagedResourceOperations.scala:47)
	at resource.DeferredExtractableManagedResource.acquireFor(AbstractManagedResource.scala:25)
	at resource.ManagedResourceOperations.apply(ManagedResourceOperations.scala:31)
	at resource.ManagedResourceOperations.apply$(ManagedResourceOperations.scala:31)
	at resource.DeferredExtractableManagedResource.apply(AbstractManagedResource.scala:22)
	at resource.ManagedResourceOperations.acquireAndGet(ManagedResourceOperations.scala:29)
	at resource.ManagedResourceOperations.acquireAndGet$(ManagedResourceOperations.scala:29)
	at resource.DeferredExtractableManagedResource.acquireAndGet(AbstractManagedResource.scala:22)
	at anorm.Sql$.$anonfun$asTry$1(Anorm.scala:263)
	at scala.util.Try$.apply(Try.scala:210)
	at anorm.Sql$.asTry(Anorm.scala:263)
	at anorm.WithResult.asTry(SqlResult.scala:215)
	at anorm.WithResult.asTry$(SqlResult.scala:213)
	at anorm.SimpleSql.asTry(SimpleSql.scala:6)
	at anorm.WithResult.as(SqlResult.scala:205)
	at anorm.WithResult.as$(SqlResult.scala:204)
	at anorm.SimpleSql.as(SimpleSql.scala:6)
	at com.digitalasset.canton.platform.store.backend.common.PackageStorageBackendTemplate.lfPackages(PackageStorageBackendTemplate.scala:54)
	at com.digitalasset.canton.platform.store.dao.JdbcLedgerDao.$anonfun$listLfPackages$1(JdbcLedgerDao.scala:311)
	at com.digitalasset.canton.platform.store.dao.DataSourceConnectionProvider$$anon$1.$anonfun$runSQL$1(HikariJdbcConnectionProvider.scala:80)
	at com.daml.metrics.api.opentelemetry.OpenTelemetryTimer.time(OpenTelemetryMetricsFactory.scala:180)
	at com.daml.metrics.Timed$.value(Timed.scala:18)
	at com.digitalasset.canton.platform.store.dao.DataSourceConnectionProvider$$anon$1.runSQL(HikariJdbcConnectionProvider.scala:80)
	at com.digitalasset.canton.platform.store.dao.DbDispatcherImpl.$anonfun$executeSql$2(DbDispatcher.scala:87)
	at scala.concurrent.Future$.$anonfun$apply$1(Future.scala:687)
	at scala.concurrent.impl.Promise$Transformation.run(Promise.scala:467)
	at com.daml.executors.QueueAwareExecutorService$TrackingRunnable.run(QueueAwareExecutorService.scala:98)
	at com.daml.metrics.InstrumentedExecutorServiceMetrics$InstrumentedExecutorService$InstrumentedRunnable.run(InstrumentedExecutorServiceMetrics.scala:202)
	at java.base/java.util.concurrent.ThreadPoolExecutor.runWorker(ThreadPoolExecutor.java:1136)
	at java.base/java.util.concurrent.ThreadPoolExecutor$Worker.run(ThreadPoolExecutor.java:635)
	at java.base/java.lang.Thread.run(Thread.java:840)
2026-01-20 15:16:39,508 [daml.index.db.threadpool.connection.api-server-1] DEBUG c.d.c.n.g.ApiRequestLogger:participant=participant1 tid:7d5ca5c79030169f87dab9c1f48d7f31 - Request c.d.l.a.v.PackageService/GetPackageStatus by /127.0.0.1:50290: received a message 
  Request tid:7d5ca5c79030169f87dab9c1f48d7f31
2026-01-20 15:16:39,508 [canton-env-ec-123] INFO  c.d.c.p.a.s.ApiPackageService:participant=participant1 tid:7d5ca5c79030169f87dab9c1f48d7f31 - Received request for a package status: GetPackageStatusRequest(participant1,38e6274601b21d7202bb995bc5ec147decda5a01b68d57dda422425038772af7), packageId -> '38e6274601b21d7202bb995bc5ec147decda5a01b68d57dda422425038772af7'.
2026-01-20 15:16:39,573 [daml.index.db.threadpool.connection.api-server-1] ERROR c.d.c.p.s.d.DbDispatcherImpl:participant=participant1 tid:7d5ca5c79030169f87dab9c1f48d7f31 - INDEX_DB_SQL_NON_TRANSIENT_ERROR(4,7d5ca5c7): Processing the request failed due to a non-transient database error: Table "PACKAGES" not found (this database is empty); SQL statement:

      select packages.package_id, packages.source_description, packages.known_since, packages.package_size
      from packages
      where packages.ledger_offset <= ?
     [42104-210] err-context:{location=DatabaseSelfServiceError.scala:53} 
org.h2.jdbc.JdbcSQLSyntaxErrorException: Table "PACKAGES" not found (this database is empty); SQL statement:

      select packages.package_id, packages.source_description, packages.known_since, packages.package_size
      from packages
      where packages.ledger_offset <= ?
     [42104-210]
	at org.h2.message.DbException.getJdbcSQLException(DbException.java:521)
	at org.h2.message.DbException.getJdbcSQLException(DbException.java:496)
	at org.h2.message.DbException.get(DbException.java:227)
	at org.h2.message.DbException.get(DbException.java:203)
	at org.h2.command.Parser.getTableOrViewNotFoundDbException(Parser.java:8397)
	at org.h2.command.Parser.getTableOrViewNotFoundDbException(Parser.java:8381)
	at org.h2.command.Parser.readTableOrView(Parser.java:8370)
	at org.h2.command.Parser.readTablePrimary(Parser.java:1866)
	at org.h2.command.Parser.readTableReference(Parser.java:2342)
	at org.h2.command.Parser.parseSelectFromPart(Parser.java:2793)
	at org.h2.command.Parser.parseSelect(Parser.java:2900)
	at org.h2.command.Parser.parseQueryPrimary(Parser.java:2783)
	at org.h2.command.Parser.parseQueryTerm(Parser.java:2650)
	at org.h2.command.Parser.parseQueryExpressionBody(Parser.java:2629)
	at org.h2.command.Parser.parseQueryExpressionBodyAndEndOfQuery(Parser.java:2622)
	at org.h2.command.Parser.parseQueryExpression(Parser.java:2615)
	at org.h2.command.Parser.parseQuery(Parser.java:2576)
	at org.h2.command.Parser.parsePrepared(Parser.java:707)
	at org.h2.command.Parser.parse(Parser.java:674)
	at org.h2.command.Parser.parse(Parser.java:644)
	at org.h2.command.Parser.prepareCommand(Parser.java:551)
	at org.h2.engine.SessionLocal.prepareLocal(SessionLocal.java:615)
	at org.h2.engine.SessionLocal.prepareCommand(SessionLocal.java:553)
	at org.h2.jdbc.JdbcConnection.prepareCommand(JdbcConnection.java:1116)
	at org.h2.jdbc.JdbcPreparedStatement.<init>(JdbcPreparedStatement.java:92)
	at org.h2.jdbc.JdbcConnection.prepareStatement(JdbcConnection.java:288)
	at com.zaxxer.hikari.pool.ProxyConnection.prepareStatement(ProxyConnection.java:311)
	at com.zaxxer.hikari.pool.HikariProxyConnection.prepareStatement(HikariProxyConnection.java)
	at anorm.SimpleSql.$anonfun$prepareNoGeneratedKeys$1(SimpleSql.scala:55)
	at anorm.SimpleSql.unsafeStatement(SimpleSql.scala:85)
	at anorm.SimpleSql.unsafeStatement(SimpleSql.scala:68)
	at anorm.Sql.$anonfun$preparedStatement$1(Anorm.scala:77)
	at resource.DefaultManagedResource.open(AbstractManagedResource.scala:107)
	at resource.AbstractManagedResource.acquireFor(AbstractManagedResource.scala:84)
	at resource.ManagedResourceOperations$$anon$1.acquireFor(ManagedResourceOperations.scala:47)
	at resource.DeferredExtractableManagedResource.acquireFor(AbstractManagedResource.scala:25)
	at resource.ManagedResourceOperations.apply(ManagedResourceOperations.scala:31)
	at resource.ManagedResourceOperations.apply$(ManagedResourceOperations.scala:31)
	at resource.DeferredExtractableManagedResource.apply(AbstractManagedResource.scala:22)
	at resource.ManagedResourceOperations.acquireAndGet(ManagedResourceOperations.scala:29)
	at resource.ManagedResourceOperations.acquireAndGet$(ManagedResourceOperations.scala:29)
	at resource.DeferredExtractableManagedResource.acquireAndGet(AbstractManagedResource.scala:22)
	at anorm.Sql$.$anonfun$asTry$1(Anorm.scala:263)
	at scala.util.Try$.apply(Try.scala:210)
	at anorm.Sql$.asTry(Anorm.scala:263)
	at anorm.WithResult.asTry(SqlResult.scala:215)
	at anorm.WithResult.asTry$(SqlResult.scala:213)
	at anorm.SimpleSql.asTry(SimpleSql.scala:6)
	at anorm.WithResult.as(SqlResult.scala:205)
	at anorm.WithResult.as$(SqlResult.scala:204)
	at anorm.SimpleSql.as(SimpleSql.scala:6)
	at com.digitalasset.canton.platform.store.backend.common.PackageStorageBackendTemplate.lfPackages(PackageStorageBackendTemplate.scala:54)
	at com.digitalasset.canton.platform.store.dao.JdbcLedgerDao.$anonfun$listLfPackages$1(JdbcLedgerDao.scala:311)
	at com.digitalasset.canton.platform.store.dao.DataSourceConnectionProvider$$anon$1.$anonfun$runSQL$1(HikariJdbcConnectionProvider.scala:80)
	at com.daml.metrics.api.opentelemetry.OpenTelemetryTimer.time(OpenTelemetryMetricsFactory.scala:180)
	at com.daml.metrics.Timed$.value(Timed.scala:18)
	at com.digitalasset.canton.platform.store.dao.DataSourceConnectionProvider$$anon$1.runSQL(HikariJdbcConnectionProvider.scala:80)
	at com.digitalasset.canton.platform.store.dao.DbDispatcherImpl.$anonfun$executeSql$2(DbDispatcher.scala:87)
	at scala.concurrent.Future$.$anonfun$apply$1(Future.scala:687)
	at scala.concurrent.impl.Promise$Transformation.run(Promise.scala:467)
	at com.daml.executors.QueueAwareExecutorService$TrackingRunnable.run(QueueAwareExecutorService.scala:98)
	at com.daml.metrics.InstrumentedExecutorServiceMetrics$InstrumentedExecutorService$InstrumentedRunnable.run(InstrumentedExecutorServiceMetrics.scala:202)
	at java.base/java.util.concurrent.ThreadPoolExecutor.runWorker(ThreadPoolExecutor.java:1136)
	at java.base/java.util.concurrent.ThreadPoolExecutor$Worker.run(ThreadPoolExecutor.java:635)
	at java.base/java.lang.Thread.run(Thread.java:840)
2026-01-20 15:16:39,506 [daml.index.db.threadpool.connection.api-server-4] DEBUG c.d.c.n.g.ApiRequestLogger:participant=sandbox tid:6071ae04dfbe24058280dd11051483a1 - Request c.d.l.a.v.PackageService/GetPackageStatus by /127.0.0.1:50289: received a message 
  Request tid:6071ae04dfbe24058280dd11051483a1
2026-01-20 15:16:39,509 [canton-env-ec-105] INFO  c.d.c.p.a.s.ApiPackageService:participant=sandbox tid:6071ae04dfbe24058280dd11051483a1 - Received request for a package status: GetPackageStatusRequest(sandbox,f20de1e4e37b92280264c08bf15eca0be0bc5babd7a7b5e574997f154c00cb78), packageId -> 'f20de1e4e37b92280264c08bf15eca0be0bc5babd7a7b5e574997f154c00cb78'.
2026-01-20 15:16:39,564 [daml.index.db.threadpool.connection.api-server-4] ERROR c.d.c.p.s.d.DbDispatcherImpl:participant=sandbox tid:6071ae04dfbe24058280dd11051483a1 - INDEX_DB_SQL_NON_TRANSIENT_ERROR(4,6071ae04): Processing the request failed due to a non-transient database error: Table "PACKAGES" not found (this database is empty); SQL statement:

      select packages.package_id, packages.source_description, packages.known_since, packages.package_size
      from packages
      where packages.ledger_offset <= ?
     [42104-210] err-context:{location=DatabaseSelfServiceError.scala:53} 
org.h2.jdbc.JdbcSQLSyntaxErrorException: Table "PACKAGES" not found (this database is empty); SQL statement:

      select packages.package_id, packages.source_description, packages.known_since, packages.package_size
      from packages
      where packages.ledger_offset <= ?
     [42104-210]
	at org.h2.message.DbException.getJdbcSQLException(DbException.java:521)
	at org.h2.message.DbException.getJdbcSQLException(DbException.java:496)
	at org.h2.message.DbException.get(DbException.java:227)
	at org.h2.message.DbException.get(DbException.java:203)
	at org.h2.command.Parser.getTableOrViewNotFoundDbException(Parser.java:8397)
	at org.h2.command.Parser.getTableOrViewNotFoundDbException(Parser.java:8381)
	at org.h2.command.Parser.readTableOrView(Parser.java:8370)
	at org.h2.command.Parser.readTablePrimary(Parser.java:1866)
	at org.h2.command.Parser.readTableReference(Parser.java:2342)
	at org.h2.command.Parser.parseSelectFromPart(Parser.java:2793)
	at org.h2.command.Parser.parseSelect(Parser.java:2900)
	at org.h2.command.Parser.parseQueryPrimary(Parser.java:2783)
	at org.h2.command.Parser.parseQueryTerm(Parser.java:2650)
	at org.h2.command.Parser.parseQueryExpressionBody(Parser.java:2629)
	at org.h2.command.Parser.parseQueryExpressionBodyAndEndOfQuery(Parser.java:2622)
	at org.h2.command.Parser.parseQueryExpression(Parser.java:2615)
	at org.h2.command.Parser.parseQuery(Parser.java:2576)
	at org.h2.command.Parser.parsePrepared(Parser.java:707)
	at org.h2.command.Parser.parse(Parser.java:674)
	at org.h2.command.Parser.parse(Parser.java:644)
	at org.h2.command.Parser.prepareCommand(Parser.java:551)
	at org.h2.engine.SessionLocal.prepareLocal(SessionLocal.java:615)
	at org.h2.engine.SessionLocal.prepareCommand(SessionLocal.java:553)
	at org.h2.jdbc.JdbcConnection.prepareCommand(JdbcConnection.java:1116)
	at org.h2.jdbc.JdbcPreparedStatement.<init>(JdbcPreparedStatement.java:92)
	at org.h2.jdbc.JdbcConnection.prepareStatement(JdbcConnection.java:288)
	at com.zaxxer.hikari.pool.ProxyConnection.prepareStatement(ProxyConnection.java:311)
	at com.zaxxer.hikari.pool.HikariProxyConnection.prepareStatement(HikariProxyConnection.java)
	at anorm.SimpleSql.$anonfun$prepareNoGeneratedKeys$1(SimpleSql.scala:55)
	at anorm.SimpleSql.unsafeStatement(SimpleSql.scala:85)
	at anorm.SimpleSql.unsafeStatement(SimpleSql.scala:68)
	at anorm.Sql.$anonfun$preparedStatement$1(Anorm.scala:77)
	at resource.DefaultManagedResource.open(AbstractManagedResource.scala:107)
	at resource.AbstractManagedResource.acquireFor(AbstractManagedResource.scala:84)
	at resource.ManagedResourceOperations$$anon$1.acquireFor(ManagedResourceOperations.scala:47)
	at resource.DeferredExtractableManagedResource.acquireFor(AbstractManagedResource.scala:25)
	at resource.ManagedResourceOperations.apply(ManagedResourceOperations.scala:31)
	at resource.ManagedResourceOperations.apply$(ManagedResourceOperations.scala:31)
	at resource.DeferredExtractableManagedResource.apply(AbstractManagedResource.scala:22)
	at resource.ManagedResourceOperations.acquireAndGet(ManagedResourceOperations.scala:29)
	at resource.ManagedResourceOperations.acquireAndGet$(ManagedResourceOperations.scala:29)
	at resource.DeferredExtractableManagedResource.acquireAndGet(AbstractManagedResource.scala:22)
	at anorm.Sql$.$anonfun$asTry$1(Anorm.scala:263)
	at scala.util.Try$.apply(Try.scala:210)
	at anorm.Sql$.asTry(Anorm.scala:263)
	at anorm.WithResult.asTry(SqlResult.scala:215)
	at anorm.WithResult.asTry$(SqlResult.scala:213)
	at anorm.SimpleSql.asTry(SimpleSql.scala:6)
	at anorm.WithResult.as(SqlResult.scala:205)
	at anorm.WithResult.as$(SqlResult.scala:204)
	at anorm.SimpleSql.as(SimpleSql.scala:6)
	at com.digitalasset.canton.platform.store.backend.common.PackageStorageBackendTemplate.lfPackages(PackageStorageBackendTemplate.scala:54)
	at com.digitalasset.canton.platform.store.dao.JdbcLedgerDao.$anonfun$listLfPackages$1(JdbcLedgerDao.scala:311)
	at com.digitalasset.canton.platform.store.dao.DataSourceConnectionProvider$$anon$1.$anonfun$runSQL$1(HikariJdbcConnectionProvider.scala:80)
	at com.daml.metrics.api.opentelemetry.OpenTelemetryTimer.time(OpenTelemetryMetricsFactory.scala:180)
	at com.daml.metrics.Timed$.value(Timed.scala:18)
	at com.digitalasset.canton.platform.store.dao.DataSourceConnectionProvider$$anon$1.runSQL(HikariJdbcConnectionProvider.scala:80)
	at com.digitalasset.canton.platform.store.dao.DbDispatcherImpl.$anonfun$executeSql$2(DbDispatcher.scala:87)
	at scala.concurrent.Future$.$anonfun$apply$1(Future.scala:687)
	at scala.concurrent.impl.Promise$Transformation.run(Promise.scala:467)
	at com.daml.executors.QueueAwareExecutorService$TrackingRunnable.run(QueueAwareExecutorService.scala:98)
	at com.daml.metrics.InstrumentedExecutorServiceMetrics$InstrumentedExecutorService$InstrumentedRunnable.run(InstrumentedExecutorServiceMetrics.scala:202)
	at java.base/java.util.concurrent.ThreadPoolExecutor.runWorker(ThreadPoolExecutor.java:1136)
	at java.base/java.util.concurrent.ThreadPoolExecutor$Worker.run(ThreadPoolExecutor.java:635)
	at java.base/java.lang.Thread.run(Thread.java:840)
2026-01-20 15:16:39,507 [daml.index.db.threadpool.connection.api-server-4] DEBUG c.d.c.n.g.ApiRequestLogger:participant=sandbox tid:ddb0433e758d895cc16ec7bad6842594 - Request c.d.l.a.v.PackageService/GetPackageStatus by /127.0.0.1:50289: received a message 
  Request tid:ddb0433e758d895cc16ec7bad6842594
2026-01-20 15:16:39,507 [canton-env-ec-27] INFO  c.d.c.p.a.s.ApiPackageService:participant=sandbox tid:ddb0433e758d895cc16ec7bad6842594 - Received request for a package status: GetPackageStatusRequest(sandbox,82fa64bf7428c614565513731b36464c411b8f252b6f2188aeaca9236f013c84), packageId -> '82fa64bf7428c614565513731b36464c411b8f252b6f2188aeaca9236f013c84'.
2026-01-20 15:16:39,623 [daml.index.db.threadpool.connection.api-server-4] ERROR c.d.c.p.s.d.DbDispatcherImpl:participant=sandbox tid:ddb0433e758d895cc16ec7bad6842594 - INDEX_DB_SQL_NON_TRANSIENT_ERROR(4,ddb0433e): Processing the request failed due to a non-transient database error: Table "PACKAGES" not found (this database is empty); SQL statement:

      select packages.package_id, packages.source_description, packages.known_since, packages.package_size
      from packages
      where packages.ledger_offset <= ?
     [42104-210] err-context:{location=DatabaseSelfServiceError.scala:53} 
org.h2.jdbc.JdbcSQLSyntaxErrorException: Table "PACKAGES" not found (this database is empty); SQL statement:

      select packages.package_id, packages.source_description, packages.known_since, packages.package_size
      from packages
      where packages.ledger_offset <= ?
     [42104-210]
	at org.h2.message.DbException.getJdbcSQLException(DbException.java:521)
	at org.h2.message.DbException.getJdbcSQLException(DbException.java:496)
	at org.h2.message.DbException.get(DbException.java:227)
	at org.h2.message.DbException.get(DbException.java:203)
	at org.h2.command.Parser.getTableOrViewNotFoundDbException(Parser.java:8397)
	at org.h2.command.Parser.getTableOrViewNotFoundDbException(Parser.java:8381)
	at org.h2.command.Parser.readTableOrView(Parser.java:8370)
	at org.h2.command.Parser.readTablePrimary(Parser.java:1866)
	at org.h2.command.Parser.readTableReference(Parser.java:2342)
	at org.h2.command.Parser.parseSelectFromPart(Parser.java:2793)
	at org.h2.command.Parser.parseSelect(Parser.java:2900)
	at org.h2.command.Parser.parseQueryPrimary(Parser.java:2783)
	at org.h2.command.Parser.parseQueryTerm(Parser.java:2650)
	at org.h2.command.Parser.parseQueryExpressionBody(Parser.java:2629)
	at org.h2.command.Parser.parseQueryExpressionBodyAndEndOfQuery(Parser.java:2622)
	at org.h2.command.Parser.parseQueryExpression(Parser.java:2615)
	at org.h2.command.Parser.parseQuery(Parser.java:2576)
	at org.h2.command.Parser.parsePrepared(Parser.java:707)
	at org.h2.command.Parser.parse(Parser.java:674)
	at org.h2.command.Parser.parse(Parser.java:644)
	at org.h2.command.Parser.prepareCommand(Parser.java:551)
	at org.h2.engine.SessionLocal.prepareLocal(SessionLocal.java:615)
	at org.h2.engine.SessionLocal.prepareCommand(SessionLocal.java:553)
	at org.h2.jdbc.JdbcConnection.prepareCommand(JdbcConnection.java:1116)
	at org.h2.jdbc.JdbcPreparedStatement.<init>(JdbcPreparedStatement.java:92)
	at org.h2.jdbc.JdbcConnection.prepareStatement(JdbcConnection.java:288)
	at com.zaxxer.hikari.pool.ProxyConnection.prepareStatement(ProxyConnection.java:311)
	at com.zaxxer.hikari.pool.HikariProxyConnection.prepareStatement(HikariProxyConnection.java)
	at anorm.SimpleSql.$anonfun$prepareNoGeneratedKeys$1(SimpleSql.scala:55)
	at anorm.SimpleSql.unsafeStatement(SimpleSql.scala:85)
	at anorm.SimpleSql.unsafeStatement(SimpleSql.scala:68)
	at anorm.Sql.$anonfun$preparedStatement$1(Anorm.scala:77)
	at resource.DefaultManagedResource.open(AbstractManagedResource.scala:107)
	at resource.AbstractManagedResource.acquireFor(AbstractManagedResource.scala:84)
	at resource.ManagedResourceOperations$$anon$1.acquireFor(ManagedResourceOperations.scala:47)
	at resource.DeferredExtractableManagedResource.acquireFor(AbstractManagedResource.scala:25)
	at resource.ManagedResourceOperations.apply(ManagedResourceOperations.scala:31)
	at resource.ManagedResourceOperations.apply$(ManagedResourceOperations.scala:31)
	at resource.DeferredExtractableManagedResource.apply(AbstractManagedResource.scala:22)
	at resource.ManagedResourceOperations.acquireAndGet(ManagedResourceOperations.scala:29)
	at resource.ManagedResourceOperations.acquireAndGet$(ManagedResourceOperations.scala:29)
	at resource.DeferredExtractableManagedResource.acquireAndGet(AbstractManagedResource.scala:22)
	at anorm.Sql$.$anonfun$asTry$1(Anorm.scala:263)
	at scala.util.Try$.apply(Try.scala:210)
	at anorm.Sql$.asTry(Anorm.scala:263)
	at anorm.WithResult.asTry(SqlResult.scala:215)
	at anorm.WithResult.asTry$(SqlResult.scala:213)
	at anorm.SimpleSql.asTry(SimpleSql.scala:6)
	at anorm.WithResult.as(SqlResult.scala:205)
	at anorm.WithResult.as$(SqlResult.scala:204)
	at anorm.SimpleSql.as(SimpleSql.scala:6)
	at com.digitalasset.canton.platform.store.backend.common.PackageStorageBackendTemplate.lfPackages(PackageStorageBackendTemplate.scala:54)
	at com.digitalasset.canton.platform.store.dao.JdbcLedgerDao.$anonfun$listLfPackages$1(JdbcLedgerDao.scala:311)
	at com.digitalasset.canton.platform.store.dao.DataSourceConnectionProvider$$anon$1.$anonfun$runSQL$1(HikariJdbcConnectionProvider.scala:80)
	at com.daml.metrics.api.opentelemetry.OpenTelemetryTimer.time(OpenTelemetryMetricsFactory.scala:180)
	at com.daml.metrics.Timed$.value(Timed.scala:18)
	at com.digitalasset.canton.platform.store.dao.DataSourceConnectionProvider$$anon$1.runSQL(HikariJdbcConnectionProvider.scala:80)
	at com.digitalasset.canton.platform.store.dao.DbDispatcherImpl.$anonfun$executeSql$2(DbDispatcher.scala:87)
	at scala.concurrent.Future$.$anonfun$apply$1(Future.scala:687)
	at scala.concurrent.impl.Promise$Transformation.run(Promise.scala:467)
	at com.daml.executors.QueueAwareExecutorService$TrackingRunnable.run(QueueAwareExecutorService.scala:98)
	at com.daml.metrics.InstrumentedExecutorServiceMetrics$InstrumentedExecutorService$InstrumentedRunnable.run(InstrumentedExecutorServiceMetrics.scala:202)
	at java.base/java.util.concurrent.ThreadPoolExecutor.runWorker(ThreadPoolExecutor.java:1136)
	at java.base/java.util.concurrent.ThreadPoolExecutor$Worker.run(ThreadPoolExecutor.java:635)
	at java.base/java.lang.Thread.run(Thread.java:840)
2026-01-20 15:16:39,505 [daml.index.db.threadpool.connection.api-server-4] DEBUG c.d.c.n.g.ApiRequestLogger:participant=participant1 tid:311b442a43376c346fc08cd2141f4cc7 - Request c.d.l.a.v.PackageService/GetPackageStatus by /127.0.0.1:50290: received a message 
  Request tid:311b442a43376c346fc08cd2141f4cc7
2026-01-20 15:16:39,506 [canton-env-ec-111] INFO  c.d.c.p.a.s.ApiPackageService:participant=participant1 tid:311b442a43376c346fc08cd2141f4cc7 - Received request for a package status: GetPackageStatusRequest(participant1,f20de1e4e37b92280264c08bf15eca0be0bc5babd7a7b5e574997f154c00cb78), packageId -> 'f20de1e4e37b92280264c08bf15eca0be0bc5babd7a7b5e574997f154c00cb78'.
2026-01-20 15:16:39,563 [daml.index.db.threadpool.connection.api-server-4] ERROR c.d.c.p.s.d.DbDispatcherImpl:participant=participant1 tid:311b442a43376c346fc08cd2141f4cc7 - INDEX_DB_SQL_NON_TRANSIENT_ERROR(4,311b442a): Processing the request failed due to a non-transient database error: Table "PACKAGES" not found (this database is empty); SQL statement:

      select packages.package_id, packages.source_description, packages.known_since, packages.package_size
      from packages
      where packages.ledger_offset <= ?
     [42104-210] err-context:{location=DatabaseSelfServiceError.scala:53} 
org.h2.jdbc.JdbcSQLSyntaxErrorException: Table "PACKAGES" not found (this database is empty); SQL statement:

      select packages.package_id, packages.source_description, packages.known_since, packages.package_size
      from packages
      where packages.ledger_offset <= ?
     [42104-210]
	at org.h2.message.DbException.getJdbcSQLException(DbException.java:521)
	at org.h2.message.DbException.getJdbcSQLException(DbException.java:496)
	at org.h2.message.DbException.get(DbException.java:227)
	at org.h2.message.DbException.get(DbException.java:203)
	at org.h2.command.Parser.getTableOrViewNotFoundDbException(Parser.java:8397)
	at org.h2.command.Parser.getTableOrViewNotFoundDbException(Parser.java:8381)
	at org.h2.command.Parser.readTableOrView(Parser.java:8370)
	at org.h2.command.Parser.readTablePrimary(Parser.java:1866)
	at org.h2.command.Parser.readTableReference(Parser.java:2342)
	at org.h2.command.Parser.parseSelectFromPart(Parser.java:2793)
	at org.h2.command.Parser.parseSelect(Parser.java:2900)
	at org.h2.command.Parser.parseQueryPrimary(Parser.java:2783)
	at org.h2.command.Parser.parseQueryTerm(Parser.java:2650)
	at org.h2.command.Parser.parseQueryExpressionBody(Parser.java:2629)
	at org.h2.command.Parser.parseQueryExpressionBodyAndEndOfQuery(Parser.java:2622)
	at org.h2.command.Parser.parseQueryExpression(Parser.java:2615)
	at org.h2.command.Parser.parseQuery(Parser.java:2576)
	at org.h2.command.Parser.parsePrepared(Parser.java:707)
	at org.h2.command.Parser.parse(Parser.java:674)
	at org.h2.command.Parser.parse(Parser.java:644)
	at org.h2.command.Parser.prepareCommand(Parser.java:551)
	at org.h2.engine.SessionLocal.prepareLocal(SessionLocal.java:615)
	at org.h2.engine.SessionLocal.prepareCommand(SessionLocal.java:553)
	at org.h2.jdbc.JdbcConnection.prepareCommand(JdbcConnection.java:1116)
	at org.h2.jdbc.JdbcPreparedStatement.<init>(JdbcPreparedStatement.java:92)
	at org.h2.jdbc.JdbcConnection.prepareStatement(JdbcConnection.java:288)
	at com.zaxxer.hikari.pool.ProxyConnection.prepareStatement(ProxyConnection.java:311)
	at com.zaxxer.hikari.pool.HikariProxyConnection.prepareStatement(HikariProxyConnection.java)
	at anorm.SimpleSql.$anonfun$prepareNoGeneratedKeys$1(SimpleSql.scala:55)
	at anorm.SimpleSql.unsafeStatement(SimpleSql.scala:85)
	at anorm.SimpleSql.unsafeStatement(SimpleSql.scala:68)
	at anorm.Sql.$anonfun$preparedStatement$1(Anorm.scala:77)
	at resource.DefaultManagedResource.open(AbstractManagedResource.scala:107)
	at resource.AbstractManagedResource.acquireFor(AbstractManagedResource.scala:84)
	at resource.ManagedResourceOperations$$anon$1.acquireFor(ManagedResourceOperations.scala:47)
	at resource.DeferredExtractableManagedResource.acquireFor(AbstractManagedResource.scala:25)
	at resource.ManagedResourceOperations.apply(ManagedResourceOperations.scala:31)
	at resource.ManagedResourceOperations.apply$(ManagedResourceOperations.scala:31)
	at resource.DeferredExtractableManagedResource.apply(AbstractManagedResource.scala:22)
	at resource.ManagedResourceOperations.acquireAndGet(ManagedResourceOperations.scala:29)
	at resource.ManagedResourceOperations.acquireAndGet$(ManagedResourceOperations.scala:29)
	at resource.DeferredExtractableManagedResource.acquireAndGet(AbstractManagedResource.scala:22)
	at anorm.Sql$.$anonfun$asTry$1(Anorm.scala:263)
	at scala.util.Try$.apply(Try.scala:210)
	at anorm.Sql$.asTry(Anorm.scala:263)
	at anorm.WithResult.asTry(SqlResult.scala:215)
	at anorm.WithResult.asTry$(SqlResult.scala:213)
	at anorm.SimpleSql.asTry(SimpleSql.scala:6)
	at anorm.WithResult.as(SqlResult.scala:205)
	at anorm.WithResult.as$(SqlResult.scala:204)
	at anorm.SimpleSql.as(SimpleSql.scala:6)
	at com.digitalasset.canton.platform.store.backend.common.PackageStorageBackendTemplate.lfPackages(PackageStorageBackendTemplate.scala:54)
	at com.digitalasset.canton.platform.store.dao.JdbcLedgerDao.$anonfun$listLfPackages$1(JdbcLedgerDao.scala:311)
	at com.digitalasset.canton.platform.store.dao.DataSourceConnectionProvider$$anon$1.$anonfun$runSQL$1(HikariJdbcConnectionProvider.scala:80)
	at com.daml.metrics.api.opentelemetry.OpenTelemetryTimer.time(OpenTelemetryMetricsFactory.scala:180)
	at com.daml.metrics.Timed$.value(Timed.scala:18)
	at com.digitalasset.canton.platform.store.dao.DataSourceConnectionProvider$$anon$1.runSQL(HikariJdbcConnectionProvider.scala:80)
	at com.digitalasset.canton.platform.store.dao.DbDispatcherImpl.$anonfun$executeSql$2(DbDispatcher.scala:87)
	at scala.concurrent.Future$.$anonfun$apply$1(Future.scala:687)
	at scala.concurrent.impl.Promise$Transformation.run(Promise.scala:467)
	at com.daml.executors.QueueAwareExecutorService$TrackingRunnable.run(QueueAwareExecutorService.scala:98)
	at com.daml.metrics.InstrumentedExecutorServiceMetrics$InstrumentedExecutorService$InstrumentedRunnable.run(InstrumentedExecutorServiceMetrics.scala:202)
	at java.base/java.util.concurrent.ThreadPoolExecutor.runWorker(ThreadPoolExecutor.java:1136)
	at java.base/java.util.concurrent.ThreadPoolExecutor$Worker.run(ThreadPoolExecutor.java:635)
	at java.base/java.lang.Thread.run(Thread.java:840)
2026-01-20 15:16:39,506 [daml.index.db.threadpool.connection.api-server-0] DEBUG c.d.c.n.g.ApiRequestLogger:participant=sandbox tid:29ead61ff37dd66cea4ab079be463daa - Request c.d.l.a.v.PackageService/GetPackageStatus by /127.0.0.1:50289: received a message 
  Request tid:29ead61ff37dd66cea4ab079be463daa
2026-01-20 15:16:39,509 [canton-env-ec-110] INFO  c.d.c.p.a.s.ApiPackageService:participant=sandbox tid:29ead61ff37dd66cea4ab079be463daa - Received request for a package status: GetPackageStatusRequest(sandbox,733e38d36a2759688a4b2c4cec69d48e7b55ecc8dedc8067b815926c917a182a), packageId -> '733e38d36a2759688a4b2c4cec69d48e7b55ecc8dedc8067b815926c917a182a'.
2026-01-20 15:16:39,562 [daml.index.db.threadpool.connection.api-server-0] ERROR c.d.c.p.s.d.DbDispatcherImpl:participant=sandbox tid:29ead61ff37dd66cea4ab079be463daa - INDEX_DB_SQL_NON_TRANSIENT_ERROR(4,29ead61f): Processing the request failed due to a non-transient database error: Table "PACKAGES" not found (this database is empty); SQL statement:

      select packages.package_id, packages.source_description, packages.known_since, packages.package_size
      from packages
      where packages.ledger_offset <= ?
     [42104-210] err-context:{location=DatabaseSelfServiceError.scala:53} 
org.h2.jdbc.JdbcSQLSyntaxErrorException: Table "PACKAGES" not found (this database is empty); SQL statement:

      select packages.package_id, packages.source_description, packages.known_since, packages.package_size
      from packages
      where packages.ledger_offset <= ?
     [42104-210]
	at org.h2.message.DbException.getJdbcSQLException(DbException.java:521)
	at org.h2.message.DbException.getJdbcSQLException(DbException.java:496)
	at org.h2.message.DbException.get(DbException.java:227)
	at org.h2.message.DbException.get(DbException.java:203)
	at org.h2.command.Parser.getTableOrViewNotFoundDbException(Parser.java:8397)
	at org.h2.command.Parser.getTableOrViewNotFoundDbException(Parser.java:8381)
	at org.h2.command.Parser.readTableOrView(Parser.java:8370)
	at org.h2.command.Parser.readTablePrimary(Parser.java:1866)
	at org.h2.command.Parser.readTableReference(Parser.java:2342)
	at org.h2.command.Parser.parseSelectFromPart(Parser.java:2793)
	at org.h2.command.Parser.parseSelect(Parser.java:2900)
	at org.h2.command.Parser.parseQueryPrimary(Parser.java:2783)
	at org.h2.command.Parser.parseQueryTerm(Parser.java:2650)
	at org.h2.command.Parser.parseQueryExpressionBody(Parser.java:2629)
	at org.h2.command.Parser.parseQueryExpressionBodyAndEndOfQuery(Parser.java:2622)
	at org.h2.command.Parser.parseQueryExpression(Parser.java:2615)
	at org.h2.command.Parser.parseQuery(Parser.java:2576)
	at org.h2.command.Parser.parsePrepared(Parser.java:707)
	at org.h2.command.Parser.parse(Parser.java:674)
	at org.h2.command.Parser.parse(Parser.java:644)
	at org.h2.command.Parser.prepareCommand(Parser.java:551)
	at org.h2.engine.SessionLocal.prepareLocal(SessionLocal.java:615)
	at org.h2.engine.SessionLocal.prepareCommand(SessionLocal.java:553)
	at org.h2.jdbc.JdbcConnection.prepareCommand(JdbcConnection.java:1116)
	at org.h2.jdbc.JdbcPreparedStatement.<init>(JdbcPreparedStatement.java:92)
	at org.h2.jdbc.JdbcConnection.prepareStatement(JdbcConnection.java:288)
	at com.zaxxer.hikari.pool.ProxyConnection.prepareStatement(ProxyConnection.java:311)
	at com.zaxxer.hikari.pool.HikariProxyConnection.prepareStatement(HikariProxyConnection.java)
	at anorm.SimpleSql.$anonfun$prepareNoGeneratedKeys$1(SimpleSql.scala:55)
	at anorm.SimpleSql.unsafeStatement(SimpleSql.scala:85)
	at anorm.SimpleSql.unsafeStatement(SimpleSql.scala:68)
	at anorm.Sql.$anonfun$preparedStatement$1(Anorm.scala:77)
	at resource.DefaultManagedResource.open(AbstractManagedResource.scala:107)
	at resource.AbstractManagedResource.acquireFor(AbstractManagedResource.scala:84)
	at resource.ManagedResourceOperations$$anon$1.acquireFor(ManagedResourceOperations.scala:47)
	at resource.DeferredExtractableManagedResource.acquireFor(AbstractManagedResource.scala:25)
	at resource.ManagedResourceOperations.apply(ManagedResourceOperations.scala:31)
	at resource.ManagedResourceOperations.apply$(ManagedResourceOperations.scala:31)
	at resource.DeferredExtractableManagedResource.apply(AbstractManagedResource.scala:22)
	at resource.ManagedResourceOperations.acquireAndGet(ManagedResourceOperations.scala:29)
	at resource.ManagedResourceOperations.acquireAndGet$(ManagedResourceOperations.scala:29)
	at resource.DeferredExtractableManagedResource.acquireAndGet(AbstractManagedResource.scala:22)
	at anorm.Sql$.$anonfun$asTry$1(Anorm.scala:263)
	at scala.util.Try$.apply(Try.scala:210)
	at anorm.Sql$.asTry(Anorm.scala:263)
	at anorm.WithResult.asTry(SqlResult.scala:215)
	at anorm.WithResult.asTry$(SqlResult.scala:213)
	at anorm.SimpleSql.asTry(SimpleSql.scala:6)
	at anorm.WithResult.as(SqlResult.scala:205)
	at anorm.WithResult.as$(SqlResult.scala:204)
	at anorm.SimpleSql.as(SimpleSql.scala:6)
	at com.digitalasset.canton.platform.store.backend.common.PackageStorageBackendTemplate.lfPackages(PackageStorageBackendTemplate.scala:54)
	at com.digitalasset.canton.platform.store.dao.JdbcLedgerDao.$anonfun$listLfPackages$1(JdbcLedgerDao.scala:311)
	at com.digitalasset.canton.platform.store.dao.DataSourceConnectionProvider$$anon$1.$anonfun$runSQL$1(HikariJdbcConnectionProvider.scala:80)
	at com.daml.metrics.api.opentelemetry.OpenTelemetryTimer.time(OpenTelemetryMetricsFactory.scala:180)
	at com.daml.metrics.Timed$.value(Timed.scala:18)
	at com.digitalasset.canton.platform.store.dao.DataSourceConnectionProvider$$anon$1.runSQL(HikariJdbcConnectionProvider.scala:80)
	at com.digitalasset.canton.platform.store.dao.DbDispatcherImpl.$anonfun$executeSql$2(DbDispatcher.scala:87)
	at scala.concurrent.Future$.$anonfun$apply$1(Future.scala:687)
	at scala.concurrent.impl.Promise$Transformation.run(Promise.scala:467)
	at com.daml.executors.QueueAwareExecutorService$TrackingRunnable.run(QueueAwareExecutorService.scala:98)
	at com.daml.metrics.InstrumentedExecutorServiceMetrics$InstrumentedExecutorService$InstrumentedRunnable.run(InstrumentedExecutorServiceMetrics.scala:202)
	at java.base/java.util.concurrent.ThreadPoolExecutor.runWorker(ThreadPoolExecutor.java:1136)
	at java.base/java.util.concurrent.ThreadPoolExecutor$Worker.run(ThreadPoolExecutor.java:635)
	at java.base/java.lang.Thread.run(Thread.java:840)
2026-01-20 15:16:39,508 [daml.index.db.threadpool.connection.api-server-2] DEBUG c.d.c.n.g.ApiRequestLogger:participant=participant1 tid:f18f0d4ee45a0625b53974ec6afbf6a9 - Request c.d.l.a.v.PackageService/GetPackageStatus by /127.0.0.1:50290: received a message 
  Request tid:f18f0d4ee45a0625b53974ec6afbf6a9
2026-01-20 15:16:39,508 [canton-env-ec-117] INFO  c.d.c.p.a.s.ApiPackageService:participant=participant1 tid:f18f0d4ee45a0625b53974ec6afbf6a9 - Received request for a package status: GetPackageStatusRequest(participant1,10e0333b52bba1ff147fc408a6b7d68465b157635ee230493bd6029b750dcb05), packageId -> '10e0333b52bba1ff147fc408a6b7d68465b157635ee230493bd6029b750dcb05'.
2026-01-20 15:16:39,561 [daml.index.db.threadpool.connection.api-server-2] ERROR c.d.c.p.s.d.DbDispatcherImpl:participant=participant1 tid:f18f0d4ee45a0625b53974ec6afbf6a9 - INDEX_DB_SQL_NON_TRANSIENT_ERROR(4,f18f0d4e): Processing the request failed due to a non-transient database error: Table "PACKAGES" not found (this database is empty); SQL statement:

      select packages.package_id, packages.source_description, packages.known_since, packages.package_size
      from packages
      where packages.ledger_offset <= ?
     [42104-210] err-context:{location=DatabaseSelfServiceError.scala:53} 
org.h2.jdbc.JdbcSQLSyntaxErrorException: Table "PACKAGES" not found (this database is empty); SQL statement:

      select packages.package_id, packages.source_description, packages.known_since, packages.package_size
      from packages
      where packages.ledger_offset <= ?
     [42104-210]
	at org.h2.message.DbException.getJdbcSQLException(DbException.java:521)
	at org.h2.message.DbException.getJdbcSQLException(DbException.java:496)
	at org.h2.message.DbException.get(DbException.java:227)
	at org.h2.message.DbException.get(DbException.java:203)
	at org.h2.command.Parser.getTableOrViewNotFoundDbException(Parser.java:8397)
	at org.h2.command.Parser.getTableOrViewNotFoundDbException(Parser.java:8381)
	at org.h2.command.Parser.readTableOrView(Parser.java:8370)
	at org.h2.command.Parser.readTablePrimary(Parser.java:1866)
	at org.h2.command.Parser.readTableReference(Parser.java:2342)
	at org.h2.command.Parser.parseSelectFromPart(Parser.java:2793)
	at org.h2.command.Parser.parseSelect(Parser.java:2900)
	at org.h2.command.Parser.parseQueryPrimary(Parser.java:2783)
	at org.h2.command.Parser.parseQueryTerm(Parser.java:2650)
	at org.h2.command.Parser.parseQueryExpressionBody(Parser.java:2629)
	at org.h2.command.Parser.parseQueryExpressionBodyAndEndOfQuery(Parser.java:2622)
	at org.h2.command.Parser.parseQueryExpression(Parser.java:2615)
	at org.h2.command.Parser.parseQuery(Parser.java:2576)
	at org.h2.command.Parser.parsePrepared(Parser.java:707)
	at org.h2.command.Parser.parse(Parser.java:674)
	at org.h2.command.Parser.parse(Parser.java:644)
	at org.h2.command.Parser.prepareCommand(Parser.java:551)
	at org.h2.engine.SessionLocal.prepareLocal(SessionLocal.java:615)
	at org.h2.engine.SessionLocal.prepareCommand(SessionLocal.java:553)
	at org.h2.jdbc.JdbcConnection.prepareCommand(JdbcConnection.java:1116)
	at org.h2.jdbc.JdbcPreparedStatement.<init>(JdbcPreparedStatement.java:92)
	at org.h2.jdbc.JdbcConnection.prepareStatement(JdbcConnection.java:288)
	at com.zaxxer.hikari.pool.ProxyConnection.prepareStatement(ProxyConnection.java:311)
	at com.zaxxer.hikari.pool.HikariProxyConnection.prepareStatement(HikariProxyConnection.java)
	at anorm.SimpleSql.$anonfun$prepareNoGeneratedKeys$1(SimpleSql.scala:55)
	at anorm.SimpleSql.unsafeStatement(SimpleSql.scala:85)
	at anorm.SimpleSql.unsafeStatement(SimpleSql.scala:68)
	at anorm.Sql.$anonfun$preparedStatement$1(Anorm.scala:77)
	at resource.DefaultManagedResource.open(AbstractManagedResource.scala:107)
	at resource.AbstractManagedResource.acquireFor(AbstractManagedResource.scala:84)
	at resource.ManagedResourceOperations$$anon$1.acquireFor(ManagedResourceOperations.scala:47)
	at resource.DeferredExtractableManagedResource.acquireFor(AbstractManagedResource.scala:25)
	at resource.ManagedResourceOperations.apply(ManagedResourceOperations.scala:31)
	at resource.ManagedResourceOperations.apply$(ManagedResourceOperations.scala:31)
	at resource.DeferredExtractableManagedResource.apply(AbstractManagedResource.scala:22)
	at resource.ManagedResourceOperations.acquireAndGet(ManagedResourceOperations.scala:29)
	at resource.ManagedResourceOperations.acquireAndGet$(ManagedResourceOperations.scala:29)
	at resource.DeferredExtractableManagedResource.acquireAndGet(AbstractManagedResource.scala:22)
	at anorm.Sql$.$anonfun$asTry$1(Anorm.scala:263)
	at scala.util.Try$.apply(Try.scala:210)
	at anorm.Sql$.asTry(Anorm.scala:263)
	at anorm.WithResult.asTry(SqlResult.scala:215)
	at anorm.WithResult.asTry$(SqlResult.scala:213)
	at anorm.SimpleSql.asTry(SimpleSql.scala:6)
	at anorm.WithResult.as(SqlResult.scala:205)
	at anorm.WithResult.as$(SqlResult.scala:204)
	at anorm.SimpleSql.as(SimpleSql.scala:6)
	at com.digitalasset.canton.platform.store.backend.common.PackageStorageBackendTemplate.lfPackages(PackageStorageBackendTemplate.scala:54)
	at com.digitalasset.canton.platform.store.dao.JdbcLedgerDao.$anonfun$listLfPackages$1(JdbcLedgerDao.scala:311)
	at com.digitalasset.canton.platform.store.dao.DataSourceConnectionProvider$$anon$1.$anonfun$runSQL$1(HikariJdbcConnectionProvider.scala:80)
	at com.daml.metrics.api.opentelemetry.OpenTelemetryTimer.time(OpenTelemetryMetricsFactory.scala:180)
	at com.daml.metrics.Timed$.value(Timed.scala:18)
	at com.digitalasset.canton.platform.store.dao.DataSourceConnectionProvider$$anon$1.runSQL(HikariJdbcConnectionProvider.scala:80)
	at com.digitalasset.canton.platform.store.dao.DbDispatcherImpl.$anonfun$executeSql$2(DbDispatcher.scala:87)
	at scala.concurrent.Future$.$anonfun$apply$1(Future.scala:687)
	at scala.concurrent.impl.Promise$Transformation.run(Promise.scala:467)
	at com.daml.executors.QueueAwareExecutorService$TrackingRunnable.run(QueueAwareExecutorService.scala:98)
	at com.daml.metrics.InstrumentedExecutorServiceMetrics$InstrumentedExecutorService$InstrumentedRunnable.run(InstrumentedExecutorServiceMetrics.scala:202)
	at java.base/java.util.concurrent.ThreadPoolExecutor.runWorker(ThreadPoolExecutor.java:1136)
	at java.base/java.util.concurrent.ThreadPoolExecutor$Worker.run(ThreadPoolExecutor.java:635)
	at java.base/java.lang.Thread.run(Thread.java:840)
2026-01-20 15:16:39,506 [daml.index.db.threadpool.connection.api-server-2] DEBUG c.d.c.n.g.ApiRequestLogger:participant=sandbox tid:760fe2939e623647630cd6318930db69 - Request c.d.l.a.v.PackageService/GetPackageStatus by /127.0.0.1:50289: received a message 
  Request tid:760fe2939e623647630cd6318930db69
2026-01-20 15:16:39,506 [canton-env-ec-28] INFO  c.d.c.p.a.s.ApiPackageService:participant=sandbox tid:760fe2939e623647630cd6318930db69 - Received request for a package status: GetPackageStatusRequest(sandbox,c1f1f00558799eec139fb4f4c76f95fb52fa1837a5dd29600baa1c8ed1bdccfd), packageId -> 'c1f1f00558799eec139fb4f4c76f95fb52fa1837a5dd29600baa1c8ed1bdccfd'.
2026-01-20 15:16:39,559 [daml.index.db.threadpool.connection.api-server-2] ERROR c.d.c.p.s.d.DbDispatcherImpl:participant=sandbox tid:760fe2939e623647630cd6318930db69 - INDEX_DB_SQL_NON_TRANSIENT_ERROR(4,760fe293): Processing the request failed due to a non-transient database error: Table "PACKAGES" not found (this database is empty); SQL statement:

      select packages.package_id, packages.source_description, packages.known_since, packages.package_size
      from packages
      where packages.ledger_offset <= ?
     [42104-210] err-context:{location=DatabaseSelfServiceError.scala:53} 
org.h2.jdbc.JdbcSQLSyntaxErrorException: Table "PACKAGES" not found (this database is empty); SQL statement:

      select packages.package_id, packages.source_description, packages.known_since, packages.package_size
      from packages
      where packages.ledger_offset <= ?
     [42104-210]
	at org.h2.message.DbException.getJdbcSQLException(DbException.java:521)
	at org.h2.message.DbException.getJdbcSQLException(DbException.java:496)
	at org.h2.message.DbException.get(DbException.java:227)
	at org.h2.message.DbException.get(DbException.java:203)
	at org.h2.command.Parser.getTableOrViewNotFoundDbException(Parser.java:8397)
	at org.h2.command.Parser.getTableOrViewNotFoundDbException(Parser.java:8381)
	at org.h2.command.Parser.readTableOrView(Parser.java:8370)
	at org.h2.command.Parser.readTablePrimary(Parser.java:1866)
	at org.h2.command.Parser.readTableReference(Parser.java:2342)
	at org.h2.command.Parser.parseSelectFromPart(Parser.java:2793)
	at org.h2.command.Parser.parseSelect(Parser.java:2900)
	at org.h2.command.Parser.parseQueryPrimary(Parser.java:2783)
	at org.h2.command.Parser.parseQueryTerm(Parser.java:2650)
	at org.h2.command.Parser.parseQueryExpressionBody(Parser.java:2629)
	at org.h2.command.Parser.parseQueryExpressionBodyAndEndOfQuery(Parser.java:2622)
	at org.h2.command.Parser.parseQueryExpression(Parser.java:2615)
	at org.h2.command.Parser.parseQuery(Parser.java:2576)
	at org.h2.command.Parser.parsePrepared(Parser.java:707)
	at org.h2.command.Parser.parse(Parser.java:674)
	at org.h2.command.Parser.parse(Parser.java:644)
	at org.h2.command.Parser.prepareCommand(Parser.java:551)
	at org.h2.engine.SessionLocal.prepareLocal(SessionLocal.java:615)
	at org.h2.engine.SessionLocal.prepareCommand(SessionLocal.java:553)
	at org.h2.jdbc.JdbcConnection.prepareCommand(JdbcConnection.java:1116)
	at org.h2.jdbc.JdbcPreparedStatement.<init>(JdbcPreparedStatement.java:92)
	at org.h2.jdbc.JdbcConnection.prepareStatement(JdbcConnection.java:288)
	at com.zaxxer.hikari.pool.ProxyConnection.prepareStatement(ProxyConnection.java:311)
	at com.zaxxer.hikari.pool.HikariProxyConnection.prepareStatement(HikariProxyConnection.java)
	at anorm.SimpleSql.$anonfun$prepareNoGeneratedKeys$1(SimpleSql.scala:55)
	at anorm.SimpleSql.unsafeStatement(SimpleSql.scala:85)
	at anorm.SimpleSql.unsafeStatement(SimpleSql.scala:68)
	at anorm.Sql.$anonfun$preparedStatement$1(Anorm.scala:77)
	at resource.DefaultManagedResource.open(AbstractManagedResource.scala:107)
	at resource.AbstractManagedResource.acquireFor(AbstractManagedResource.scala:84)
	at resource.ManagedResourceOperations$$anon$1.acquireFor(ManagedResourceOperations.scala:47)
	at resource.DeferredExtractableManagedResource.acquireFor(AbstractManagedResource.scala:25)
	at resource.ManagedResourceOperations.apply(ManagedResourceOperations.scala:31)
	at resource.ManagedResourceOperations.apply$(ManagedResourceOperations.scala:31)
	at resource.DeferredExtractableManagedResource.apply(AbstractManagedResource.scala:22)
	at resource.ManagedResourceOperations.acquireAndGet(ManagedResourceOperations.scala:29)
	at resource.ManagedResourceOperations.acquireAndGet$(ManagedResourceOperations.scala:29)
	at resource.DeferredExtractableManagedResource.acquireAndGet(AbstractManagedResource.scala:22)
	at anorm.Sql$.$anonfun$asTry$1(Anorm.scala:263)
	at scala.util.Try$.apply(Try.scala:210)
	at anorm.Sql$.asTry(Anorm.scala:263)
	at anorm.WithResult.asTry(SqlResult.scala:215)
	at anorm.WithResult.asTry$(SqlResult.scala:213)
	at anorm.SimpleSql.asTry(SimpleSql.scala:6)
	at anorm.WithResult.as(SqlResult.scala:205)
	at anorm.WithResult.as$(SqlResult.scala:204)
	at anorm.SimpleSql.as(SimpleSql.scala:6)
	at com.digitalasset.canton.platform.store.backend.common.PackageStorageBackendTemplate.lfPackages(PackageStorageBackendTemplate.scala:54)
	at com.digitalasset.canton.platform.store.dao.JdbcLedgerDao.$anonfun$listLfPackages$1(JdbcLedgerDao.scala:311)
	at com.digitalasset.canton.platform.store.dao.DataSourceConnectionProvider$$anon$1.$anonfun$runSQL$1(HikariJdbcConnectionProvider.scala:80)
	at com.daml.metrics.api.opentelemetry.OpenTelemetryTimer.time(OpenTelemetryMetricsFactory.scala:180)
	at com.daml.metrics.Timed$.value(Timed.scala:18)
	at com.digitalasset.canton.platform.store.dao.DataSourceConnectionProvider$$anon$1.runSQL(HikariJdbcConnectionProvider.scala:80)
	at com.digitalasset.canton.platform.store.dao.DbDispatcherImpl.$anonfun$executeSql$2(DbDispatcher.scala:87)
	at scala.concurrent.Future$.$anonfun$apply$1(Future.scala:687)
	at scala.concurrent.impl.Promise$Transformation.run(Promise.scala:467)
	at com.daml.executors.QueueAwareExecutorService$TrackingRunnable.run(QueueAwareExecutorService.scala:98)
	at com.daml.metrics.InstrumentedExecutorServiceMetrics$InstrumentedExecutorService$InstrumentedRunnable.run(InstrumentedExecutorServiceMetrics.scala:202)
	at java.base/java.util.concurrent.ThreadPoolExecutor.runWorker(ThreadPoolExecutor.java:1136)
	at java.base/java.util.concurrent.ThreadPoolExecutor$Worker.run(ThreadPoolExecutor.java:635)
	at java.base/java.lang.Thread.run(Thread.java:840)
2026-01-20 15:16:39,507 [daml.index.db.threadpool.connection.api-server-2] DEBUG c.d.c.n.g.ApiRequestLogger:participant=sandbox tid:a956a2b4a3a106cf0396e0c67edc069d - Request c.d.l.a.v.PackageService/GetPackageStatus by /127.0.0.1:50289: received a message 
  Request tid:a956a2b4a3a106cf0396e0c67edc069d
2026-01-20 15:16:39,512 [canton-env-ec-21] INFO  c.d.c.p.a.s.ApiPackageService:participant=sandbox tid:a956a2b4a3a106cf0396e0c67edc069d - Received request for a package status: GetPackageStatusRequest(sandbox,76bf0fd12bd945762a01f8fc5bbcdfa4d0ff20f8762af490f8f41d6237c6524f), packageId -> '76bf0fd12bd945762a01f8fc5bbcdfa4d0ff20f8762af490f8f41d6237c6524f'.
2026-01-20 15:16:39,654 [daml.index.db.threadpool.connection.api-server-2] ERROR c.d.c.p.s.d.DbDispatcherImpl:participant=sandbox tid:a956a2b4a3a106cf0396e0c67edc069d - INDEX_DB_SQL_NON_TRANSIENT_ERROR(4,a956a2b4): Processing the request failed due to a non-transient database error: Table "PACKAGES" not found (this database is empty); SQL statement:

      select packages.package_id, packages.source_description, packages.known_since, packages.package_size
      from packages
      where packages.ledger_offset <= ?
     [42104-210] err-context:{location=DatabaseSelfServiceError.scala:53} 
org.h2.jdbc.JdbcSQLSyntaxErrorException: Table "PACKAGES" not found (this database is empty); SQL statement:

      select packages.package_id, packages.source_description, packages.known_since, packages.package_size
      from packages
      where packages.ledger_offset <= ?
     [42104-210]
	at org.h2.message.DbException.getJdbcSQLException(DbException.java:521)
	at org.h2.message.DbException.getJdbcSQLException(DbException.java:496)
	at org.h2.message.DbException.get(DbException.java:227)
	at org.h2.message.DbException.get(DbException.java:203)
	at org.h2.command.Parser.getTableOrViewNotFoundDbException(Parser.java:8397)
	at org.h2.command.Parser.getTableOrViewNotFoundDbException(Parser.java:8381)
	at org.h2.command.Parser.readTableOrView(Parser.java:8370)
	at org.h2.command.Parser.readTablePrimary(Parser.java:1866)
	at org.h2.command.Parser.readTableReference(Parser.java:2342)
	at org.h2.command.Parser.parseSelectFromPart(Parser.java:2793)
	at org.h2.command.Parser.parseSelect(Parser.java:2900)
	at org.h2.command.Parser.parseQueryPrimary(Parser.java:2783)
	at org.h2.command.Parser.parseQueryTerm(Parser.java:2650)
	at org.h2.command.Parser.parseQueryExpressionBody(Parser.java:2629)
	at org.h2.command.Parser.parseQueryExpressionBodyAndEndOfQuery(Parser.java:2622)
	at org.h2.command.Parser.parseQueryExpression(Parser.java:2615)
	at org.h2.command.Parser.parseQuery(Parser.java:2576)
	at org.h2.command.Parser.parsePrepared(Parser.java:707)
	at org.h2.command.Parser.parse(Parser.java:674)
	at org.h2.command.Parser.parse(Parser.java:644)
	at org.h2.command.Parser.prepareCommand(Parser.java:551)
	at org.h2.engine.SessionLocal.prepareLocal(SessionLocal.java:615)
	at org.h2.engine.SessionLocal.prepareCommand(SessionLocal.java:553)
	at org.h2.jdbc.JdbcConnection.prepareCommand(JdbcConnection.java:1116)
	at org.h2.jdbc.JdbcPreparedStatement.<init>(JdbcPreparedStatement.java:92)
	at org.h2.jdbc.JdbcConnection.prepareStatement(JdbcConnection.java:288)
	at com.zaxxer.hikari.pool.ProxyConnection.prepareStatement(ProxyConnection.java:311)
	at com.zaxxer.hikari.pool.HikariProxyConnection.prepareStatement(HikariProxyConnection.java)
	at anorm.SimpleSql.$anonfun$prepareNoGeneratedKeys$1(SimpleSql.scala:55)
	at anorm.SimpleSql.unsafeStatement(SimpleSql.scala:85)
	at anorm.SimpleSql.unsafeStatement(SimpleSql.scala:68)
	at anorm.Sql.$anonfun$preparedStatement$1(Anorm.scala:77)
	at resource.DefaultManagedResource.open(AbstractManagedResource.scala:107)
	at resource.AbstractManagedResource.acquireFor(AbstractManagedResource.scala:84)
	at resource.ManagedResourceOperations$$anon$1.acquireFor(ManagedResourceOperations.scala:47)
	at resource.DeferredExtractableManagedResource.acquireFor(AbstractManagedResource.scala:25)
	at resource.ManagedResourceOperations.apply(ManagedResourceOperations.scala:31)
	at resource.ManagedResourceOperations.apply$(ManagedResourceOperations.scala:31)
	at resource.DeferredExtractableManagedResource.apply(AbstractManagedResource.scala:22)
	at resource.ManagedResourceOperations.acquireAndGet(ManagedResourceOperations.scala:29)
	at resource.ManagedResourceOperations.acquireAndGet$(ManagedResourceOperations.scala:29)
	at resource.DeferredExtractableManagedResource.acquireAndGet(AbstractManagedResource.scala:22)
	at anorm.Sql$.$anonfun$asTry$1(Anorm.scala:263)
	at scala.util.Try$.apply(Try.scala:210)
	at anorm.Sql$.asTry(Anorm.scala:263)
	at anorm.WithResult.asTry(SqlResult.scala:215)
	at anorm.WithResult.asTry$(SqlResult.scala:213)
	at anorm.SimpleSql.asTry(SimpleSql.scala:6)
	at anorm.WithResult.as(SqlResult.scala:205)
	at anorm.WithResult.as$(SqlResult.scala:204)
	at anorm.SimpleSql.as(SimpleSql.scala:6)
	at com.digitalasset.canton.platform.store.backend.common.PackageStorageBackendTemplate.lfPackages(PackageStorageBackendTemplate.scala:54)
	at com.digitalasset.canton.platform.store.dao.JdbcLedgerDao.$anonfun$listLfPackages$1(JdbcLedgerDao.scala:311)
	at com.digitalasset.canton.platform.store.dao.DataSourceConnectionProvider$$anon$1.$anonfun$runSQL$1(HikariJdbcConnectionProvider.scala:80)
	at com.daml.metrics.api.opentelemetry.OpenTelemetryTimer.time(OpenTelemetryMetricsFactory.scala:180)
	at com.daml.metrics.Timed$.value(Timed.scala:18)
	at com.digitalasset.canton.platform.store.dao.DataSourceConnectionProvider$$anon$1.runSQL(HikariJdbcConnectionProvider.scala:80)
	at com.digitalasset.canton.platform.store.dao.DbDispatcherImpl.$anonfun$executeSql$2(DbDispatcher.scala:87)
	at scala.concurrent.Future$.$anonfun$apply$1(Future.scala:687)
	at scala.concurrent.impl.Promise$Transformation.run(Promise.scala:467)
	at com.daml.executors.QueueAwareExecutorService$TrackingRunnable.run(QueueAwareExecutorService.scala:98)
	at com.daml.metrics.InstrumentedExecutorServiceMetrics$InstrumentedExecutorService$InstrumentedRunnable.run(InstrumentedExecutorServiceMetrics.scala:202)
	at java.base/java.util.concurrent.ThreadPoolExecutor.runWorker(ThreadPoolExecutor.java:1136)
	at java.base/java.util.concurrent.ThreadPoolExecutor$Worker.run(ThreadPoolExecutor.java:635)
	at java.base/java.lang.Thread.run(Thread.java:840)
2026-01-20 15:16:39,507 [daml.index.db.threadpool.connection.api-server-2] DEBUG c.d.c.n.g.ApiRequestLogger:participant=participant1 tid:2bc8c0e897eef8ab6a9c63682fa6cbef - Request c.d.l.a.v.PackageService/GetPackageStatus by /127.0.0.1:50290: received a message 
  Request tid:2bc8c0e897eef8ab6a9c63682fa6cbef
2026-01-20 15:16:39,512 [canton-env-ec-112] INFO  c.d.c.p.a.s.ApiPackageService:participant=participant1 tid:2bc8c0e897eef8ab6a9c63682fa6cbef - Received request for a package status: GetPackageStatusRequest(participant1,82fa64bf7428c614565513731b36464c411b8f252b6f2188aeaca9236f013c84), packageId -> '82fa64bf7428c614565513731b36464c411b8f252b6f2188aeaca9236f013c84'.
2026-01-20 15:16:39,650 [daml.index.db.threadpool.connection.api-server-2] ERROR c.d.c.p.s.d.DbDispatcherImpl:participant=participant1 tid:2bc8c0e897eef8ab6a9c63682fa6cbef - INDEX_DB_SQL_NON_TRANSIENT_ERROR(4,2bc8c0e8): Processing the request failed due to a non-transient database error: Table "PACKAGES" not found (this database is empty); SQL statement:

      select packages.package_id, packages.source_description, packages.known_since, packages.package_size
      from packages
      where packages.ledger_offset <= ?
     [42104-210] err-context:{location=DatabaseSelfServiceError.scala:53} 
org.h2.jdbc.JdbcSQLSyntaxErrorException: Table "PACKAGES" not found (this database is empty); SQL statement:

      select packages.package_id, packages.source_description, packages.known_since, packages.package_size
      from packages
      where packages.ledger_offset <= ?
     [42104-210]
	at org.h2.message.DbException.getJdbcSQLException(DbException.java:521)
	at org.h2.message.DbException.getJdbcSQLException(DbException.java:496)
	at org.h2.message.DbException.get(DbException.java:227)
	at org.h2.message.DbException.get(DbException.java:203)
	at org.h2.command.Parser.getTableOrViewNotFoundDbException(Parser.java:8397)
	at org.h2.command.Parser.getTableOrViewNotFoundDbException(Parser.java:8381)
	at org.h2.command.Parser.readTableOrView(Parser.java:8370)
	at org.h2.command.Parser.readTablePrimary(Parser.java:1866)
	at org.h2.command.Parser.readTableReference(Parser.java:2342)
	at org.h2.command.Parser.parseSelectFromPart(Parser.java:2793)
	at org.h2.command.Parser.parseSelect(Parser.java:2900)
	at org.h2.command.Parser.parseQueryPrimary(Parser.java:2783)
	at org.h2.command.Parser.parseQueryTerm(Parser.java:2650)
	at org.h2.command.Parser.parseQueryExpressionBody(Parser.java:2629)
	at org.h2.command.Parser.parseQueryExpressionBodyAndEndOfQuery(Parser.java:2622)
	at org.h2.command.Parser.parseQueryExpression(Parser.java:2615)
	at org.h2.command.Parser.parseQuery(Parser.java:2576)
	at org.h2.command.Parser.parsePrepared(Parser.java:707)
	at org.h2.command.Parser.parse(Parser.java:674)
	at org.h2.command.Parser.parse(Parser.java:644)
	at org.h2.command.Parser.prepareCommand(Parser.java:551)
	at org.h2.engine.SessionLocal.prepareLocal(SessionLocal.java:615)
	at org.h2.engine.SessionLocal.prepareCommand(SessionLocal.java:553)
	at org.h2.jdbc.JdbcConnection.prepareCommand(JdbcConnection.java:1116)
	at org.h2.jdbc.JdbcPreparedStatement.<init>(JdbcPreparedStatement.java:92)
	at org.h2.jdbc.JdbcConnection.prepareStatement(JdbcConnection.java:288)
	at com.zaxxer.hikari.pool.ProxyConnection.prepareStatement(ProxyConnection.java:311)
	at com.zaxxer.hikari.pool.HikariProxyConnection.prepareStatement(HikariProxyConnection.java)
	at anorm.SimpleSql.$anonfun$prepareNoGeneratedKeys$1(SimpleSql.scala:55)
	at anorm.SimpleSql.unsafeStatement(SimpleSql.scala:85)
	at anorm.SimpleSql.unsafeStatement(SimpleSql.scala:68)
	at anorm.Sql.$anonfun$preparedStatement$1(Anorm.scala:77)
	at resource.DefaultManagedResource.open(AbstractManagedResource.scala:107)
	at resource.AbstractManagedResource.acquireFor(AbstractManagedResource.scala:84)
	at resource.ManagedResourceOperations$$anon$1.acquireFor(ManagedResourceOperations.scala:47)
	at resource.DeferredExtractableManagedResource.acquireFor(AbstractManagedResource.scala:25)
	at resource.ManagedResourceOperations.apply(ManagedResourceOperations.scala:31)
	at resource.ManagedResourceOperations.apply$(ManagedResourceOperations.scala:31)
	at resource.DeferredExtractableManagedResource.apply(AbstractManagedResource.scala:22)
	at resource.ManagedResourceOperations.acquireAndGet(ManagedResourceOperations.scala:29)
	at resource.ManagedResourceOperations.acquireAndGet$(ManagedResourceOperations.scala:29)
	at resource.DeferredExtractableManagedResource.acquireAndGet(AbstractManagedResource.scala:22)
	at anorm.Sql$.$anonfun$asTry$1(Anorm.scala:263)
	at scala.util.Try$.apply(Try.scala:210)
	at anorm.Sql$.asTry(Anorm.scala:263)
	at anorm.WithResult.asTry(SqlResult.scala:215)
	at anorm.WithResult.asTry$(SqlResult.scala:213)
	at anorm.SimpleSql.asTry(SimpleSql.scala:6)
	at anorm.WithResult.as(SqlResult.scala:205)
	at anorm.WithResult.as$(SqlResult.scala:204)
	at anorm.SimpleSql.as(SimpleSql.scala:6)
	at com.digitalasset.canton.platform.store.backend.common.PackageStorageBackendTemplate.lfPackages(PackageStorageBackendTemplate.scala:54)
	at com.digitalasset.canton.platform.store.dao.JdbcLedgerDao.$anonfun$listLfPackages$1(JdbcLedgerDao.scala:311)
	at com.digitalasset.canton.platform.store.dao.DataSourceConnectionProvider$$anon$1.$anonfun$runSQL$1(HikariJdbcConnectionProvider.scala:80)
	at com.daml.metrics.api.opentelemetry.OpenTelemetryTimer.time(OpenTelemetryMetricsFactory.scala:180)
	at com.daml.metrics.Timed$.value(Timed.scala:18)
	at com.digitalasset.canton.platform.store.dao.DataSourceConnectionProvider$$anon$1.runSQL(HikariJdbcConnectionProvider.scala:80)
	at com.digitalasset.canton.platform.store.dao.DbDispatcherImpl.$anonfun$executeSql$2(DbDispatcher.scala:87)
	at scala.concurrent.Future$.$anonfun$apply$1(Future.scala:687)
	at scala.concurrent.impl.Promise$Transformation.run(Promise.scala:467)
	at com.daml.executors.QueueAwareExecutorService$TrackingRunnable.run(QueueAwareExecutorService.scala:98)
	at com.daml.metrics.InstrumentedExecutorServiceMetrics$InstrumentedExecutorService$InstrumentedRunnable.run(InstrumentedExecutorServiceMetrics.scala:202)
	at java.base/java.util.concurrent.ThreadPoolExecutor.runWorker(ThreadPoolExecutor.java:1136)
	at java.base/java.util.concurrent.ThreadPoolExecutor$Worker.run(ThreadPoolExecutor.java:635)
	at java.base/java.lang.Thread.run(Thread.java:840)
2026-01-20 15:16:39,507 [daml.index.db.threadpool.connection.api-server-2] DEBUG c.d.c.n.g.ApiRequestLogger:participant=participant1 tid:5d637eb457afe5818c0bd02a617ea318 - Request c.d.l.a.v.PackageService/GetPackageStatus by /127.0.0.1:50290: received a message 
  Request tid:5d637eb457afe5818c0bd02a617ea318
2026-01-20 15:16:39,512 [canton-env-ec-107] INFO  c.d.c.p.a.s.ApiPackageService:participant=participant1 tid:5d637eb457afe5818c0bd02a617ea318 - Received request for a package status: GetPackageStatusRequest(participant1,6851f194e144b693e63e9034b956c76cef6b5088dd8c66a657ab652a204dba2b), packageId -> '6851f194e144b693e63e9034b956c76cef6b5088dd8c66a657ab652a204dba2b'.
2026-01-20 15:16:39,665 [daml.index.db.threadpool.connection.api-server-2] ERROR c.d.c.p.s.d.DbDispatcherImpl:participant=participant1 tid:5d637eb457afe5818c0bd02a617ea318 - INDEX_DB_SQL_NON_TRANSIENT_ERROR(4,5d637eb4): Processing the request failed due to a non-transient database error: Table "PACKAGES" not found (this database is empty); SQL statement:

      select packages.package_id, packages.source_description, packages.known_since, packages.package_size
      from packages
      where packages.ledger_offset <= ?
     [42104-210] err-context:{location=DatabaseSelfServiceError.scala:53} 
org.h2.jdbc.JdbcSQLSyntaxErrorException: Table "PACKAGES" not found (this database is empty); SQL statement:

      select packages.package_id, packages.source_description, packages.known_since, packages.package_size
      from packages
      where packages.ledger_offset <= ?
     [42104-210]
	at org.h2.message.DbException.getJdbcSQLException(DbException.java:521)
	at org.h2.message.DbException.getJdbcSQLException(DbException.java:496)
	at org.h2.message.DbException.get(DbException.java:227)
	at org.h2.message.DbException.get(DbException.java:203)
	at org.h2.command.Parser.getTableOrViewNotFoundDbException(Parser.java:8397)
	at org.h2.command.Parser.getTableOrViewNotFoundDbException(Parser.java:8381)
	at org.h2.command.Parser.readTableOrView(Parser.java:8370)
	at org.h2.command.Parser.readTablePrimary(Parser.java:1866)
	at org.h2.command.Parser.readTableReference(Parser.java:2342)
	at org.h2.command.Parser.parseSelectFromPart(Parser.java:2793)
	at org.h2.command.Parser.parseSelect(Parser.java:2900)
	at org.h2.command.Parser.parseQueryPrimary(Parser.java:2783)
	at org.h2.command.Parser.parseQueryTerm(Parser.java:2650)
	at org.h2.command.Parser.parseQueryExpressionBody(Parser.java:2629)
	at org.h2.command.Parser.parseQueryExpressionBodyAndEndOfQuery(Parser.java:2622)
	at org.h2.command.Parser.parseQueryExpression(Parser.java:2615)
	at org.h2.command.Parser.parseQuery(Parser.java:2576)
	at org.h2.command.Parser.parsePrepared(Parser.java:707)
	at org.h2.command.Parser.parse(Parser.java:674)
	at org.h2.command.Parser.parse(Parser.java:644)
	at org.h2.command.Parser.prepareCommand(Parser.java:551)
	at org.h2.engine.SessionLocal.prepareLocal(SessionLocal.java:615)
	at org.h2.engine.SessionLocal.prepareCommand(SessionLocal.java:553)
	at org.h2.jdbc.JdbcConnection.prepareCommand(JdbcConnection.java:1116)
	at org.h2.jdbc.JdbcPreparedStatement.<init>(JdbcPreparedStatement.java:92)
	at org.h2.jdbc.JdbcConnection.prepareStatement(JdbcConnection.java:288)
	at com.zaxxer.hikari.pool.ProxyConnection.prepareStatement(ProxyConnection.java:311)
	at com.zaxxer.hikari.pool.HikariProxyConnection.prepareStatement(HikariProxyConnection.java)
	at anorm.SimpleSql.$anonfun$prepareNoGeneratedKeys$1(SimpleSql.scala:55)
	at anorm.SimpleSql.unsafeStatement(SimpleSql.scala:85)
	at anorm.SimpleSql.unsafeStatement(SimpleSql.scala:68)
	at anorm.Sql.$anonfun$preparedStatement$1(Anorm.scala:77)
	at resource.DefaultManagedResource.open(AbstractManagedResource.scala:107)
	at resource.AbstractManagedResource.acquireFor(AbstractManagedResource.scala:84)
	at resource.ManagedResourceOperations$$anon$1.acquireFor(ManagedResourceOperations.scala:47)
	at resource.DeferredExtractableManagedResource.acquireFor(AbstractManagedResource.scala:25)
	at resource.ManagedResourceOperations.apply(ManagedResourceOperations.scala:31)
	at resource.ManagedResourceOperations.apply$(ManagedResourceOperations.scala:31)
	at resource.DeferredExtractableManagedResource.apply(AbstractManagedResource.scala:22)
	at resource.ManagedResourceOperations.acquireAndGet(ManagedResourceOperations.scala:29)
	at resource.ManagedResourceOperations.acquireAndGet$(ManagedResourceOperations.scala:29)
	at resource.DeferredExtractableManagedResource.acquireAndGet(AbstractManagedResource.scala:22)
	at anorm.Sql$.$anonfun$asTry$1(Anorm.scala:263)
	at scala.util.Try$.apply(Try.scala:210)
	at anorm.Sql$.asTry(Anorm.scala:263)
	at anorm.WithResult.asTry(SqlResult.scala:215)
	at anorm.WithResult.asTry$(SqlResult.scala:213)
	at anorm.SimpleSql.asTry(SimpleSql.scala:6)
	at anorm.WithResult.as(SqlResult.scala:205)
	at anorm.WithResult.as$(SqlResult.scala:204)
	at anorm.SimpleSql.as(SimpleSql.scala:6)
	at com.digitalasset.canton.platform.store.backend.common.PackageStorageBackendTemplate.lfPackages(PackageStorageBackendTemplate.scala:54)
	at com.digitalasset.canton.platform.store.dao.JdbcLedgerDao.$anonfun$listLfPackages$1(JdbcLedgerDao.scala:311)
	at com.digitalasset.canton.platform.store.dao.DataSourceConnectionProvider$$anon$1.$anonfun$runSQL$1(HikariJdbcConnectionProvider.scala:80)
	at com.daml.metrics.api.opentelemetry.OpenTelemetryTimer.time(OpenTelemetryMetricsFactory.scala:180)
	at com.daml.metrics.Timed$.value(Timed.scala:18)
	at com.digitalasset.canton.platform.store.dao.DataSourceConnectionProvider$$anon$1.runSQL(HikariJdbcConnectionProvider.scala:80)
	at com.digitalasset.canton.platform.store.dao.DbDispatcherImpl.$anonfun$executeSql$2(DbDispatcher.scala:87)
	at scala.concurrent.Future$.$anonfun$apply$1(Future.scala:687)
	at scala.concurrent.impl.Promise$Transformation.run(Promise.scala:467)
	at com.daml.executors.QueueAwareExecutorService$TrackingRunnable.run(QueueAwareExecutorService.scala:98)
	at com.daml.metrics.InstrumentedExecutorServiceMetrics$InstrumentedExecutorService$InstrumentedRunnable.run(InstrumentedExecutorServiceMetrics.scala:202)
	at java.base/java.util.concurrent.ThreadPoolExecutor.runWorker(ThreadPoolExecutor.java:1136)
	at java.base/java.util.concurrent.ThreadPoolExecutor$Worker.run(ThreadPoolExecutor.java:635)
	at java.base/java.lang.Thread.run(Thread.java:840)
2026-01-20 15:16:39,507 [daml.index.db.threadpool.connection.api-server-0] DEBUG c.d.c.n.g.ApiRequestLogger:participant=sandbox tid:e1c0f266a790b97a166edaa45d9e820b - Request c.d.l.a.v.PackageService/GetPackageStatus by /127.0.0.1:50289: received a message 
  Request tid:e1c0f266a790b97a166edaa45d9e820b
2026-01-20 15:16:39,512 [canton-env-ec-106] INFO  c.d.c.p.a.s.ApiPackageService:participant=sandbox tid:e1c0f266a790b97a166edaa45d9e820b - Received request for a package status: GetPackageStatusRequest(sandbox,e4cc67c3264eba4a19c080cac5ab32d87551578e0f5f58b6a9460f91c7abc254), packageId -> 'e4cc67c3264eba4a19c080cac5ab32d87551578e0f5f58b6a9460f91c7abc254'.
2026-01-20 15:16:39,640 [daml.index.db.threadpool.connection.api-server-0] ERROR c.d.c.p.s.d.DbDispatcherImpl:participant=sandbox tid:e1c0f266a790b97a166edaa45d9e820b - INDEX_DB_SQL_NON_TRANSIENT_ERROR(4,e1c0f266): Processing the request failed due to a non-transient database error: Table "PACKAGES" not found (this database is empty); SQL statement:

      select packages.package_id, packages.source_description, packages.known_since, packages.package_size
      from packages
      where packages.ledger_offset <= ?
     [42104-210] err-context:{location=DatabaseSelfServiceError.scala:53} 
org.h2.jdbc.JdbcSQLSyntaxErrorException: Table "PACKAGES" not found (this database is empty); SQL statement:

      select packages.package_id, packages.source_description, packages.known_since, packages.package_size
      from packages
      where packages.ledger_offset <= ?
     [42104-210]
	at org.h2.message.DbException.getJdbcSQLException(DbException.java:521)
	at org.h2.message.DbException.getJdbcSQLException(DbException.java:496)
	at org.h2.message.DbException.get(DbException.java:227)
	at org.h2.message.DbException.get(DbException.java:203)
	at org.h2.command.Parser.getTableOrViewNotFoundDbException(Parser.java:8397)
	at org.h2.command.Parser.getTableOrViewNotFoundDbException(Parser.java:8381)
	at org.h2.command.Parser.readTableOrView(Parser.java:8370)
	at org.h2.command.Parser.readTablePrimary(Parser.java:1866)
	at org.h2.command.Parser.readTableReference(Parser.java:2342)
	at org.h2.command.Parser.parseSelectFromPart(Parser.java:2793)
	at org.h2.command.Parser.parseSelect(Parser.java:2900)
	at org.h2.command.Parser.parseQueryPrimary(Parser.java:2783)
	at org.h2.command.Parser.parseQueryTerm(Parser.java:2650)
	at org.h2.command.Parser.parseQueryExpressionBody(Parser.java:2629)
	at org.h2.command.Parser.parseQueryExpressionBodyAndEndOfQuery(Parser.java:2622)
	at org.h2.command.Parser.parseQueryExpression(Parser.java:2615)
	at org.h2.command.Parser.parseQuery(Parser.java:2576)
	at org.h2.command.Parser.parsePrepared(Parser.java:707)
	at org.h2.command.Parser.parse(Parser.java:674)
	at org.h2.command.Parser.parse(Parser.java:644)
	at org.h2.command.Parser.prepareCommand(Parser.java:551)
	at org.h2.engine.SessionLocal.prepareLocal(SessionLocal.java:615)
	at org.h2.engine.SessionLocal.prepareCommand(SessionLocal.java:553)
	at org.h2.jdbc.JdbcConnection.prepareCommand(JdbcConnection.java:1116)
	at org.h2.jdbc.JdbcPreparedStatement.<init>(JdbcPreparedStatement.java:92)
	at org.h2.jdbc.JdbcConnection.prepareStatement(JdbcConnection.java:288)
	at com.zaxxer.hikari.pool.ProxyConnection.prepareStatement(ProxyConnection.java:311)
	at com.zaxxer.hikari.pool.HikariProxyConnection.prepareStatement(HikariProxyConnection.java)
	at anorm.SimpleSql.$anonfun$prepareNoGeneratedKeys$1(SimpleSql.scala:55)
	at anorm.SimpleSql.unsafeStatement(SimpleSql.scala:85)
	at anorm.SimpleSql.unsafeStatement(SimpleSql.scala:68)
	at anorm.Sql.$anonfun$preparedStatement$1(Anorm.scala:77)
	at resource.DefaultManagedResource.open(AbstractManagedResource.scala:107)
	at resource.AbstractManagedResource.acquireFor(AbstractManagedResource.scala:84)
	at resource.ManagedResourceOperations$$anon$1.acquireFor(ManagedResourceOperations.scala:47)
	at resource.DeferredExtractableManagedResource.acquireFor(AbstractManagedResource.scala:25)
	at resource.ManagedResourceOperations.apply(ManagedResourceOperations.scala:31)
	at resource.ManagedResourceOperations.apply$(ManagedResourceOperations.scala:31)
	at resource.DeferredExtractableManagedResource.apply(AbstractManagedResource.scala:22)
	at resource.ManagedResourceOperations.acquireAndGet(ManagedResourceOperations.scala:29)
	at resource.ManagedResourceOperations.acquireAndGet$(ManagedResourceOperations.scala:29)
	at resource.DeferredExtractableManagedResource.acquireAndGet(AbstractManagedResource.scala:22)
	at anorm.Sql$.$anonfun$asTry$1(Anorm.scala:263)
	at scala.util.Try$.apply(Try.scala:210)
	at anorm.Sql$.asTry(Anorm.scala:263)
	at anorm.WithResult.asTry(SqlResult.scala:215)
	at anorm.WithResult.asTry$(SqlResult.scala:213)
	at anorm.SimpleSql.asTry(SimpleSql.scala:6)
	at anorm.WithResult.as(SqlResult.scala:205)
	at anorm.WithResult.as$(SqlResult.scala:204)
	at anorm.SimpleSql.as(SimpleSql.scala:6)
	at com.digitalasset.canton.platform.store.backend.common.PackageStorageBackendTemplate.lfPackages(PackageStorageBackendTemplate.scala:54)
	at com.digitalasset.canton.platform.store.dao.JdbcLedgerDao.$anonfun$listLfPackages$1(JdbcLedgerDao.scala:311)
	at com.digitalasset.canton.platform.store.dao.DataSourceConnectionProvider$$anon$1.$anonfun$runSQL$1(HikariJdbcConnectionProvider.scala:80)
	at com.daml.metrics.api.opentelemetry.OpenTelemetryTimer.time(OpenTelemetryMetricsFactory.scala:180)
	at com.daml.metrics.Timed$.value(Timed.scala:18)
	at com.digitalasset.canton.platform.store.dao.DataSourceConnectionProvider$$anon$1.runSQL(HikariJdbcConnectionProvider.scala:80)
	at com.digitalasset.canton.platform.store.dao.DbDispatcherImpl.$anonfun$executeSql$2(DbDispatcher.scala:87)
	at scala.concurrent.Future$.$anonfun$apply$1(Future.scala:687)
	at scala.concurrent.impl.Promise$Transformation.run(Promise.scala:467)
	at com.daml.executors.QueueAwareExecutorService$TrackingRunnable.run(QueueAwareExecutorService.scala:98)
	at com.daml.metrics.InstrumentedExecutorServiceMetrics$InstrumentedExecutorService$InstrumentedRunnable.run(InstrumentedExecutorServiceMetrics.scala:202)
	at java.base/java.util.concurrent.ThreadPoolExecutor.runWorker(ThreadPoolExecutor.java:1136)
	at java.base/java.util.concurrent.ThreadPoolExecutor$Worker.run(ThreadPoolExecutor.java:635)
	at java.base/java.lang.Thread.run(Thread.java:840)
2026-01-20 15:16:39,509 [daml.index.db.threadpool.connection.api-server-0] DEBUG c.d.c.n.g.ApiRequestLogger:participant=sandbox tid:9d7b524787baa496cb55e74d6ed8d091 - Request c.d.l.a.v.PackageService/GetPackageStatus by /127.0.0.1:50289: received a message 
  Request tid:9d7b524787baa496cb55e74d6ed8d091
2026-01-20 15:16:39,509 [canton-env-ec-32] INFO  c.d.c.p.a.s.ApiPackageService:participant=sandbox tid:9d7b524787baa496cb55e74d6ed8d091 - Received request for a package status: GetPackageStatusRequest(sandbox,40f452260bef3f29dede136108fc08a88d5a5250310281067087da6f0baddff7), packageId -> '40f452260bef3f29dede136108fc08a88d5a5250310281067087da6f0baddff7'.
2026-01-20 15:16:39,671 [daml.index.db.threadpool.connection.api-server-0] ERROR c.d.c.p.s.d.DbDispatcherImpl:participant=sandbox tid:9d7b524787baa496cb55e74d6ed8d091 - INDEX_DB_SQL_NON_TRANSIENT_ERROR(4,9d7b5247): Processing the request failed due to a non-transient database error: Table "PACKAGES" not found (this database is empty); SQL statement:

      select packages.package_id, packages.source_description, packages.known_since, packages.package_size
      from packages
      where packages.ledger_offset <= ?
     [42104-210] err-context:{location=DatabaseSelfServiceError.scala:53} 
org.h2.jdbc.JdbcSQLSyntaxErrorException: Table "PACKAGES" not found (this database is empty); SQL statement:

      select packages.package_id, packages.source_description, packages.known_since, packages.package_size
      from packages
      where packages.ledger_offset <= ?
     [42104-210]
	at org.h2.message.DbException.getJdbcSQLException(DbException.java:521)
	at org.h2.message.DbException.getJdbcSQLException(DbException.java:496)
	at org.h2.message.DbException.get(DbException.java:227)
	at org.h2.message.DbException.get(DbException.java:203)
	at org.h2.command.Parser.getTableOrViewNotFoundDbException(Parser.java:8397)
	at org.h2.command.Parser.getTableOrViewNotFoundDbException(Parser.java:8381)
	at org.h2.command.Parser.readTableOrView(Parser.java:8370)
	at org.h2.command.Parser.readTablePrimary(Parser.java:1866)
	at org.h2.command.Parser.readTableReference(Parser.java:2342)
	at org.h2.command.Parser.parseSelectFromPart(Parser.java:2793)
	at org.h2.command.Parser.parseSelect(Parser.java:2900)
	at org.h2.command.Parser.parseQueryPrimary(Parser.java:2783)
	at org.h2.command.Parser.parseQueryTerm(Parser.java:2650)
	at org.h2.command.Parser.parseQueryExpressionBody(Parser.java:2629)
	at org.h2.command.Parser.parseQueryExpressionBodyAndEndOfQuery(Parser.java:2622)
	at org.h2.command.Parser.parseQueryExpression(Parser.java:2615)
	at org.h2.command.Parser.parseQuery(Parser.java:2576)
	at org.h2.command.Parser.parsePrepared(Parser.java:707)
	at org.h2.command.Parser.parse(Parser.java:674)
	at org.h2.command.Parser.parse(Parser.java:644)
	at org.h2.command.Parser.prepareCommand(Parser.java:551)
	at org.h2.engine.SessionLocal.prepareLocal(SessionLocal.java:615)
	at org.h2.engine.SessionLocal.prepareCommand(SessionLocal.java:553)
	at org.h2.jdbc.JdbcConnection.prepareCommand(JdbcConnection.java:1116)
	at org.h2.jdbc.JdbcPreparedStatement.<init>(JdbcPreparedStatement.java:92)
	at org.h2.jdbc.JdbcConnection.prepareStatement(JdbcConnection.java:288)
	at com.zaxxer.hikari.pool.ProxyConnection.prepareStatement(ProxyConnection.java:311)
	at com.zaxxer.hikari.pool.HikariProxyConnection.prepareStatement(HikariProxyConnection.java)
	at anorm.SimpleSql.$anonfun$prepareNoGeneratedKeys$1(SimpleSql.scala:55)
	at anorm.SimpleSql.unsafeStatement(SimpleSql.scala:85)
	at anorm.SimpleSql.unsafeStatement(SimpleSql.scala:68)
	at anorm.Sql.$anonfun$preparedStatement$1(Anorm.scala:77)
	at resource.DefaultManagedResource.open(AbstractManagedResource.scala:107)
	at resource.AbstractManagedResource.acquireFor(AbstractManagedResource.scala:84)
	at resource.ManagedResourceOperations$$anon$1.acquireFor(ManagedResourceOperations.scala:47)
	at resource.DeferredExtractableManagedResource.acquireFor(AbstractManagedResource.scala:25)
	at resource.ManagedResourceOperations.apply(ManagedResourceOperations.scala:31)
	at resource.ManagedResourceOperations.apply$(ManagedResourceOperations.scala:31)
	at resource.DeferredExtractableManagedResource.apply(AbstractManagedResource.scala:22)
	at resource.ManagedResourceOperations.acquireAndGet(ManagedResourceOperations.scala:29)
	at resource.ManagedResourceOperations.acquireAndGet$(ManagedResourceOperations.scala:29)
	at resource.DeferredExtractableManagedResource.acquireAndGet(AbstractManagedResource.scala:22)
	at anorm.Sql$.$anonfun$asTry$1(Anorm.scala:263)
	at scala.util.Try$.apply(Try.scala:210)
	at anorm.Sql$.asTry(Anorm.scala:263)
	at anorm.WithResult.asTry(SqlResult.scala:215)
	at anorm.WithResult.asTry$(SqlResult.scala:213)
	at anorm.SimpleSql.asTry(SimpleSql.scala:6)
	at anorm.WithResult.as(SqlResult.scala:205)
	at anorm.WithResult.as$(SqlResult.scala:204)
	at anorm.SimpleSql.as(SimpleSql.scala:6)
	at com.digitalasset.canton.platform.store.backend.common.PackageStorageBackendTemplate.lfPackages(PackageStorageBackendTemplate.scala:54)
	at com.digitalasset.canton.platform.store.dao.JdbcLedgerDao.$anonfun$listLfPackages$1(JdbcLedgerDao.scala:311)
	at com.digitalasset.canton.platform.store.dao.DataSourceConnectionProvider$$anon$1.$anonfun$runSQL$1(HikariJdbcConnectionProvider.scala:80)
	at com.daml.metrics.api.opentelemetry.OpenTelemetryTimer.time(OpenTelemetryMetricsFactory.scala:180)
	at com.daml.metrics.Timed$.value(Timed.scala:18)
	at com.digitalasset.canton.platform.store.dao.DataSourceConnectionProvider$$anon$1.runSQL(HikariJdbcConnectionProvider.scala:80)
	at com.digitalasset.canton.platform.store.dao.DbDispatcherImpl.$anonfun$executeSql$2(DbDispatcher.scala:87)
	at scala.concurrent.Future$.$anonfun$apply$1(Future.scala:687)
	at scala.concurrent.impl.Promise$Transformation.run(Promise.scala:467)
	at com.daml.executors.QueueAwareExecutorService$TrackingRunnable.run(QueueAwareExecutorService.scala:98)
	at com.daml.metrics.InstrumentedExecutorServiceMetrics$InstrumentedExecutorService$InstrumentedRunnable.run(InstrumentedExecutorServiceMetrics.scala:202)
	at java.base/java.util.concurrent.ThreadPoolExecutor.runWorker(ThreadPoolExecutor.java:1136)
	at java.base/java.util.concurrent.ThreadPoolExecutor$Worker.run(ThreadPoolExecutor.java:635)
	at java.base/java.lang.Thread.run(Thread.java:840)
2026-01-20 15:16:39,499 [daml.index.db.threadpool.connection.api-server-4] DEBUG c.d.c.n.g.ApiRequestLogger:participant=participant1 tid:24ad5838e60dd7fbb885c42ba70e5db7 - Request c.d.l.a.v.PackageService/GetPackageStatus by /127.0.0.1:50290: received a message 
  Request tid:24ad5838e60dd7fbb885c42ba70e5db7
2026-01-20 15:16:39,507 [canton-env-ec-67] INFO  c.d.c.p.a.s.ApiPackageService:participant=participant1 tid:24ad5838e60dd7fbb885c42ba70e5db7 - Received request for a package status: GetPackageStatusRequest(participant1,cc348d369011362a5190fe96dd1f0dfbc697fdfd10e382b9e9666f0da05961b7), packageId -> 'cc348d369011362a5190fe96dd1f0dfbc697fdfd10e382b9e9666f0da05961b7'.
2026-01-20 15:16:39,633 [daml.index.db.threadpool.connection.api-server-4] ERROR c.d.c.p.s.d.DbDispatcherImpl:participant=participant1 tid:24ad5838e60dd7fbb885c42ba70e5db7 - INDEX_DB_SQL_NON_TRANSIENT_ERROR(4,24ad5838): Processing the request failed due to a non-transient database error: Table "PACKAGES" not found (this database is empty); SQL statement:

      select packages.package_id, packages.source_description, packages.known_since, packages.package_size
      from packages
      where packages.ledger_offset <= ?
     [42104-210] err-context:{location=DatabaseSelfServiceError.scala:53} 
org.h2.jdbc.JdbcSQLSyntaxErrorException: Table "PACKAGES" not found (this database is empty); SQL statement:

      select packages.package_id, packages.source_description, packages.known_since, packages.package_size
      from packages
      where packages.ledger_offset <= ?
     [42104-210]
	at org.h2.message.DbException.getJdbcSQLException(DbException.java:521)
	at org.h2.message.DbException.getJdbcSQLException(DbException.java:496)
	at org.h2.message.DbException.get(DbException.java:227)
	at org.h2.message.DbException.get(DbException.java:203)
	at org.h2.command.Parser.getTableOrViewNotFoundDbException(Parser.java:8397)
	at org.h2.command.Parser.getTableOrViewNotFoundDbException(Parser.java:8381)
	at org.h2.command.Parser.readTableOrView(Parser.java:8370)
	at org.h2.command.Parser.readTablePrimary(Parser.java:1866)
	at org.h2.command.Parser.readTableReference(Parser.java:2342)
	at org.h2.command.Parser.parseSelectFromPart(Parser.java:2793)
	at org.h2.command.Parser.parseSelect(Parser.java:2900)
	at org.h2.command.Parser.parseQueryPrimary(Parser.java:2783)
	at org.h2.command.Parser.parseQueryTerm(Parser.java:2650)
	at org.h2.command.Parser.parseQueryExpressionBody(Parser.java:2629)
	at org.h2.command.Parser.parseQueryExpressionBodyAndEndOfQuery(Parser.java:2622)
	at org.h2.command.Parser.parseQueryExpression(Parser.java:2615)
	at org.h2.command.Parser.parseQuery(Parser.java:2576)
	at org.h2.command.Parser.parsePrepared(Parser.java:707)
	at org.h2.command.Parser.parse(Parser.java:674)
	at org.h2.command.Parser.parse(Parser.java:644)
	at org.h2.command.Parser.prepareCommand(Parser.java:551)
	at org.h2.engine.SessionLocal.prepareLocal(SessionLocal.java:615)
	at org.h2.engine.SessionLocal.prepareCommand(SessionLocal.java:553)
	at org.h2.jdbc.JdbcConnection.prepareCommand(JdbcConnection.java:1116)
	at org.h2.jdbc.JdbcPreparedStatement.<init>(JdbcPreparedStatement.java:92)
	at org.h2.jdbc.JdbcConnection.prepareStatement(JdbcConnection.java:288)
	at com.zaxxer.hikari.pool.ProxyConnection.prepareStatement(ProxyConnection.java:311)
	at com.zaxxer.hikari.pool.HikariProxyConnection.prepareStatement(HikariProxyConnection.java)
	at anorm.SimpleSql.$anonfun$prepareNoGeneratedKeys$1(SimpleSql.scala:55)
	at anorm.SimpleSql.unsafeStatement(SimpleSql.scala:85)
	at anorm.SimpleSql.unsafeStatement(SimpleSql.scala:68)
	at anorm.Sql.$anonfun$preparedStatement$1(Anorm.scala:77)
	at resource.DefaultManagedResource.open(AbstractManagedResource.scala:107)
	at resource.AbstractManagedResource.acquireFor(AbstractManagedResource.scala:84)
	at resource.ManagedResourceOperations$$anon$1.acquireFor(ManagedResourceOperations.scala:47)
	at resource.DeferredExtractableManagedResource.acquireFor(AbstractManagedResource.scala:25)
	at resource.ManagedResourceOperations.apply(ManagedResourceOperations.scala:31)
	at resource.ManagedResourceOperations.apply$(ManagedResourceOperations.scala:31)
	at resource.DeferredExtractableManagedResource.apply(AbstractManagedResource.scala:22)
	at resource.ManagedResourceOperations.acquireAndGet(ManagedResourceOperations.scala:29)
	at resource.ManagedResourceOperations.acquireAndGet$(ManagedResourceOperations.scala:29)
	at resource.DeferredExtractableManagedResource.acquireAndGet(AbstractManagedResource.scala:22)
	at anorm.Sql$.$anonfun$asTry$1(Anorm.scala:263)
	at scala.util.Try$.apply(Try.scala:210)
	at anorm.Sql$.asTry(Anorm.scala:263)
	at anorm.WithResult.asTry(SqlResult.scala:215)
	at anorm.WithResult.asTry$(SqlResult.scala:213)
	at anorm.SimpleSql.asTry(SimpleSql.scala:6)
	at anorm.WithResult.as(SqlResult.scala:205)
	at anorm.WithResult.as$(SqlResult.scala:204)
	at anorm.SimpleSql.as(SimpleSql.scala:6)
	at com.digitalasset.canton.platform.store.backend.common.PackageStorageBackendTemplate.lfPackages(PackageStorageBackendTemplate.scala:54)
	at com.digitalasset.canton.platform.store.dao.JdbcLedgerDao.$anonfun$listLfPackages$1(JdbcLedgerDao.scala:311)
	at com.digitalasset.canton.platform.store.dao.DataSourceConnectionProvider$$anon$1.$anonfun$runSQL$1(HikariJdbcConnectionProvider.scala:80)
	at com.daml.metrics.api.opentelemetry.OpenTelemetryTimer.time(OpenTelemetryMetricsFactory.scala:180)
	at com.daml.metrics.Timed$.value(Timed.scala:18)
	at com.digitalasset.canton.platform.store.dao.DataSourceConnectionProvider$$anon$1.runSQL(HikariJdbcConnectionProvider.scala:80)
	at com.digitalasset.canton.platform.store.dao.DbDispatcherImpl.$anonfun$executeSql$2(DbDispatcher.scala:87)
	at scala.concurrent.Future$.$anonfun$apply$1(Future.scala:687)
	at scala.concurrent.impl.Promise$Transformation.run(Promise.scala:467)
	at com.daml.executors.QueueAwareExecutorService$TrackingRunnable.run(QueueAwareExecutorService.scala:98)
	at com.daml.metrics.InstrumentedExecutorServiceMetrics$InstrumentedExecutorService$InstrumentedRunnable.run(InstrumentedExecutorServiceMetrics.scala:202)
	at java.base/java.util.concurrent.ThreadPoolExecutor.runWorker(ThreadPoolExecutor.java:1136)
	at java.base/java.util.concurrent.ThreadPoolExecutor$Worker.run(ThreadPoolExecutor.java:635)
	at java.base/java.lang.Thread.run(Thread.java:840)
2026-01-20 15:16:39,507 [daml.index.db.threadpool.connection.api-server-4] DEBUG c.d.c.n.g.ApiRequestLogger:participant=sandbox tid:e7c520b5ccbc852a77c4e9f1b5bc3fad - Request c.d.l.a.v.PackageService/GetPackageStatus by /127.0.0.1:50289: received a message 
  Request tid:e7c520b5ccbc852a77c4e9f1b5bc3fad
2026-01-20 15:16:39,512 [canton-env-ec-119] INFO  c.d.c.p.a.s.ApiPackageService:participant=sandbox tid:e7c520b5ccbc852a77c4e9f1b5bc3fad - Received request for a package status: GetPackageStatusRequest(sandbox,6839a6d3d430c569b2425e9391717b44ca324b88ba621d597778811b2d05031d), packageId -> '6839a6d3d430c569b2425e9391717b44ca324b88ba621d597778811b2d05031d'.
2026-01-20 15:16:39,626 [daml.index.db.threadpool.connection.api-server-4] ERROR c.d.c.p.s.d.DbDispatcherImpl:participant=sandbox tid:e7c520b5ccbc852a77c4e9f1b5bc3fad - INDEX_DB_SQL_NON_TRANSIENT_ERROR(4,e7c520b5): Processing the request failed due to a non-transient database error: Table "PACKAGES" not found (this database is empty); SQL statement:

      select packages.package_id, packages.source_description, packages.known_since, packages.package_size
      from packages
      where packages.ledger_offset <= ?
     [42104-210] err-context:{location=DatabaseSelfServiceError.scala:53} 
org.h2.jdbc.JdbcSQLSyntaxErrorException: Table "PACKAGES" not found (this database is empty); SQL statement:

      select packages.package_id, packages.source_description, packages.known_since, packages.package_size
      from packages
      where packages.ledger_offset <= ?
     [42104-210]
	at org.h2.message.DbException.getJdbcSQLException(DbException.java:521)
	at org.h2.message.DbException.getJdbcSQLException(DbException.java:496)
	at org.h2.message.DbException.get(DbException.java:227)
	at org.h2.message.DbException.get(DbException.java:203)
	at org.h2.command.Parser.getTableOrViewNotFoundDbException(Parser.java:8397)
	at org.h2.command.Parser.getTableOrViewNotFoundDbException(Parser.java:8381)
	at org.h2.command.Parser.readTableOrView(Parser.java:8370)
	at org.h2.command.Parser.readTablePrimary(Parser.java:1866)
	at org.h2.command.Parser.readTableReference(Parser.java:2342)
	at org.h2.command.Parser.parseSelectFromPart(Parser.java:2793)
	at org.h2.command.Parser.parseSelect(Parser.java:2900)
	at org.h2.command.Parser.parseQueryPrimary(Parser.java:2783)
	at org.h2.command.Parser.parseQueryTerm(Parser.java:2650)
	at org.h2.command.Parser.parseQueryExpressionBody(Parser.java:2629)
	at org.h2.command.Parser.parseQueryExpressionBodyAndEndOfQuery(Parser.java:2622)
	at org.h2.command.Parser.parseQueryExpression(Parser.java:2615)
	at org.h2.command.Parser.parseQuery(Parser.java:2576)
	at org.h2.command.Parser.parsePrepared(Parser.java:707)
	at org.h2.command.Parser.parse(Parser.java:674)
	at org.h2.command.Parser.parse(Parser.java:644)
	at org.h2.command.Parser.prepareCommand(Parser.java:551)
	at org.h2.engine.SessionLocal.prepareLocal(SessionLocal.java:615)
	at org.h2.engine.SessionLocal.prepareCommand(SessionLocal.java:553)
	at org.h2.jdbc.JdbcConnection.prepareCommand(JdbcConnection.java:1116)
	at org.h2.jdbc.JdbcPreparedStatement.<init>(JdbcPreparedStatement.java:92)
	at org.h2.jdbc.JdbcConnection.prepareStatement(JdbcConnection.java:288)
	at com.zaxxer.hikari.pool.ProxyConnection.prepareStatement(ProxyConnection.java:311)
	at com.zaxxer.hikari.pool.HikariProxyConnection.prepareStatement(HikariProxyConnection.java)
	at anorm.SimpleSql.$anonfun$prepareNoGeneratedKeys$1(SimpleSql.scala:55)
	at anorm.SimpleSql.unsafeStatement(SimpleSql.scala:85)
	at anorm.SimpleSql.unsafeStatement(SimpleSql.scala:68)
	at anorm.Sql.$anonfun$preparedStatement$1(Anorm.scala:77)
	at resource.DefaultManagedResource.open(AbstractManagedResource.scala:107)
	at resource.AbstractManagedResource.acquireFor(AbstractManagedResource.scala:84)
	at resource.ManagedResourceOperations$$anon$1.acquireFor(ManagedResourceOperations.scala:47)
	at resource.DeferredExtractableManagedResource.acquireFor(AbstractManagedResource.scala:25)
	at resource.ManagedResourceOperations.apply(ManagedResourceOperations.scala:31)
	at resource.ManagedResourceOperations.apply$(ManagedResourceOperations.scala:31)
	at resource.DeferredExtractableManagedResource.apply(AbstractManagedResource.scala:22)
	at resource.ManagedResourceOperations.acquireAndGet(ManagedResourceOperations.scala:29)
	at resource.ManagedResourceOperations.acquireAndGet$(ManagedResourceOperations.scala:29)
	at resource.DeferredExtractableManagedResource.acquireAndGet(AbstractManagedResource.scala:22)
	at anorm.Sql$.$anonfun$asTry$1(Anorm.scala:263)
	at scala.util.Try$.apply(Try.scala:210)
	at anorm.Sql$.asTry(Anorm.scala:263)
	at anorm.WithResult.asTry(SqlResult.scala:215)
	at anorm.WithResult.asTry$(SqlResult.scala:213)
	at anorm.SimpleSql.asTry(SimpleSql.scala:6)
	at anorm.WithResult.as(SqlResult.scala:205)
	at anorm.WithResult.as$(SqlResult.scala:204)
	at anorm.SimpleSql.as(SimpleSql.scala:6)
	at com.digitalasset.canton.platform.store.backend.common.PackageStorageBackendTemplate.lfPackages(PackageStorageBackendTemplate.scala:54)
	at com.digitalasset.canton.platform.store.dao.JdbcLedgerDao.$anonfun$listLfPackages$1(JdbcLedgerDao.scala:311)
	at com.digitalasset.canton.platform.store.dao.DataSourceConnectionProvider$$anon$1.$anonfun$runSQL$1(HikariJdbcConnectionProvider.scala:80)
	at com.daml.metrics.api.opentelemetry.OpenTelemetryTimer.time(OpenTelemetryMetricsFactory.scala:180)
	at com.daml.metrics.Timed$.value(Timed.scala:18)
	at com.digitalasset.canton.platform.store.dao.DataSourceConnectionProvider$$anon$1.runSQL(HikariJdbcConnectionProvider.scala:80)
	at com.digitalasset.canton.platform.store.dao.DbDispatcherImpl.$anonfun$executeSql$2(DbDispatcher.scala:87)
	at scala.concurrent.Future$.$anonfun$apply$1(Future.scala:687)
	at scala.concurrent.impl.Promise$Transformation.run(Promise.scala:467)
	at com.daml.executors.QueueAwareExecutorService$TrackingRunnable.run(QueueAwareExecutorService.scala:98)
	at com.daml.metrics.InstrumentedExecutorServiceMetrics$InstrumentedExecutorService$InstrumentedRunnable.run(InstrumentedExecutorServiceMetrics.scala:202)
	at java.base/java.util.concurrent.ThreadPoolExecutor.runWorker(ThreadPoolExecutor.java:1136)
	at java.base/java.util.concurrent.ThreadPoolExecutor$Worker.run(ThreadPoolExecutor.java:635)
	at java.base/java.lang.Thread.run(Thread.java:840)
2026-01-20 15:16:39,507 [daml.index.db.threadpool.connection.api-server-1] DEBUG c.d.c.n.g.ApiRequestLogger:participant=participant1 tid:0606f0103d451ea85864a56bac36a488 - Request c.d.l.a.v.PackageService/GetPackageStatus by /127.0.0.1:50290: received a message 
  Request tid:0606f0103d451ea85864a56bac36a488
2026-01-20 15:16:39,512 [canton-env-ec-120] INFO  c.d.c.p.a.s.ApiPackageService:participant=participant1 tid:0606f0103d451ea85864a56bac36a488 - Received request for a package status: GetPackageStatusRequest(participant1,6839a6d3d430c569b2425e9391717b44ca324b88ba621d597778811b2d05031d), packageId -> '6839a6d3d430c569b2425e9391717b44ca324b88ba621d597778811b2d05031d'.
2026-01-20 15:16:39,620 [daml.index.db.threadpool.connection.api-server-1] ERROR c.d.c.p.s.d.DbDispatcherImpl:participant=participant1 tid:0606f0103d451ea85864a56bac36a488 - INDEX_DB_SQL_NON_TRANSIENT_ERROR(4,0606f010): Processing the request failed due to a non-transient database error: Table "PACKAGES" not found (this database is empty); SQL statement:

      select packages.package_id, packages.source_description, packages.known_since, packages.package_size
      from packages
      where packages.ledger_offset <= ?
     [42104-210] err-context:{location=DatabaseSelfServiceError.scala:53} 
org.h2.jdbc.JdbcSQLSyntaxErrorException: Table "PACKAGES" not found (this database is empty); SQL statement:

      select packages.package_id, packages.source_description, packages.known_since, packages.package_size
      from packages
      where packages.ledger_offset <= ?
     [42104-210]
	at org.h2.message.DbException.getJdbcSQLException(DbException.java:521)
	at org.h2.message.DbException.getJdbcSQLException(DbException.java:496)
	at org.h2.message.DbException.get(DbException.java:227)
	at org.h2.message.DbException.get(DbException.java:203)
	at org.h2.command.Parser.getTableOrViewNotFoundDbException(Parser.java:8397)
	at org.h2.command.Parser.getTableOrViewNotFoundDbException(Parser.java:8381)
	at org.h2.command.Parser.readTableOrView(Parser.java:8370)
	at org.h2.command.Parser.readTablePrimary(Parser.java:1866)
	at org.h2.command.Parser.readTableReference(Parser.java:2342)
	at org.h2.command.Parser.parseSelectFromPart(Parser.java:2793)
	at org.h2.command.Parser.parseSelect(Parser.java:2900)
	at org.h2.command.Parser.parseQueryPrimary(Parser.java:2783)
	at org.h2.command.Parser.parseQueryTerm(Parser.java:2650)
	at org.h2.command.Parser.parseQueryExpressionBody(Parser.java:2629)
	at org.h2.command.Parser.parseQueryExpressionBodyAndEndOfQuery(Parser.java:2622)
	at org.h2.command.Parser.parseQueryExpression(Parser.java:2615)
	at org.h2.command.Parser.parseQuery(Parser.java:2576)
	at org.h2.command.Parser.parsePrepared(Parser.java:707)
	at org.h2.command.Parser.parse(Parser.java:674)
	at org.h2.command.Parser.parse(Parser.java:644)
	at org.h2.command.Parser.prepareCommand(Parser.java:551)
	at org.h2.engine.SessionLocal.prepareLocal(SessionLocal.java:615)
	at org.h2.engine.SessionLocal.prepareCommand(SessionLocal.java:553)
	at org.h2.jdbc.JdbcConnection.prepareCommand(JdbcConnection.java:1116)
	at org.h2.jdbc.JdbcPreparedStatement.<init>(JdbcPreparedStatement.java:92)
	at org.h2.jdbc.JdbcConnection.prepareStatement(JdbcConnection.java:288)
	at com.zaxxer.hikari.pool.ProxyConnection.prepareStatement(ProxyConnection.java:311)
	at com.zaxxer.hikari.pool.HikariProxyConnection.prepareStatement(HikariProxyConnection.java)
	at anorm.SimpleSql.$anonfun$prepareNoGeneratedKeys$1(SimpleSql.scala:55)
	at anorm.SimpleSql.unsafeStatement(SimpleSql.scala:85)
	at anorm.SimpleSql.unsafeStatement(SimpleSql.scala:68)
	at anorm.Sql.$anonfun$preparedStatement$1(Anorm.scala:77)
	at resource.DefaultManagedResource.open(AbstractManagedResource.scala:107)
	at resource.AbstractManagedResource.acquireFor(AbstractManagedResource.scala:84)
	at resource.ManagedResourceOperations$$anon$1.acquireFor(ManagedResourceOperations.scala:47)
	at resource.DeferredExtractableManagedResource.acquireFor(AbstractManagedResource.scala:25)
	at resource.ManagedResourceOperations.apply(ManagedResourceOperations.scala:31)
	at resource.ManagedResourceOperations.apply$(ManagedResourceOperations.scala:31)
	at resource.DeferredExtractableManagedResource.apply(AbstractManagedResource.scala:22)
	at resource.ManagedResourceOperations.acquireAndGet(ManagedResourceOperations.scala:29)
	at resource.ManagedResourceOperations.acquireAndGet$(ManagedResourceOperations.scala:29)
	at resource.DeferredExtractableManagedResource.acquireAndGet(AbstractManagedResource.scala:22)
	at anorm.Sql$.$anonfun$asTry$1(Anorm.scala:263)
	at scala.util.Try$.apply(Try.scala:210)
	at anorm.Sql$.asTry(Anorm.scala:263)
	at anorm.WithResult.asTry(SqlResult.scala:215)
	at anorm.WithResult.asTry$(SqlResult.scala:213)
	at anorm.SimpleSql.asTry(SimpleSql.scala:6)
	at anorm.WithResult.as(SqlResult.scala:205)
	at anorm.WithResult.as$(SqlResult.scala:204)
	at anorm.SimpleSql.as(SimpleSql.scala:6)
	at com.digitalasset.canton.platform.store.backend.common.PackageStorageBackendTemplate.lfPackages(PackageStorageBackendTemplate.scala:54)
	at com.digitalasset.canton.platform.store.dao.JdbcLedgerDao.$anonfun$listLfPackages$1(JdbcLedgerDao.scala:311)
	at com.digitalasset.canton.platform.store.dao.DataSourceConnectionProvider$$anon$1.$anonfun$runSQL$1(HikariJdbcConnectionProvider.scala:80)
	at com.daml.metrics.api.opentelemetry.OpenTelemetryTimer.time(OpenTelemetryMetricsFactory.scala:180)
	at com.daml.metrics.Timed$.value(Timed.scala:18)
	at com.digitalasset.canton.platform.store.dao.DataSourceConnectionProvider$$anon$1.runSQL(HikariJdbcConnectionProvider.scala:80)
	at com.digitalasset.canton.platform.store.dao.DbDispatcherImpl.$anonfun$executeSql$2(DbDispatcher.scala:87)
	at scala.concurrent.Future$.$anonfun$apply$1(Future.scala:687)
	at scala.concurrent.impl.Promise$Transformation.run(Promise.scala:467)
	at com.daml.executors.QueueAwareExecutorService$TrackingRunnable.run(QueueAwareExecutorService.scala:98)
	at com.daml.metrics.InstrumentedExecutorServiceMetrics$InstrumentedExecutorService$InstrumentedRunnable.run(InstrumentedExecutorServiceMetrics.scala:202)
	at java.base/java.util.concurrent.ThreadPoolExecutor.runWorker(ThreadPoolExecutor.java:1136)
	at java.base/java.util.concurrent.ThreadPoolExecutor$Worker.run(ThreadPoolExecutor.java:635)
	at java.base/java.lang.Thread.run(Thread.java:840)
2026-01-20 15:16:39,500 [daml.index.db.threadpool.connection.api-server-1] DEBUG c.d.c.n.g.ApiRequestLogger:participant=sandbox tid:5ce2e0ed5fbf3fa5dfb4a9a547e4151f - Request c.d.l.a.v.PackageService/GetPackageStatus by /127.0.0.1:50289: received a message 
  Request tid:5ce2e0ed5fbf3fa5dfb4a9a547e4151f
2026-01-20 15:16:39,507 [canton-env-ec-104] INFO  c.d.c.p.a.s.ApiPackageService:participant=sandbox tid:5ce2e0ed5fbf3fa5dfb4a9a547e4151f - Received request for a package status: GetPackageStatusRequest(sandbox,cc348d369011362a5190fe96dd1f0dfbc697fdfd10e382b9e9666f0da05961b7), packageId -> 'cc348d369011362a5190fe96dd1f0dfbc697fdfd10e382b9e9666f0da05961b7'.
2026-01-20 15:16:39,619 [daml.index.db.threadpool.connection.api-server-1] ERROR c.d.c.p.s.d.DbDispatcherImpl:participant=sandbox tid:5ce2e0ed5fbf3fa5dfb4a9a547e4151f - INDEX_DB_SQL_NON_TRANSIENT_ERROR(4,5ce2e0ed): Processing the request failed due to a non-transient database error: Table "PACKAGES" not found (this database is empty); SQL statement:

      select packages.package_id, packages.source_description, packages.known_since, packages.package_size
      from packages
      where packages.ledger_offset <= ?
     [42104-210] err-context:{location=DatabaseSelfServiceError.scala:53} 
org.h2.jdbc.JdbcSQLSyntaxErrorException: Table "PACKAGES" not found (this database is empty); SQL statement:

      select packages.package_id, packages.source_description, packages.known_since, packages.package_size
      from packages
      where packages.ledger_offset <= ?
     [42104-210]
	at org.h2.message.DbException.getJdbcSQLException(DbException.java:521)
	at org.h2.message.DbException.getJdbcSQLException(DbException.java:496)
	at org.h2.message.DbException.get(DbException.java:227)
	at org.h2.message.DbException.get(DbException.java:203)
	at org.h2.command.Parser.getTableOrViewNotFoundDbException(Parser.java:8397)
	at org.h2.command.Parser.getTableOrViewNotFoundDbException(Parser.java:8381)
	at org.h2.command.Parser.readTableOrView(Parser.java:8370)
	at org.h2.command.Parser.readTablePrimary(Parser.java:1866)
	at org.h2.command.Parser.readTableReference(Parser.java:2342)
	at org.h2.command.Parser.parseSelectFromPart(Parser.java:2793)
	at org.h2.command.Parser.parseSelect(Parser.java:2900)
	at org.h2.command.Parser.parseQueryPrimary(Parser.java:2783)
	at org.h2.command.Parser.parseQueryTerm(Parser.java:2650)
	at org.h2.command.Parser.parseQueryExpressionBody(Parser.java:2629)
	at org.h2.command.Parser.parseQueryExpressionBodyAndEndOfQuery(Parser.java:2622)
	at org.h2.command.Parser.parseQueryExpression(Parser.java:2615)
	at org.h2.command.Parser.parseQuery(Parser.java:2576)
	at org.h2.command.Parser.parsePrepared(Parser.java:707)
	at org.h2.command.Parser.parse(Parser.java:674)
	at org.h2.command.Parser.parse(Parser.java:644)
	at org.h2.command.Parser.prepareCommand(Parser.java:551)
	at org.h2.engine.SessionLocal.prepareLocal(SessionLocal.java:615)
	at org.h2.engine.SessionLocal.prepareCommand(SessionLocal.java:553)
	at org.h2.jdbc.JdbcConnection.prepareCommand(JdbcConnection.java:1116)
	at org.h2.jdbc.JdbcPreparedStatement.<init>(JdbcPreparedStatement.java:92)
	at org.h2.jdbc.JdbcConnection.prepareStatement(JdbcConnection.java:288)
	at com.zaxxer.hikari.pool.ProxyConnection.prepareStatement(ProxyConnection.java:311)
	at com.zaxxer.hikari.pool.HikariProxyConnection.prepareStatement(HikariProxyConnection.java)
	at anorm.SimpleSql.$anonfun$prepareNoGeneratedKeys$1(SimpleSql.scala:55)
	at anorm.SimpleSql.unsafeStatement(SimpleSql.scala:85)
	at anorm.SimpleSql.unsafeStatement(SimpleSql.scala:68)
	at anorm.Sql.$anonfun$preparedStatement$1(Anorm.scala:77)
	at resource.DefaultManagedResource.open(AbstractManagedResource.scala:107)
	at resource.AbstractManagedResource.acquireFor(AbstractManagedResource.scala:84)
	at resource.ManagedResourceOperations$$anon$1.acquireFor(ManagedResourceOperations.scala:47)
	at resource.DeferredExtractableManagedResource.acquireFor(AbstractManagedResource.scala:25)
	at resource.ManagedResourceOperations.apply(ManagedResourceOperations.scala:31)
	at resource.ManagedResourceOperations.apply$(ManagedResourceOperations.scala:31)
	at resource.DeferredExtractableManagedResource.apply(AbstractManagedResource.scala:22)
	at resource.ManagedResourceOperations.acquireAndGet(ManagedResourceOperations.scala:29)
	at resource.ManagedResourceOperations.acquireAndGet$(ManagedResourceOperations.scala:29)
	at resource.DeferredExtractableManagedResource.acquireAndGet(AbstractManagedResource.scala:22)
	at anorm.Sql$.$anonfun$asTry$1(Anorm.scala:263)
	at scala.util.Try$.apply(Try.scala:210)
	at anorm.Sql$.asTry(Anorm.scala:263)
	at anorm.WithResult.asTry(SqlResult.scala:215)
	at anorm.WithResult.asTry$(SqlResult.scala:213)
	at anorm.SimpleSql.asTry(SimpleSql.scala:6)
	at anorm.WithResult.as(SqlResult.scala:205)
	at anorm.WithResult.as$(SqlResult.scala:204)
	at anorm.SimpleSql.as(SimpleSql.scala:6)
	at com.digitalasset.canton.platform.store.backend.common.PackageStorageBackendTemplate.lfPackages(PackageStorageBackendTemplate.scala:54)
	at com.digitalasset.canton.platform.store.dao.JdbcLedgerDao.$anonfun$listLfPackages$1(JdbcLedgerDao.scala:311)
	at com.digitalasset.canton.platform.store.dao.DataSourceConnectionProvider$$anon$1.$anonfun$runSQL$1(HikariJdbcConnectionProvider.scala:80)
	at com.daml.metrics.api.opentelemetry.OpenTelemetryTimer.time(OpenTelemetryMetricsFactory.scala:180)
	at com.daml.metrics.Timed$.value(Timed.scala:18)
	at com.digitalasset.canton.platform.store.dao.DataSourceConnectionProvider$$anon$1.runSQL(HikariJdbcConnectionProvider.scala:80)
	at com.digitalasset.canton.platform.store.dao.DbDispatcherImpl.$anonfun$executeSql$2(DbDispatcher.scala:87)
	at scala.concurrent.Future$.$anonfun$apply$1(Future.scala:687)
	at scala.concurrent.impl.Promise$Transformation.run(Promise.scala:467)
	at com.daml.executors.QueueAwareExecutorService$TrackingRunnable.run(QueueAwareExecutorService.scala:98)
	at com.daml.metrics.InstrumentedExecutorServiceMetrics$InstrumentedExecutorService$InstrumentedRunnable.run(InstrumentedExecutorServiceMetrics.scala:202)
	at java.base/java.util.concurrent.ThreadPoolExecutor.runWorker(ThreadPoolExecutor.java:1136)
	at java.base/java.util.concurrent.ThreadPoolExecutor$Worker.run(ThreadPoolExecutor.java:635)
	at java.base/java.lang.Thread.run(Thread.java:840)
2026-01-20 15:16:39,499 [daml.index.db.threadpool.connection.api-server-0] DEBUG c.d.c.n.g.ApiRequestLogger:participant=participant1 tid:fccb5bde5a55cef3d5066e45d87874a9 - Request c.d.l.a.v.PackageService/GetPackageStatus by /127.0.0.1:50290: received a message 
  Request tid:fccb5bde5a55cef3d5066e45d87874a9
2026-01-20 15:16:39,507 [canton-env-ec-26] INFO  c.d.c.p.a.s.ApiPackageService:participant=participant1 tid:fccb5bde5a55cef3d5066e45d87874a9 - Received request for a package status: GetPackageStatusRequest(participant1,7748754b5e4d9392d6b485367e7b4d5e1b0142ff4d4ce3327911166633c5da04), packageId -> '7748754b5e4d9392d6b485367e7b4d5e1b0142ff4d4ce3327911166633c5da04'.
2026-01-20 15:16:39,619 [daml.index.db.threadpool.connection.api-server-0] ERROR c.d.c.p.s.d.DbDispatcherImpl:participant=participant1 tid:fccb5bde5a55cef3d5066e45d87874a9 - INDEX_DB_SQL_NON_TRANSIENT_ERROR(4,fccb5bde): Processing the request failed due to a non-transient database error: Table "PACKAGES" not found (this database is empty); SQL statement:

      select packages.package_id, packages.source_description, packages.known_since, packages.package_size
      from packages
      where packages.ledger_offset <= ?
     [42104-210] err-context:{location=DatabaseSelfServiceError.scala:53} 
org.h2.jdbc.JdbcSQLSyntaxErrorException: Table "PACKAGES" not found (this database is empty); SQL statement:

      select packages.package_id, packages.source_description, packages.known_since, packages.package_size
      from packages
      where packages.ledger_offset <= ?
     [42104-210]
	at org.h2.message.DbException.getJdbcSQLException(DbException.java:521)
	at org.h2.message.DbException.getJdbcSQLException(DbException.java:496)
	at org.h2.message.DbException.get(DbException.java:227)
	at org.h2.message.DbException.get(DbException.java:203)
	at org.h2.command.Parser.getTableOrViewNotFoundDbException(Parser.java:8397)
	at org.h2.command.Parser.getTableOrViewNotFoundDbException(Parser.java:8381)
	at org.h2.command.Parser.readTableOrView(Parser.java:8370)
	at org.h2.command.Parser.readTablePrimary(Parser.java:1866)
	at org.h2.command.Parser.readTableReference(Parser.java:2342)
	at org.h2.command.Parser.parseSelectFromPart(Parser.java:2793)
	at org.h2.command.Parser.parseSelect(Parser.java:2900)
	at org.h2.command.Parser.parseQueryPrimary(Parser.java:2783)
	at org.h2.command.Parser.parseQueryTerm(Parser.java:2650)
	at org.h2.command.Parser.parseQueryExpressionBody(Parser.java:2629)
	at org.h2.command.Parser.parseQueryExpressionBodyAndEndOfQuery(Parser.java:2622)
	at org.h2.command.Parser.parseQueryExpression(Parser.java:2615)
	at org.h2.command.Parser.parseQuery(Parser.java:2576)
	at org.h2.command.Parser.parsePrepared(Parser.java:707)
	at org.h2.command.Parser.parse(Parser.java:674)
	at org.h2.command.Parser.parse(Parser.java:644)
	at org.h2.command.Parser.prepareCommand(Parser.java:551)
	at org.h2.engine.SessionLocal.prepareLocal(SessionLocal.java:615)
	at org.h2.engine.SessionLocal.prepareCommand(SessionLocal.java:553)
	at org.h2.jdbc.JdbcConnection.prepareCommand(JdbcConnection.java:1116)
	at org.h2.jdbc.JdbcPreparedStatement.<init>(JdbcPreparedStatement.java:92)
	at org.h2.jdbc.JdbcConnection.prepareStatement(JdbcConnection.java:288)
	at com.zaxxer.hikari.pool.ProxyConnection.prepareStatement(ProxyConnection.java:311)
	at com.zaxxer.hikari.pool.HikariProxyConnection.prepareStatement(HikariProxyConnection.java)
	at anorm.SimpleSql.$anonfun$prepareNoGeneratedKeys$1(SimpleSql.scala:55)
	at anorm.SimpleSql.unsafeStatement(SimpleSql.scala:85)
	at anorm.SimpleSql.unsafeStatement(SimpleSql.scala:68)
	at anorm.Sql.$anonfun$preparedStatement$1(Anorm.scala:77)
	at resource.DefaultManagedResource.open(AbstractManagedResource.scala:107)
	at resource.AbstractManagedResource.acquireFor(AbstractManagedResource.scala:84)
	at resource.ManagedResourceOperations$$anon$1.acquireFor(ManagedResourceOperations.scala:47)
	at resource.DeferredExtractableManagedResource.acquireFor(AbstractManagedResource.scala:25)
	at resource.ManagedResourceOperations.apply(ManagedResourceOperations.scala:31)
	at resource.ManagedResourceOperations.apply$(ManagedResourceOperations.scala:31)
	at resource.DeferredExtractableManagedResource.apply(AbstractManagedResource.scala:22)
	at resource.ManagedResourceOperations.acquireAndGet(ManagedResourceOperations.scala:29)
	at resource.ManagedResourceOperations.acquireAndGet$(ManagedResourceOperations.scala:29)
	at resource.DeferredExtractableManagedResource.acquireAndGet(AbstractManagedResource.scala:22)
	at anorm.Sql$.$anonfun$asTry$1(Anorm.scala:263)
	at scala.util.Try$.apply(Try.scala:210)
	at anorm.Sql$.asTry(Anorm.scala:263)
	at anorm.WithResult.asTry(SqlResult.scala:215)
	at anorm.WithResult.asTry$(SqlResult.scala:213)
	at anorm.SimpleSql.asTry(SimpleSql.scala:6)
	at anorm.WithResult.as(SqlResult.scala:205)
	at anorm.WithResult.as$(SqlResult.scala:204)
	at anorm.SimpleSql.as(SimpleSql.scala:6)
	at com.digitalasset.canton.platform.store.backend.common.PackageStorageBackendTemplate.lfPackages(PackageStorageBackendTemplate.scala:54)
	at com.digitalasset.canton.platform.store.dao.JdbcLedgerDao.$anonfun$listLfPackages$1(JdbcLedgerDao.scala:311)
	at com.digitalasset.canton.platform.store.dao.DataSourceConnectionProvider$$anon$1.$anonfun$runSQL$1(HikariJdbcConnectionProvider.scala:80)
	at com.daml.metrics.api.opentelemetry.OpenTelemetryTimer.time(OpenTelemetryMetricsFactory.scala:180)
	at com.daml.metrics.Timed$.value(Timed.scala:18)
	at com.digitalasset.canton.platform.store.dao.DataSourceConnectionProvider$$anon$1.runSQL(HikariJdbcConnectionProvider.scala:80)
	at com.digitalasset.canton.platform.store.dao.DbDispatcherImpl.$anonfun$executeSql$2(DbDispatcher.scala:87)
	at scala.concurrent.Future$.$anonfun$apply$1(Future.scala:687)
	at scala.concurrent.impl.Promise$Transformation.run(Promise.scala:467)
	at com.daml.executors.QueueAwareExecutorService$TrackingRunnable.run(QueueAwareExecutorService.scala:98)
	at com.daml.metrics.InstrumentedExecutorServiceMetrics$InstrumentedExecutorService$InstrumentedRunnable.run(InstrumentedExecutorServiceMetrics.scala:202)
	at java.base/java.util.concurrent.ThreadPoolExecutor.runWorker(ThreadPoolExecutor.java:1136)
	at java.base/java.util.concurrent.ThreadPoolExecutor$Worker.run(ThreadPoolExecutor.java:635)
	at java.base/java.lang.Thread.run(Thread.java:840)
2026-01-20 15:16:39,606 [canton-env-ec-29] ERROR c.d.c.p.a.s.ApiPackageService:participant=sandbox tid:5c1170638cf7583ab5724d31b95e0d6e - Unhandled internal error
com.digitalasset.canton.ledger.error.IndexErrors$IndexDbException: INTERNAL: An error occurred. Please contact the operator and inquire about the request 5c1170638cf7583ab5724d31b95e0d6e with tid 5c1170638cf7583ab5724d31b95e0d6e
2026-01-20 15:16:39,685 [canton-env-ec-29] ERROR c.d.c.n.g.ApiRequestLogger:participant=sandbox tid:5c1170638cf7583ab5724d31b95e0d6e - Request c.d.l.a.v.PackageService/GetPackageStatus by /127.0.0.1:50289: failed with INTERNAL/An error occurred. Please contact the operator and inquire about the request 5c1170638cf7583ab5724d31b95e0d6e with tid 5c1170638cf7583ab5724d31b95e0d6e
2026-01-20 15:16:39,605 [canton-env-ec-106] ERROR c.d.c.p.a.s.ApiPackageService:participant=sandbox tid:142693bf7dc75813574e8e47949fb5cb - Unhandled internal error
com.digitalasset.canton.ledger.error.IndexErrors$IndexDbException: INTERNAL: An error occurred. Please contact the operator and inquire about the request 142693bf7dc75813574e8e47949fb5cb with tid 142693bf7dc75813574e8e47949fb5cb
2026-01-20 15:16:39,605 [canton-env-ec-22] ERROR c.d.c.n.g.ApiRequestLogger:participant=participant1 tid:f1e904fb074239f644f6bd79bb63ca6d - Request c.d.l.a.v.PackageService/GetPackageStatus by /127.0.0.1:50290: failed with INTERNAL/An error occurred. Please contact the operator and inquire about the request f1e904fb074239f644f6bd79bb63ca6d with tid f1e904fb074239f644f6bd79bb63ca6d
2026-01-20 15:16:39,605 [canton-env-ec-28] ERROR c.d.c.p.a.s.ApiPackageService:participant=participant1 tid:7a7b432cac5c05d1841cf7aa45143651 - Unhandled internal error
com.digitalasset.canton.ledger.error.IndexErrors$IndexDbException: INTERNAL: An error occurred. Please contact the operator and inquire about the request 7a7b432cac5c05d1841cf7aa45143651 with tid 7a7b432cac5c05d1841cf7aa45143651
2026-01-20 15:16:39,604 [canton-env-ec-121] ERROR c.d.c.n.g.ApiRequestLogger:participant=participant1 tid:03cbbcf4a030b41c87157cf443b1ed20 - Request c.d.l.a.v.PackageService/GetPackageStatus by /127.0.0.1:50290: failed with INTERNAL/An error occurred. Please contact the operator and inquire about the request 03cbbcf4a030b41c87157cf443b1ed20 with tid 03cbbcf4a030b41c87157cf443b1ed20
2026-01-20 15:16:39,603 [canton-env-ec-20] ERROR c.d.c.n.g.ApiRequestLogger:participant=sandbox tid:ffa007701771aaad5bb4014553afbd06 - Request c.d.l.a.v.PackageService/GetPackageStatus by /127.0.0.1:50289: failed with INTERNAL/An error occurred. Please contact the operator and inquire about the request ffa007701771aaad5bb4014553afbd06 with tid ffa007701771aaad5bb4014553afbd06
2026-01-20 15:16:39,687 [canton-env-ec-20] ERROR c.d.c.p.a.s.ApiPackageService:participant=sandbox tid:a956a2b4a3a106cf0396e0c67edc069d - Unhandled internal error
com.digitalasset.canton.ledger.error.IndexErrors$IndexDbException: INTERNAL: An error occurred. Please contact the operator and inquire about the request a956a2b4a3a106cf0396e0c67edc069d with tid a956a2b4a3a106cf0396e0c67edc069d
2026-01-20 15:16:39,508 [daml.index.db.threadpool.connection.api-server-3] DEBUG c.d.c.n.g.ApiRequestLogger:participant=sandbox tid:d8b020abcaa6f4535e46f2812fdd5eb8 - Request c.d.l.a.v.PackageService/GetPackageStatus by /127.0.0.1:50289: received a message 
  Request tid:d8b020abcaa6f4535e46f2812fdd5eb8
2026-01-20 15:16:39,511 [canton-env-ec-76] INFO  c.d.c.p.a.s.ApiPackageService:participant=sandbox tid:d8b020abcaa6f4535e46f2812fdd5eb8 - Received request for a package status: GetPackageStatusRequest(sandbox,10e0333b52bba1ff147fc408a6b7d68465b157635ee230493bd6029b750dcb05), packageId -> '10e0333b52bba1ff147fc408a6b7d68465b157635ee230493bd6029b750dcb05'.
2026-01-20 15:16:39,603 [daml.index.db.threadpool.connection.api-server-3] ERROR c.d.c.p.s.d.DbDispatcherImpl:participant=sandbox tid:d8b020abcaa6f4535e46f2812fdd5eb8 - INDEX_DB_SQL_NON_TRANSIENT_ERROR(4,d8b020ab): Processing the request failed due to a non-transient database error: Table "PACKAGES" not found (this database is empty); SQL statement:

      select packages.package_id, packages.source_description, packages.known_since, packages.package_size
      from packages
      where packages.ledger_offset <= ?
     [42104-210] err-context:{location=DatabaseSelfServiceError.scala:53} 
org.h2.jdbc.JdbcSQLSyntaxErrorException: Table "PACKAGES" not found (this database is empty); SQL statement:

      select packages.package_id, packages.source_description, packages.known_since, packages.package_size
      from packages
      where packages.ledger_offset <= ?
     [42104-210]
	at org.h2.message.DbException.getJdbcSQLException(DbException.java:521)
	at org.h2.message.DbException.getJdbcSQLException(DbException.java:496)
	at org.h2.message.DbException.get(DbException.java:227)
	at org.h2.message.DbException.get(DbException.java:203)
	at org.h2.command.Parser.getTableOrViewNotFoundDbException(Parser.java:8397)
	at org.h2.command.Parser.getTableOrViewNotFoundDbException(Parser.java:8381)
	at org.h2.command.Parser.readTableOrView(Parser.java:8370)
	at org.h2.command.Parser.readTablePrimary(Parser.java:1866)
	at org.h2.command.Parser.readTableReference(Parser.java:2342)
	at org.h2.command.Parser.parseSelectFromPart(Parser.java:2793)
	at org.h2.command.Parser.parseSelect(Parser.java:2900)
	at org.h2.command.Parser.parseQueryPrimary(Parser.java:2783)
	at org.h2.command.Parser.parseQueryTerm(Parser.java:2650)
	at org.h2.command.Parser.parseQueryExpressionBody(Parser.java:2629)
	at org.h2.command.Parser.parseQueryExpressionBodyAndEndOfQuery(Parser.java:2622)
	at org.h2.command.Parser.parseQueryExpression(Parser.java:2615)
	at org.h2.command.Parser.parseQuery(Parser.java:2576)
	at org.h2.command.Parser.parsePrepared(Parser.java:707)
	at org.h2.command.Parser.parse(Parser.java:674)
	at org.h2.command.Parser.parse(Parser.java:644)
	at org.h2.command.Parser.prepareCommand(Parser.java:551)
	at org.h2.engine.SessionLocal.prepareLocal(SessionLocal.java:615)
	at org.h2.engine.SessionLocal.prepareCommand(SessionLocal.java:553)
	at org.h2.jdbc.JdbcConnection.prepareCommand(JdbcConnection.java:1116)
	at org.h2.jdbc.JdbcPreparedStatement.<init>(JdbcPreparedStatement.java:92)
	at org.h2.jdbc.JdbcConnection.prepareStatement(JdbcConnection.java:288)
	at com.zaxxer.hikari.pool.ProxyConnection.prepareStatement(ProxyConnection.java:311)
	at com.zaxxer.hikari.pool.HikariProxyConnection.prepareStatement(HikariProxyConnection.java)
	at anorm.SimpleSql.$anonfun$prepareNoGeneratedKeys$1(SimpleSql.scala:55)
	at anorm.SimpleSql.unsafeStatement(SimpleSql.scala:85)
	at anorm.SimpleSql.unsafeStatement(SimpleSql.scala:68)
	at anorm.Sql.$anonfun$preparedStatement$1(Anorm.scala:77)
	at resource.DefaultManagedResource.open(AbstractManagedResource.scala:107)
	at resource.AbstractManagedResource.acquireFor(AbstractManagedResource.scala:84)
	at resource.ManagedResourceOperations$$anon$1.acquireFor(ManagedResourceOperations.scala:47)
	at resource.DeferredExtractableManagedResource.acquireFor(AbstractManagedResource.scala:25)
	at resource.ManagedResourceOperations.apply(ManagedResourceOperations.scala:31)
	at resource.ManagedResourceOperations.apply$(ManagedResourceOperations.scala:31)
	at resource.DeferredExtractableManagedResource.apply(AbstractManagedResource.scala:22)
	at resource.ManagedResourceOperations.acquireAndGet(ManagedResourceOperations.scala:29)
	at resource.ManagedResourceOperations.acquireAndGet$(ManagedResourceOperations.scala:29)
	at resource.DeferredExtractableManagedResource.acquireAndGet(AbstractManagedResource.scala:22)
	at anorm.Sql$.$anonfun$asTry$1(Anorm.scala:263)
	at scala.util.Try$.apply(Try.scala:210)
	at anorm.Sql$.asTry(Anorm.scala:263)
	at anorm.WithResult.asTry(SqlResult.scala:215)
	at anorm.WithResult.asTry$(SqlResult.scala:213)
	at anorm.SimpleSql.asTry(SimpleSql.scala:6)
	at anorm.WithResult.as(SqlResult.scala:205)
	at anorm.WithResult.as$(SqlResult.scala:204)
	at anorm.SimpleSql.as(SimpleSql.scala:6)
	at com.digitalasset.canton.platform.store.backend.common.PackageStorageBackendTemplate.lfPackages(PackageStorageBackendTemplate.scala:54)
	at com.digitalasset.canton.platform.store.dao.JdbcLedgerDao.$anonfun$listLfPackages$1(JdbcLedgerDao.scala:311)
	at com.digitalasset.canton.platform.store.dao.DataSourceConnectionProvider$$anon$1.$anonfun$runSQL$1(HikariJdbcConnectionProvider.scala:80)
	at com.daml.metrics.api.opentelemetry.OpenTelemetryTimer.time(OpenTelemetryMetricsFactory.scala:180)
	at com.daml.metrics.Timed$.value(Timed.scala:18)
	at com.digitalasset.canton.platform.store.dao.DataSourceConnectionProvider$$anon$1.runSQL(HikariJdbcConnectionProvider.scala:80)
	at com.digitalasset.canton.platform.store.dao.DbDispatcherImpl.$anonfun$executeSql$2(DbDispatcher.scala:87)
	at scala.concurrent.Future$.$anonfun$apply$1(Future.scala:687)
	at scala.concurrent.impl.Promise$Transformation.run(Promise.scala:467)
	at com.daml.executors.QueueAwareExecutorService$TrackingRunnable.run(QueueAwareExecutorService.scala:98)
	at com.daml.metrics.InstrumentedExecutorServiceMetrics$InstrumentedExecutorService$InstrumentedRunnable.run(InstrumentedExecutorServiceMetrics.scala:202)
	at java.base/java.util.concurrent.ThreadPoolExecutor.runWorker(ThreadPoolExecutor.java:1136)
	at java.base/java.util.concurrent.ThreadPoolExecutor$Worker.run(ThreadPoolExecutor.java:635)
	at java.base/java.lang.Thread.run(Thread.java:840)
2026-01-20 15:16:39,596 [canton-env-ec-21] ERROR c.d.c.p.a.s.ApiPackageService:participant=sandbox tid:ecafb8239070d1e2ca4247976fd2b0a8 - Unhandled internal error
com.digitalasset.canton.ledger.error.IndexErrors$IndexDbException: INTERNAL: An error occurred. Please contact the operator and inquire about the request ecafb8239070d1e2ca4247976fd2b0a8 with tid ecafb8239070d1e2ca4247976fd2b0a8
2026-01-20 15:16:39,596 [canton-env-ec-123] ERROR c.d.c.n.g.ApiRequestLogger:participant=participant1 tid:c70f69353d0e5c27bf6ca291119afc8d - Request c.d.l.a.v.PackageService/GetPackageStatus by /127.0.0.1:50290: failed with INTERNAL/An error occurred. Please contact the operator and inquire about the request c70f69353d0e5c27bf6ca291119afc8d with tid c70f69353d0e5c27bf6ca291119afc8d
2026-01-20 15:16:39,596 [canton-env-ec-30] ERROR c.d.c.n.g.ApiRequestLogger:participant=sandbox tid:707e78e555a44573d15aa434c8d5a306 - Request c.d.l.a.v.PackageService/GetPackageStatus by /127.0.0.1:50289: failed with INTERNAL/An error occurred. Please contact the operator and inquire about the request 707e78e555a44573d15aa434c8d5a306 with tid 707e78e555a44573d15aa434c8d5a306
2026-01-20 15:16:39,595 [canton-env-ec-108] ERROR c.d.c.n.g.ApiRequestLogger:participant=sandbox tid:f42decdb230fd5d4ce1702a9ca41afff - Request c.d.l.a.v.PackageService/GetPackageStatus by /127.0.0.1:50289: failed with INTERNAL/An error occurred. Please contact the operator and inquire about the request f42decdb230fd5d4ce1702a9ca41afff with tid f42decdb230fd5d4ce1702a9ca41afff
2026-01-20 15:16:39,594 [canton-env-ec-110] ERROR c.d.c.n.g.ApiRequestLogger:participant=sandbox tid:62cd4e0a6aab855b658ebb9d913542d7 - Request c.d.l.a.v.PackageService/GetPackageStatus by /127.0.0.1:50289: failed with INTERNAL/An error occurred. Please contact the operator and inquire about the request 62cd4e0a6aab855b658ebb9d913542d7 with tid 62cd4e0a6aab855b658ebb9d913542d7
2026-01-20 15:16:39,508 [daml.index.db.threadpool.connection.api-server-3] DEBUG c.d.c.n.g.ApiRequestLogger:participant=participant1 tid:a2b7ab07cf768c841901dac7889866f5 - Request c.d.l.a.v.PackageService/GetPackageStatus by /127.0.0.1:50290: received a message 
  Request tid:a2b7ab07cf768c841901dac7889866f5
2026-01-20 15:16:39,508 [canton-env-ec-117] INFO  c.d.c.p.a.s.ApiPackageService:participant=participant1 tid:a2b7ab07cf768c841901dac7889866f5 - Received request for a package status: GetPackageStatusRequest(participant1,057eed1fd48c238491b8ea06b9b5bf85a5d4c9275dd3f6183e0e6b01730cc2ba), packageId -> '057eed1fd48c238491b8ea06b9b5bf85a5d4c9275dd3f6183e0e6b01730cc2ba'.
2026-01-20 15:16:39,594 [daml.index.db.threadpool.connection.api-server-3] ERROR c.d.c.p.s.d.DbDispatcherImpl:participant=participant1 tid:a2b7ab07cf768c841901dac7889866f5 - INDEX_DB_SQL_NON_TRANSIENT_ERROR(4,a2b7ab07): Processing the request failed due to a non-transient database error: Table "PACKAGES" not found (this database is empty); SQL statement:

      select packages.package_id, packages.source_description, packages.known_since, packages.package_size
      from packages
      where packages.ledger_offset <= ?
     [42104-210] err-context:{location=DatabaseSelfServiceError.scala:53} 
org.h2.jdbc.JdbcSQLSyntaxErrorException: Table "PACKAGES" not found (this database is empty); SQL statement:

      select packages.package_id, packages.source_description, packages.known_since, packages.package_size
      from packages
      where packages.ledger_offset <= ?
     [42104-210]
	at org.h2.message.DbException.getJdbcSQLException(DbException.java:521)
	at org.h2.message.DbException.getJdbcSQLException(DbException.java:496)
	at org.h2.message.DbException.get(DbException.java:227)
	at org.h2.message.DbException.get(DbException.java:203)
	at org.h2.command.Parser.getTableOrViewNotFoundDbException(Parser.java:8397)
	at org.h2.command.Parser.getTableOrViewNotFoundDbException(Parser.java:8381)
	at org.h2.command.Parser.readTableOrView(Parser.java:8370)
	at org.h2.command.Parser.readTablePrimary(Parser.java:1866)
	at org.h2.command.Parser.readTableReference(Parser.java:2342)
	at org.h2.command.Parser.parseSelectFromPart(Parser.java:2793)
	at org.h2.command.Parser.parseSelect(Parser.java:2900)
	at org.h2.command.Parser.parseQueryPrimary(Parser.java:2783)
	at org.h2.command.Parser.parseQueryTerm(Parser.java:2650)
	at org.h2.command.Parser.parseQueryExpressionBody(Parser.java:2629)
	at org.h2.command.Parser.parseQueryExpressionBodyAndEndOfQuery(Parser.java:2622)
	at org.h2.command.Parser.parseQueryExpression(Parser.java:2615)
	at org.h2.command.Parser.parseQuery(Parser.java:2576)
	at org.h2.command.Parser.parsePrepared(Parser.java:707)
	at org.h2.command.Parser.parse(Parser.java:674)
	at org.h2.command.Parser.parse(Parser.java:644)
	at org.h2.command.Parser.prepareCommand(Parser.java:551)
	at org.h2.engine.SessionLocal.prepareLocal(SessionLocal.java:615)
	at org.h2.engine.SessionLocal.prepareCommand(SessionLocal.java:553)
	at org.h2.jdbc.JdbcConnection.prepareCommand(JdbcConnection.java:1116)
	at org.h2.jdbc.JdbcPreparedStatement.<init>(JdbcPreparedStatement.java:92)
	at org.h2.jdbc.JdbcConnection.prepareStatement(JdbcConnection.java:288)
	at com.zaxxer.hikari.pool.ProxyConnection.prepareStatement(ProxyConnection.java:311)
	at com.zaxxer.hikari.pool.HikariProxyConnection.prepareStatement(HikariProxyConnection.java)
	at anorm.SimpleSql.$anonfun$prepareNoGeneratedKeys$1(SimpleSql.scala:55)
	at anorm.SimpleSql.unsafeStatement(SimpleSql.scala:85)
	at anorm.SimpleSql.unsafeStatement(SimpleSql.scala:68)
	at anorm.Sql.$anonfun$preparedStatement$1(Anorm.scala:77)
	at resource.DefaultManagedResource.open(AbstractManagedResource.scala:107)
	at resource.AbstractManagedResource.acquireFor(AbstractManagedResource.scala:84)
	at resource.ManagedResourceOperations$$anon$1.acquireFor(ManagedResourceOperations.scala:47)
	at resource.DeferredExtractableManagedResource.acquireFor(AbstractManagedResource.scala:25)
	at resource.ManagedResourceOperations.apply(ManagedResourceOperations.scala:31)
	at resource.ManagedResourceOperations.apply$(ManagedResourceOperations.scala:31)
	at resource.DeferredExtractableManagedResource.apply(AbstractManagedResource.scala:22)
	at resource.ManagedResourceOperations.acquireAndGet(ManagedResourceOperations.scala:29)
	at resource.ManagedResourceOperations.acquireAndGet$(ManagedResourceOperations.scala:29)
	at resource.DeferredExtractableManagedResource.acquireAndGet(AbstractManagedResource.scala:22)
	at anorm.Sql$.$anonfun$asTry$1(Anorm.scala:263)
	at scala.util.Try$.apply(Try.scala:210)
	at anorm.Sql$.asTry(Anorm.scala:263)
	at anorm.WithResult.asTry(SqlResult.scala:215)
	at anorm.WithResult.asTry$(SqlResult.scala:213)
	at anorm.SimpleSql.asTry(SimpleSql.scala:6)
	at anorm.WithResult.as(SqlResult.scala:205)
	at anorm.WithResult.as$(SqlResult.scala:204)
	at anorm.SimpleSql.as(SimpleSql.scala:6)
	at com.digitalasset.canton.platform.store.backend.common.PackageStorageBackendTemplate.lfPackages(PackageStorageBackendTemplate.scala:54)
	at com.digitalasset.canton.platform.store.dao.JdbcLedgerDao.$anonfun$listLfPackages$1(JdbcLedgerDao.scala:311)
	at com.digitalasset.canton.platform.store.dao.DataSourceConnectionProvider$$anon$1.$anonfun$runSQL$1(HikariJdbcConnectionProvider.scala:80)
	at com.daml.metrics.api.opentelemetry.OpenTelemetryTimer.time(OpenTelemetryMetricsFactory.scala:180)
	at com.daml.metrics.Timed$.value(Timed.scala:18)
	at com.digitalasset.canton.platform.store.dao.DataSourceConnectionProvider$$anon$1.runSQL(HikariJdbcConnectionProvider.scala:80)
	at com.digitalasset.canton.platform.store.dao.DbDispatcherImpl.$anonfun$executeSql$2(DbDispatcher.scala:87)
	at scala.concurrent.Future$.$anonfun$apply$1(Future.scala:687)
	at scala.concurrent.impl.Promise$Transformation.run(Promise.scala:467)
	at com.daml.executors.QueueAwareExecutorService$TrackingRunnable.run(QueueAwareExecutorService.scala:98)
	at com.daml.metrics.InstrumentedExecutorServiceMetrics$InstrumentedExecutorService$InstrumentedRunnable.run(InstrumentedExecutorServiceMetrics.scala:202)
	at java.base/java.util.concurrent.ThreadPoolExecutor.runWorker(ThreadPoolExecutor.java:1136)
	at java.base/java.util.concurrent.ThreadPoolExecutor$Worker.run(ThreadPoolExecutor.java:635)
	at java.base/java.lang.Thread.run(Thread.java:840)
2026-01-20 15:16:39,594 [canton-env-ec-113] ERROR c.d.c.n.g.ApiRequestLogger:participant=sandbox tid:ae9be9bd3c75e44695ed3f55c1895466 - Request c.d.l.a.v.PackageService/GetPackageStatus by /127.0.0.1:50289: failed with INTERNAL/An error occurred. Please contact the operator and inquire about the request ae9be9bd3c75e44695ed3f55c1895466 with tid ae9be9bd3c75e44695ed3f55c1895466
2026-01-20 15:16:39,690 [canton-env-ec-110] ERROR c.d.c.p.a.s.ApiPackageService:participant=sandbox tid:e1c0f266a790b97a166edaa45d9e820b - Unhandled internal error
com.digitalasset.canton.ledger.error.IndexErrors$IndexDbException: INTERNAL: An error occurred. Please contact the operator and inquire about the request e1c0f266a790b97a166edaa45d9e820b with tid e1c0f266a790b97a166edaa45d9e820b
2026-01-20 15:16:39,690 [canton-env-ec-30] ERROR c.d.c.p.a.s.ApiPackageService:participant=sandbox tid:d8b020abcaa6f4535e46f2812fdd5eb8 - Unhandled internal error
com.digitalasset.canton.ledger.error.IndexErrors$IndexDbException: INTERNAL: An error occurred. Please contact the operator and inquire about the request d8b020abcaa6f4535e46f2812fdd5eb8 with tid d8b020abcaa6f4535e46f2812fdd5eb8
2026-01-20 15:16:39,690 [canton-env-ec-67] ERROR c.d.c.p.a.s.ApiPackageService:participant=sandbox tid:6071ae04dfbe24058280dd11051483a1 - Unhandled internal error
com.digitalasset.canton.ledger.error.IndexErrors$IndexDbException: INTERNAL: An error occurred. Please contact the operator and inquire about the request 6071ae04dfbe24058280dd11051483a1 with tid 6071ae04dfbe24058280dd11051483a1
2026-01-20 15:16:39,690 [canton-env-ec-108] ERROR c.d.c.p.a.s.ApiPackageService:participant=sandbox tid:940ea20d7549c085f1af867b28ca3a5b - Unhandled internal error
com.digitalasset.canton.ledger.error.IndexErrors$IndexDbException: INTERNAL: An error occurred. Please contact the operator and inquire about the request 940ea20d7549c085f1af867b28ca3a5b with tid 940ea20d7549c085f1af867b28ca3a5b
2026-01-20 15:16:39,691 [canton-env-ec-120] ERROR c.d.c.p.a.s.ApiPackageService:participant=participant1 tid:7d5ca5c79030169f87dab9c1f48d7f31 - Unhandled internal error
com.digitalasset.canton.ledger.error.IndexErrors$IndexDbException: INTERNAL: An error occurred. Please contact the operator and inquire about the request 7d5ca5c79030169f87dab9c1f48d7f31 with tid 7d5ca5c79030169f87dab9c1f48d7f31
2026-01-20 15:16:39,690 [canton-env-ec-123] ERROR c.d.c.p.a.s.ApiPackageService:participant=participant1 tid:38ab4585fa0ece91e87450f44da98d65 - Unhandled internal error
com.digitalasset.canton.ledger.error.IndexErrors$IndexDbException: INTERNAL: An error occurred. Please contact the operator and inquire about the request 38ab4585fa0ece91e87450f44da98d65 with tid 38ab4585fa0ece91e87450f44da98d65
2026-01-20 15:16:39,511 [daml.index.db.threadpool.connection.api-server-3] DEBUG c.d.c.n.g.ApiRequestLogger:participant=sandbox tid:f857ec438bfcacb265a752f4225b9ccb - Request c.d.l.a.v.PackageService/GetPackageStatus by /127.0.0.1:50289: received a message 
  Request tid:f857ec438bfcacb265a752f4225b9ccb
2026-01-20 15:16:39,513 [canton-env-ec-113] INFO  c.d.c.p.a.s.ApiPackageService:participant=sandbox tid:f857ec438bfcacb265a752f4225b9ccb - Received request for a package status: GetPackageStatusRequest(sandbox,e491352788e56ca4603acc411ffe1a49fefd76ed8b163af86cf5ee5f4c38645b), packageId -> 'e491352788e56ca4603acc411ffe1a49fefd76ed8b163af86cf5ee5f4c38645b'.
2026-01-20 15:16:39,689 [daml.index.db.threadpool.connection.api-server-3] ERROR c.d.c.p.s.d.DbDispatcherImpl:participant=sandbox tid:f857ec438bfcacb265a752f4225b9ccb - INDEX_DB_SQL_NON_TRANSIENT_ERROR(4,f857ec43): Processing the request failed due to a non-transient database error: Table "PACKAGES" not found (this database is empty); SQL statement:

      select packages.package_id, packages.source_description, packages.known_since, packages.package_size
      from packages
      where packages.ledger_offset <= ?
     [42104-210] err-context:{location=DatabaseSelfServiceError.scala:53} 
org.h2.jdbc.JdbcSQLSyntaxErrorException: Table "PACKAGES" not found (this database is empty); SQL statement:

      select packages.package_id, packages.source_description, packages.known_since, packages.package_size
      from packages
      where packages.ledger_offset <= ?
     [42104-210]
	at org.h2.message.DbException.getJdbcSQLException(DbException.java:521)
	at org.h2.message.DbException.getJdbcSQLException(DbException.java:496)
	at org.h2.message.DbException.get(DbException.java:227)
	at org.h2.message.DbException.get(DbException.java:203)
	at org.h2.command.Parser.getTableOrViewNotFoundDbException(Parser.java:8397)
	at org.h2.command.Parser.getTableOrViewNotFoundDbException(Parser.java:8381)
	at org.h2.command.Parser.readTableOrView(Parser.java:8370)
	at org.h2.command.Parser.readTablePrimary(Parser.java:1866)
	at org.h2.command.Parser.readTableReference(Parser.java:2342)
	at org.h2.command.Parser.parseSelectFromPart(Parser.java:2793)
	at org.h2.command.Parser.parseSelect(Parser.java:2900)
	at org.h2.command.Parser.parseQueryPrimary(Parser.java:2783)
	at org.h2.command.Parser.parseQueryTerm(Parser.java:2650)
	at org.h2.command.Parser.parseQueryExpressionBody(Parser.java:2629)
	at org.h2.command.Parser.parseQueryExpressionBodyAndEndOfQuery(Parser.java:2622)
	at org.h2.command.Parser.parseQueryExpression(Parser.java:2615)
	at org.h2.command.Parser.parseQuery(Parser.java:2576)
	at org.h2.command.Parser.parsePrepared(Parser.java:707)
	at org.h2.command.Parser.parse(Parser.java:674)
	at org.h2.command.Parser.parse(Parser.java:644)
	at org.h2.command.Parser.prepareCommand(Parser.java:551)
	at org.h2.engine.SessionLocal.prepareLocal(SessionLocal.java:615)
	at org.h2.engine.SessionLocal.prepareCommand(SessionLocal.java:553)
	at org.h2.jdbc.JdbcConnection.prepareCommand(JdbcConnection.java:1116)
	at org.h2.jdbc.JdbcPreparedStatement.<init>(JdbcPreparedStatement.java:92)
	at org.h2.jdbc.JdbcConnection.prepareStatement(JdbcConnection.java:288)
	at com.zaxxer.hikari.pool.ProxyConnection.prepareStatement(ProxyConnection.java:311)
	at com.zaxxer.hikari.pool.HikariProxyConnection.prepareStatement(HikariProxyConnection.java)
	at anorm.SimpleSql.$anonfun$prepareNoGeneratedKeys$1(SimpleSql.scala:55)
	at anorm.SimpleSql.unsafeStatement(SimpleSql.scala:85)
	at anorm.SimpleSql.unsafeStatement(SimpleSql.scala:68)
	at anorm.Sql.$anonfun$preparedStatement$1(Anorm.scala:77)
	at resource.DefaultManagedResource.open(AbstractManagedResource.scala:107)
	at resource.AbstractManagedResource.acquireFor(AbstractManagedResource.scala:84)
	at resource.ManagedResourceOperations$$anon$1.acquireFor(ManagedResourceOperations.scala:47)
	at resource.DeferredExtractableManagedResource.acquireFor(AbstractManagedResource.scala:25)
	at resource.ManagedResourceOperations.apply(ManagedResourceOperations.scala:31)
	at resource.ManagedResourceOperations.apply$(ManagedResourceOperations.scala:31)
	at resource.DeferredExtractableManagedResource.apply(AbstractManagedResource.scala:22)
	at resource.ManagedResourceOperations.acquireAndGet(ManagedResourceOperations.scala:29)
	at resource.ManagedResourceOperations.acquireAndGet$(ManagedResourceOperations.scala:29)
	at resource.DeferredExtractableManagedResource.acquireAndGet(AbstractManagedResource.scala:22)
	at anorm.Sql$.$anonfun$asTry$1(Anorm.scala:263)
	at scala.util.Try$.apply(Try.scala:210)
	at anorm.Sql$.asTry(Anorm.scala:263)
	at anorm.WithResult.asTry(SqlResult.scala:215)
	at anorm.WithResult.asTry$(SqlResult.scala:213)
	at anorm.SimpleSql.asTry(SimpleSql.scala:6)
	at anorm.WithResult.as(SqlResult.scala:205)
	at anorm.WithResult.as$(SqlResult.scala:204)
	at anorm.SimpleSql.as(SimpleSql.scala:6)
	at com.digitalasset.canton.platform.store.backend.common.PackageStorageBackendTemplate.lfPackages(PackageStorageBackendTemplate.scala:54)
	at com.digitalasset.canton.platform.store.dao.JdbcLedgerDao.$anonfun$listLfPackages$1(JdbcLedgerDao.scala:311)
	at com.digitalasset.canton.platform.store.dao.DataSourceConnectionProvider$$anon$1.$anonfun$runSQL$1(HikariJdbcConnectionProvider.scala:80)
	at com.daml.metrics.api.opentelemetry.OpenTelemetryTimer.time(OpenTelemetryMetricsFactory.scala:180)
	at com.daml.metrics.Timed$.value(Timed.scala:18)
	at com.digitalasset.canton.platform.store.dao.DataSourceConnectionProvider$$anon$1.runSQL(HikariJdbcConnectionProvider.scala:80)
	at com.digitalasset.canton.platform.store.dao.DbDispatcherImpl.$anonfun$executeSql$2(DbDispatcher.scala:87)
	at scala.concurrent.Future$.$anonfun$apply$1(Future.scala:687)
	at scala.concurrent.impl.Promise$Transformation.run(Promise.scala:467)
	at com.daml.executors.QueueAwareExecutorService$TrackingRunnable.run(QueueAwareExecutorService.scala:98)
	at com.daml.metrics.InstrumentedExecutorServiceMetrics$InstrumentedExecutorService$InstrumentedRunnable.run(InstrumentedExecutorServiceMetrics.scala:202)
	at java.base/java.util.concurrent.ThreadPoolExecutor.runWorker(ThreadPoolExecutor.java:1136)
	at java.base/java.util.concurrent.ThreadPoolExecutor$Worker.run(ThreadPoolExecutor.java:635)
	at java.base/java.lang.Thread.run(Thread.java:840)
2026-01-20 15:16:39,689 [canton-env-ec-21] ERROR c.d.c.n.g.ApiRequestLogger:participant=sandbox tid:ecafb8239070d1e2ca4247976fd2b0a8 - Request c.d.l.a.v.PackageService/GetPackageStatus by /127.0.0.1:50289: failed with INTERNAL/An error occurred. Please contact the operator and inquire about the request ecafb8239070d1e2ca4247976fd2b0a8 with tid ecafb8239070d1e2ca4247976fd2b0a8
2026-01-20 15:16:39,689 [canton-env-ec-32] ERROR c.d.c.p.a.s.ApiPackageService:participant=participant1 tid:24ad5838e60dd7fbb885c42ba70e5db7 - Unhandled internal error
com.digitalasset.canton.ledger.error.IndexErrors$IndexDbException: INTERNAL: An error occurred. Please contact the operator and inquire about the request 24ad5838e60dd7fbb885c42ba70e5db7 with tid 24ad5838e60dd7fbb885c42ba70e5db7
2026-01-20 15:16:39,693 [canton-env-ec-21] ERROR c.d.c.p.a.s.ApiPackageService:participant=sandbox tid:ddb0433e758d895cc16ec7bad6842594 - Unhandled internal error
com.digitalasset.canton.ledger.error.IndexErrors$IndexDbException: INTERNAL: An error occurred. Please contact the operator and inquire about the request ddb0433e758d895cc16ec7bad6842594 with tid ddb0433e758d895cc16ec7bad6842594
2026-01-20 15:16:39,689 [canton-env-ec-112] ERROR c.d.c.p.a.s.ApiPackageService:participant=sandbox tid:29ead61ff37dd66cea4ab079be463daa - Unhandled internal error
com.digitalasset.canton.ledger.error.IndexErrors$IndexDbException: INTERNAL: An error occurred. Please contact the operator and inquire about the request 29ead61ff37dd66cea4ab079be463daa with tid 29ead61ff37dd66cea4ab079be463daa
2026-01-20 15:16:39,687 [canton-env-ec-20] ERROR c.d.c.n.g.ApiRequestLogger:participant=sandbox tid:a956a2b4a3a106cf0396e0c67edc069d - Request c.d.l.a.v.PackageService/GetPackageStatus by /127.0.0.1:50289: failed with INTERNAL/An error occurred. Please contact the operator and inquire about the request a956a2b4a3a106cf0396e0c67edc069d with tid a956a2b4a3a106cf0396e0c67edc069d
2026-01-20 15:16:39,687 [canton-env-ec-121] ERROR c.d.c.p.a.s.ApiPackageService:participant=participant1 tid:311b442a43376c346fc08cd2141f4cc7 - Unhandled internal error
com.digitalasset.canton.ledger.error.IndexErrors$IndexDbException: INTERNAL: An error occurred. Please contact the operator and inquire about the request 311b442a43376c346fc08cd2141f4cc7 with tid 311b442a43376c346fc08cd2141f4cc7
2026-01-20 15:16:39,693 [canton-env-ec-20] ERROR c.d.c.p.a.s.ApiPackageService:participant=sandbox tid:f857ec438bfcacb265a752f4225b9ccb - Unhandled internal error
com.digitalasset.canton.ledger.error.IndexErrors$IndexDbException: INTERNAL: An error occurred. Please contact the operator and inquire about the request f857ec438bfcacb265a752f4225b9ccb with tid f857ec438bfcacb265a752f4225b9ccb
2026-01-20 15:16:39,686 [canton-env-ec-29] ERROR c.d.c.p.a.s.ApiPackageService:participant=participant1 tid:68f4480ee86b218069b097b14c990009 - Unhandled internal error
com.digitalasset.canton.ledger.error.IndexErrors$IndexDbException: INTERNAL: An error occurred. Please contact the operator and inquire about the request 68f4480ee86b218069b097b14c990009 with tid 68f4480ee86b218069b097b14c990009
2026-01-20 15:16:39,686 [canton-env-ec-28] ERROR c.d.c.n.g.ApiRequestLogger:participant=participant1 tid:7a7b432cac5c05d1841cf7aa45143651 - Request c.d.l.a.v.PackageService/GetPackageStatus by /127.0.0.1:50290: failed with INTERNAL/An error occurred. Please contact the operator and inquire about the request 7a7b432cac5c05d1841cf7aa45143651 with tid 7a7b432cac5c05d1841cf7aa45143651
2026-01-20 15:16:39,508 [daml.index.db.threadpool.connection.api-server-0] DEBUG c.d.c.n.g.ApiRequestLogger:participant=participant1 tid:36cdaf786bee21d34ca823411628f578 - Request c.d.l.a.v.PackageService/GetPackageStatus by /127.0.0.1:50290: received a message 
  Request tid:36cdaf786bee21d34ca823411628f578
2026-01-20 15:16:39,511 [canton-env-ec-111] INFO  c.d.c.p.a.s.ApiPackageService:participant=participant1 tid:36cdaf786bee21d34ca823411628f578 - Received request for a package status: GetPackageStatusRequest(participant1,40f452260bef3f29dede136108fc08a88d5a5250310281067087da6f0baddff7), packageId -> '40f452260bef3f29dede136108fc08a88d5a5250310281067087da6f0baddff7'.
2026-01-20 15:16:39,686 [daml.index.db.threadpool.connection.api-server-0] ERROR c.d.c.p.s.d.DbDispatcherImpl:participant=participant1 tid:36cdaf786bee21d34ca823411628f578 - INDEX_DB_SQL_NON_TRANSIENT_ERROR(4,36cdaf78): Processing the request failed due to a non-transient database error: Table "PACKAGES" not found (this database is empty); SQL statement:

      select packages.package_id, packages.source_description, packages.known_since, packages.package_size
      from packages
      where packages.ledger_offset <= ?
     [42104-210] err-context:{location=DatabaseSelfServiceError.scala:53} 
org.h2.jdbc.JdbcSQLSyntaxErrorException: Table "PACKAGES" not found (this database is empty); SQL statement:

      select packages.package_id, packages.source_description, packages.known_since, packages.package_size
      from packages
      where packages.ledger_offset <= ?
     [42104-210]
	at org.h2.message.DbException.getJdbcSQLException(DbException.java:521)
	at org.h2.message.DbException.getJdbcSQLException(DbException.java:496)
	at org.h2.message.DbException.get(DbException.java:227)
	at org.h2.message.DbException.get(DbException.java:203)
	at org.h2.command.Parser.getTableOrViewNotFoundDbException(Parser.java:8397)
	at org.h2.command.Parser.getTableOrViewNotFoundDbException(Parser.java:8381)
	at org.h2.command.Parser.readTableOrView(Parser.java:8370)
	at org.h2.command.Parser.readTablePrimary(Parser.java:1866)
	at org.h2.command.Parser.readTableReference(Parser.java:2342)
	at org.h2.command.Parser.parseSelectFromPart(Parser.java:2793)
	at org.h2.command.Parser.parseSelect(Parser.java:2900)
	at org.h2.command.Parser.parseQueryPrimary(Parser.java:2783)
	at org.h2.command.Parser.parseQueryTerm(Parser.java:2650)
	at org.h2.command.Parser.parseQueryExpressionBody(Parser.java:2629)
	at org.h2.command.Parser.parseQueryExpressionBodyAndEndOfQuery(Parser.java:2622)
	at org.h2.command.Parser.parseQueryExpression(Parser.java:2615)
	at org.h2.command.Parser.parseQuery(Parser.java:2576)
	at org.h2.command.Parser.parsePrepared(Parser.java:707)
	at org.h2.command.Parser.parse(Parser.java:674)
	at org.h2.command.Parser.parse(Parser.java:644)
	at org.h2.command.Parser.prepareCommand(Parser.java:551)
	at org.h2.engine.SessionLocal.prepareLocal(SessionLocal.java:615)
	at org.h2.engine.SessionLocal.prepareCommand(SessionLocal.java:553)
	at org.h2.jdbc.JdbcConnection.prepareCommand(JdbcConnection.java:1116)
	at org.h2.jdbc.JdbcPreparedStatement.<init>(JdbcPreparedStatement.java:92)
	at org.h2.jdbc.JdbcConnection.prepareStatement(JdbcConnection.java:288)
	at com.zaxxer.hikari.pool.ProxyConnection.prepareStatement(ProxyConnection.java:311)
	at com.zaxxer.hikari.pool.HikariProxyConnection.prepareStatement(HikariProxyConnection.java)
	at anorm.SimpleSql.$anonfun$prepareNoGeneratedKeys$1(SimpleSql.scala:55)
	at anorm.SimpleSql.unsafeStatement(SimpleSql.scala:85)
	at anorm.SimpleSql.unsafeStatement(SimpleSql.scala:68)
	at anorm.Sql.$anonfun$preparedStatement$1(Anorm.scala:77)
	at resource.DefaultManagedResource.open(AbstractManagedResource.scala:107)
	at resource.AbstractManagedResource.acquireFor(AbstractManagedResource.scala:84)
	at resource.ManagedResourceOperations$$anon$1.acquireFor(ManagedResourceOperations.scala:47)
	at resource.DeferredExtractableManagedResource.acquireFor(AbstractManagedResource.scala:25)
	at resource.ManagedResourceOperations.apply(ManagedResourceOperations.scala:31)
	at resource.ManagedResourceOperations.apply$(ManagedResourceOperations.scala:31)
	at resource.DeferredExtractableManagedResource.apply(AbstractManagedResource.scala:22)
	at resource.ManagedResourceOperations.acquireAndGet(ManagedResourceOperations.scala:29)
	at resource.ManagedResourceOperations.acquireAndGet$(ManagedResourceOperations.scala:29)
	at resource.DeferredExtractableManagedResource.acquireAndGet(AbstractManagedResource.scala:22)
	at anorm.Sql$.$anonfun$asTry$1(Anorm.scala:263)
	at scala.util.Try$.apply(Try.scala:210)
	at anorm.Sql$.asTry(Anorm.scala:263)
	at anorm.WithResult.asTry(SqlResult.scala:215)
	at anorm.WithResult.asTry$(SqlResult.scala:213)
	at anorm.SimpleSql.asTry(SimpleSql.scala:6)
	at anorm.WithResult.as(SqlResult.scala:205)
	at anorm.WithResult.as$(SqlResult.scala:204)
	at anorm.SimpleSql.as(SimpleSql.scala:6)
	at com.digitalasset.canton.platform.store.backend.common.PackageStorageBackendTemplate.lfPackages(PackageStorageBackendTemplate.scala:54)
	at com.digitalasset.canton.platform.store.dao.JdbcLedgerDao.$anonfun$listLfPackages$1(JdbcLedgerDao.scala:311)
	at com.digitalasset.canton.platform.store.dao.DataSourceConnectionProvider$$anon$1.$anonfun$runSQL$1(HikariJdbcConnectionProvider.scala:80)
	at com.daml.metrics.api.opentelemetry.OpenTelemetryTimer.time(OpenTelemetryMetricsFactory.scala:180)
	at com.daml.metrics.Timed$.value(Timed.scala:18)
	at com.digitalasset.canton.platform.store.dao.DataSourceConnectionProvider$$anon$1.runSQL(HikariJdbcConnectionProvider.scala:80)
	at com.digitalasset.canton.platform.store.dao.DbDispatcherImpl.$anonfun$executeSql$2(DbDispatcher.scala:87)
	at scala.concurrent.Future$.$anonfun$apply$1(Future.scala:687)
	at scala.concurrent.impl.Promise$Transformation.run(Promise.scala:467)
	at com.daml.executors.QueueAwareExecutorService$TrackingRunnable.run(QueueAwareExecutorService.scala:98)
	at com.daml.metrics.InstrumentedExecutorServiceMetrics$InstrumentedExecutorService$InstrumentedRunnable.run(InstrumentedExecutorServiceMetrics.scala:202)
	at java.base/java.util.concurrent.ThreadPoolExecutor.runWorker(ThreadPoolExecutor.java:1136)
	at java.base/java.util.concurrent.ThreadPoolExecutor$Worker.run(ThreadPoolExecutor.java:635)
	at java.base/java.lang.Thread.run(Thread.java:840)
2026-01-20 15:16:39,686 [canton-env-ec-106] ERROR c.d.c.n.g.ApiRequestLogger:participant=sandbox tid:142693bf7dc75813574e8e47949fb5cb - Request c.d.l.a.v.PackageService/GetPackageStatus by /127.0.0.1:50289: failed with INTERNAL/An error occurred. Please contact the operator and inquire about the request 142693bf7dc75813574e8e47949fb5cb with tid 142693bf7dc75813574e8e47949fb5cb
2026-01-20 15:16:39,686 [canton-env-ec-107] ERROR c.d.c.p.a.s.ApiPackageService:participant=sandbox tid:760fe2939e623647630cd6318930db69 - Unhandled internal error
com.digitalasset.canton.ledger.error.IndexErrors$IndexDbException: INTERNAL: An error occurred. Please contact the operator and inquire about the request 760fe2939e623647630cd6318930db69 with tid 760fe2939e623647630cd6318930db69
2026-01-20 15:16:39,695 [canton-env-ec-106] ERROR c.d.c.p.a.s.ApiPackageService:participant=sandbox tid:e7c520b5ccbc852a77c4e9f1b5bc3fad - Unhandled internal error
com.digitalasset.canton.ledger.error.IndexErrors$IndexDbException: INTERNAL: An error occurred. Please contact the operator and inquire about the request e7c520b5ccbc852a77c4e9f1b5bc3fad with tid e7c520b5ccbc852a77c4e9f1b5bc3fad
2026-01-20 15:16:39,506 [daml.index.db.threadpool.connection.api-server-0] DEBUG c.d.c.n.g.ApiRequestLogger:participant=participant1 tid:ab395d9b79f1ad76d4a39ef7a1027e7e - Request c.d.l.a.v.PackageService/GetPackageStatus by /127.0.0.1:50290: received a message 
  Request tid:ab395d9b79f1ad76d4a39ef7a1027e7e
2026-01-20 15:16:39,509 [canton-env-ec-30] INFO  c.d.c.p.a.s.ApiPackageService:participant=participant1 tid:ab395d9b79f1ad76d4a39ef7a1027e7e - Received request for a package status: GetPackageStatusRequest(participant1,3f4deaf145a15cdcfa762c058005e2edb9baa75bb7f95a4f8f6f937378e86415), packageId -> '3f4deaf145a15cdcfa762c058005e2edb9baa75bb7f95a4f8f6f937378e86415'.
2026-01-20 15:16:39,695 [daml.index.db.threadpool.connection.api-server-0] ERROR c.d.c.p.s.d.DbDispatcherImpl:participant=participant1 tid:ab395d9b79f1ad76d4a39ef7a1027e7e - INDEX_DB_SQL_NON_TRANSIENT_ERROR(4,ab395d9b): Processing the request failed due to a non-transient database error: Table "PACKAGES" not found (this database is empty); SQL statement:

      select packages.package_id, packages.source_description, packages.known_since, packages.package_size
      from packages
      where packages.ledger_offset <= ?
     [42104-210] err-context:{location=DatabaseSelfServiceError.scala:53} 
org.h2.jdbc.JdbcSQLSyntaxErrorException: Table "PACKAGES" not found (this database is empty); SQL statement:

      select packages.package_id, packages.source_description, packages.known_since, packages.package_size
      from packages
      where packages.ledger_offset <= ?
     [42104-210]
	at org.h2.message.DbException.getJdbcSQLException(DbException.java:521)
	at org.h2.message.DbException.getJdbcSQLException(DbException.java:496)
	at org.h2.message.DbException.get(DbException.java:227)
	at org.h2.message.DbException.get(DbException.java:203)
	at org.h2.command.Parser.getTableOrViewNotFoundDbException(Parser.java:8397)
	at org.h2.command.Parser.getTableOrViewNotFoundDbException(Parser.java:8381)
	at org.h2.command.Parser.readTableOrView(Parser.java:8370)
	at org.h2.command.Parser.readTablePrimary(Parser.java:1866)
	at org.h2.command.Parser.readTableReference(Parser.java:2342)
	at org.h2.command.Parser.parseSelectFromPart(Parser.java:2793)
	at org.h2.command.Parser.parseSelect(Parser.java:2900)
	at org.h2.command.Parser.parseQueryPrimary(Parser.java:2783)
	at org.h2.command.Parser.parseQueryTerm(Parser.java:2650)
	at org.h2.command.Parser.parseQueryExpressionBody(Parser.java:2629)
	at org.h2.command.Parser.parseQueryExpressionBodyAndEndOfQuery(Parser.java:2622)
	at org.h2.command.Parser.parseQueryExpression(Parser.java:2615)
	at org.h2.command.Parser.parseQuery(Parser.java:2576)
	at org.h2.command.Parser.parsePrepared(Parser.java:707)
	at org.h2.command.Parser.parse(Parser.java:674)
	at org.h2.command.Parser.parse(Parser.java:644)
	at org.h2.command.Parser.prepareCommand(Parser.java:551)
	at org.h2.engine.SessionLocal.prepareLocal(SessionLocal.java:615)
	at org.h2.engine.SessionLocal.prepareCommand(SessionLocal.java:553)
	at org.h2.jdbc.JdbcConnection.prepareCommand(JdbcConnection.java:1116)
	at org.h2.jdbc.JdbcPreparedStatement.<init>(JdbcPreparedStatement.java:92)
	at org.h2.jdbc.JdbcConnection.prepareStatement(JdbcConnection.java:288)
	at com.zaxxer.hikari.pool.ProxyConnection.prepareStatement(ProxyConnection.java:311)
	at com.zaxxer.hikari.pool.HikariProxyConnection.prepareStatement(HikariProxyConnection.java)
	at anorm.SimpleSql.$anonfun$prepareNoGeneratedKeys$1(SimpleSql.scala:55)
	at anorm.SimpleSql.unsafeStatement(SimpleSql.scala:85)
	at anorm.SimpleSql.unsafeStatement(SimpleSql.scala:68)
	at anorm.Sql.$anonfun$preparedStatement$1(Anorm.scala:77)
	at resource.DefaultManagedResource.open(AbstractManagedResource.scala:107)
	at resource.AbstractManagedResource.acquireFor(AbstractManagedResource.scala:84)
	at resource.ManagedResourceOperations$$anon$1.acquireFor(ManagedResourceOperations.scala:47)
	at resource.DeferredExtractableManagedResource.acquireFor(AbstractManagedResource.scala:25)
	at resource.ManagedResourceOperations.apply(ManagedResourceOperations.scala:31)
	at resource.ManagedResourceOperations.apply$(ManagedResourceOperations.scala:31)
	at resource.DeferredExtractableManagedResource.apply(AbstractManagedResource.scala:22)
	at resource.ManagedResourceOperations.acquireAndGet(ManagedResourceOperations.scala:29)
	at resource.ManagedResourceOperations.acquireAndGet$(ManagedResourceOperations.scala:29)
	at resource.DeferredExtractableManagedResource.acquireAndGet(AbstractManagedResource.scala:22)
	at anorm.Sql$.$anonfun$asTry$1(Anorm.scala:263)
	at scala.util.Try$.apply(Try.scala:210)
	at anorm.Sql$.asTry(Anorm.scala:263)
	at anorm.WithResult.asTry(SqlResult.scala:215)
	at anorm.WithResult.asTry$(SqlResult.scala:213)
	at anorm.SimpleSql.asTry(SimpleSql.scala:6)
	at anorm.WithResult.as(SqlResult.scala:205)
	at anorm.WithResult.as$(SqlResult.scala:204)
	at anorm.SimpleSql.as(SimpleSql.scala:6)
	at com.digitalasset.canton.platform.store.backend.common.PackageStorageBackendTemplate.lfPackages(PackageStorageBackendTemplate.scala:54)
	at com.digitalasset.canton.platform.store.dao.JdbcLedgerDao.$anonfun$listLfPackages$1(JdbcLedgerDao.scala:311)
	at com.digitalasset.canton.platform.store.dao.DataSourceConnectionProvider$$anon$1.$anonfun$runSQL$1(HikariJdbcConnectionProvider.scala:80)
	at com.daml.metrics.api.opentelemetry.OpenTelemetryTimer.time(OpenTelemetryMetricsFactory.scala:180)
	at com.daml.metrics.Timed$.value(Timed.scala:18)
	at com.digitalasset.canton.platform.store.dao.DataSourceConnectionProvider$$anon$1.runSQL(HikariJdbcConnectionProvider.scala:80)
	at com.digitalasset.canton.platform.store.dao.DbDispatcherImpl.$anonfun$executeSql$2(DbDispatcher.scala:87)
	at scala.concurrent.Future$.$anonfun$apply$1(Future.scala:687)
	at scala.concurrent.impl.Promise$Transformation.run(Promise.scala:467)
	at com.daml.executors.QueueAwareExecutorService$TrackingRunnable.run(QueueAwareExecutorService.scala:98)
	at com.daml.metrics.InstrumentedExecutorServiceMetrics$InstrumentedExecutorService$InstrumentedRunnable.run(InstrumentedExecutorServiceMetrics.scala:202)
	at java.base/java.util.concurrent.ThreadPoolExecutor.runWorker(ThreadPoolExecutor.java:1136)
	at java.base/java.util.concurrent.ThreadPoolExecutor$Worker.run(ThreadPoolExecutor.java:635)
	at java.base/java.lang.Thread.run(Thread.java:840)
2026-01-20 15:16:39,511 [daml.index.db.threadpool.connection.api-server-1] DEBUG c.d.c.n.g.ApiRequestLogger:participant=sandbox tid:e0f4783b9f8632d53afe29aee6589211 - Request c.d.l.a.v.PackageService/GetPackageStatus by /127.0.0.1:50289: received a message 
  Request tid:e0f4783b9f8632d53afe29aee6589211
2026-01-20 15:16:39,513 [canton-env-ec-96] INFO  c.d.c.p.a.s.ApiPackageService:participant=sandbox tid:e0f4783b9f8632d53afe29aee6589211 - Received request for a package status: GetPackageStatusRequest(sandbox,97b883cd8a2b7f49f90d5d39c981cf6e110cf1f1c64427a28a6d58ec88c43657), packageId -> '97b883cd8a2b7f49f90d5d39c981cf6e110cf1f1c64427a28a6d58ec88c43657'.
2026-01-20 15:16:39,685 [daml.index.db.threadpool.connection.api-server-1] ERROR c.d.c.p.s.d.DbDispatcherImpl:participant=sandbox tid:e0f4783b9f8632d53afe29aee6589211 - INDEX_DB_SQL_NON_TRANSIENT_ERROR(4,e0f4783b): Processing the request failed due to a non-transient database error: Table "PACKAGES" not found (this database is empty); SQL statement:

      select packages.package_id, packages.source_description, packages.known_since, packages.package_size
      from packages
      where packages.ledger_offset <= ?
     [42104-210] err-context:{location=DatabaseSelfServiceError.scala:53} 
org.h2.jdbc.JdbcSQLSyntaxErrorException: Table "PACKAGES" not found (this database is empty); SQL statement:

      select packages.package_id, packages.source_description, packages.known_since, packages.package_size
      from packages
      where packages.ledger_offset <= ?
     [42104-210]
	at org.h2.message.DbException.getJdbcSQLException(DbException.java:521)
	at org.h2.message.DbException.getJdbcSQLException(DbException.java:496)
	at org.h2.message.DbException.get(DbException.java:227)
	at org.h2.message.DbException.get(DbException.java:203)
	at org.h2.command.Parser.getTableOrViewNotFoundDbException(Parser.java:8397)
	at org.h2.command.Parser.getTableOrViewNotFoundDbException(Parser.java:8381)
	at org.h2.command.Parser.readTableOrView(Parser.java:8370)
	at org.h2.command.Parser.readTablePrimary(Parser.java:1866)
	at org.h2.command.Parser.readTableReference(Parser.java:2342)
	at org.h2.command.Parser.parseSelectFromPart(Parser.java:2793)
	at org.h2.command.Parser.parseSelect(Parser.java:2900)
	at org.h2.command.Parser.parseQueryPrimary(Parser.java:2783)
	at org.h2.command.Parser.parseQueryTerm(Parser.java:2650)
	at org.h2.command.Parser.parseQueryExpressionBody(Parser.java:2629)
	at org.h2.command.Parser.parseQueryExpressionBodyAndEndOfQuery(Parser.java:2622)
	at org.h2.command.Parser.parseQueryExpression(Parser.java:2615)
	at org.h2.command.Parser.parseQuery(Parser.java:2576)
	at org.h2.command.Parser.parsePrepared(Parser.java:707)
	at org.h2.command.Parser.parse(Parser.java:674)
	at org.h2.command.Parser.parse(Parser.java:644)
	at org.h2.command.Parser.prepareCommand(Parser.java:551)
	at org.h2.engine.SessionLocal.prepareLocal(SessionLocal.java:615)
	at org.h2.engine.SessionLocal.prepareCommand(SessionLocal.java:553)
	at org.h2.jdbc.JdbcConnection.prepareCommand(JdbcConnection.java:1116)
	at org.h2.jdbc.JdbcPreparedStatement.<init>(JdbcPreparedStatement.java:92)
	at org.h2.jdbc.JdbcConnection.prepareStatement(JdbcConnection.java:288)
	at com.zaxxer.hikari.pool.ProxyConnection.prepareStatement(ProxyConnection.java:311)
	at com.zaxxer.hikari.pool.HikariProxyConnection.prepareStatement(HikariProxyConnection.java)
	at anorm.SimpleSql.$anonfun$prepareNoGeneratedKeys$1(SimpleSql.scala:55)
	at anorm.SimpleSql.unsafeStatement(SimpleSql.scala:85)
	at anorm.SimpleSql.unsafeStatement(SimpleSql.scala:68)
	at anorm.Sql.$anonfun$preparedStatement$1(Anorm.scala:77)
	at resource.DefaultManagedResource.open(AbstractManagedResource.scala:107)
	at resource.AbstractManagedResource.acquireFor(AbstractManagedResource.scala:84)
	at resource.ManagedResourceOperations$$anon$1.acquireFor(ManagedResourceOperations.scala:47)
	at resource.DeferredExtractableManagedResource.acquireFor(AbstractManagedResource.scala:25)
	at resource.ManagedResourceOperations.apply(ManagedResourceOperations.scala:31)
	at resource.ManagedResourceOperations.apply$(ManagedResourceOperations.scala:31)
	at resource.DeferredExtractableManagedResource.apply(AbstractManagedResource.scala:22)
	at resource.ManagedResourceOperations.acquireAndGet(ManagedResourceOperations.scala:29)
	at resource.ManagedResourceOperations.acquireAndGet$(ManagedResourceOperations.scala:29)
	at resource.DeferredExtractableManagedResource.acquireAndGet(AbstractManagedResource.scala:22)
	at anorm.Sql$.$anonfun$asTry$1(Anorm.scala:263)
	at scala.util.Try$.apply(Try.scala:210)
	at anorm.Sql$.asTry(Anorm.scala:263)
	at anorm.WithResult.asTry(SqlResult.scala:215)
	at anorm.WithResult.asTry$(SqlResult.scala:213)
	at anorm.SimpleSql.asTry(SimpleSql.scala:6)
	at anorm.WithResult.as(SqlResult.scala:205)
	at anorm.WithResult.as$(SqlResult.scala:204)
	at anorm.SimpleSql.as(SimpleSql.scala:6)
	at com.digitalasset.canton.platform.store.backend.common.PackageStorageBackendTemplate.lfPackages(PackageStorageBackendTemplate.scala:54)
	at com.digitalasset.canton.platform.store.dao.JdbcLedgerDao.$anonfun$listLfPackages$1(JdbcLedgerDao.scala:311)
	at com.digitalasset.canton.platform.store.dao.DataSourceConnectionProvider$$anon$1.$anonfun$runSQL$1(HikariJdbcConnectionProvider.scala:80)
	at com.daml.metrics.api.opentelemetry.OpenTelemetryTimer.time(OpenTelemetryMetricsFactory.scala:180)
	at com.daml.metrics.Timed$.value(Timed.scala:18)
	at com.digitalasset.canton.platform.store.dao.DataSourceConnectionProvider$$anon$1.runSQL(HikariJdbcConnectionProvider.scala:80)
	at com.digitalasset.canton.platform.store.dao.DbDispatcherImpl.$anonfun$executeSql$2(DbDispatcher.scala:87)
	at scala.concurrent.Future$.$anonfun$apply$1(Future.scala:687)
	at scala.concurrent.impl.Promise$Transformation.run(Promise.scala:467)
	at com.daml.executors.QueueAwareExecutorService$TrackingRunnable.run(QueueAwareExecutorService.scala:98)
	at com.daml.metrics.InstrumentedExecutorServiceMetrics$InstrumentedExecutorService$InstrumentedRunnable.run(InstrumentedExecutorServiceMetrics.scala:202)
	at java.base/java.util.concurrent.ThreadPoolExecutor.runWorker(ThreadPoolExecutor.java:1136)
	at java.base/java.util.concurrent.ThreadPoolExecutor$Worker.run(ThreadPoolExecutor.java:635)
	at java.base/java.lang.Thread.run(Thread.java:840)
2026-01-20 15:16:39,508 [daml.index.db.threadpool.connection.api-server-1] DEBUG c.d.c.n.g.ApiRequestLogger:participant=participant1 tid:62e82bfb474bbe01cc94fc4257ae936d - Request c.d.l.a.v.PackageService/GetPackageStatus by /127.0.0.1:50290: received a message 
  Request tid:62e82bfb474bbe01cc94fc4257ae936d
2026-01-20 15:16:39,511 [canton-env-ec-29] INFO  c.d.c.p.a.s.ApiPackageService:participant=participant1 tid:62e82bfb474bbe01cc94fc4257ae936d - Received request for a package status: GetPackageStatusRequest(participant1,518032f41fd0175461b35ae0c9691e08b4aea55e62915f8360af2cc7a1f2ba6c), packageId -> '518032f41fd0175461b35ae0c9691e08b4aea55e62915f8360af2cc7a1f2ba6c'.
2026-01-20 15:16:39,684 [daml.index.db.threadpool.connection.api-server-1] ERROR c.d.c.p.s.d.DbDispatcherImpl:participant=participant1 tid:62e82bfb474bbe01cc94fc4257ae936d - INDEX_DB_SQL_NON_TRANSIENT_ERROR(4,62e82bfb): Processing the request failed due to a non-transient database error: Table "PACKAGES" not found (this database is empty); SQL statement:

      select packages.package_id, packages.source_description, packages.known_since, packages.package_size
      from packages
      where packages.ledger_offset <= ?
     [42104-210] err-context:{location=DatabaseSelfServiceError.scala:53} 
org.h2.jdbc.JdbcSQLSyntaxErrorException: Table "PACKAGES" not found (this database is empty); SQL statement:

      select packages.package_id, packages.source_description, packages.known_since, packages.package_size
      from packages
      where packages.ledger_offset <= ?
     [42104-210]
	at org.h2.message.DbException.getJdbcSQLException(DbException.java:521)
	at org.h2.message.DbException.getJdbcSQLException(DbException.java:496)
	at org.h2.message.DbException.get(DbException.java:227)
	at org.h2.message.DbException.get(DbException.java:203)
	at org.h2.command.Parser.getTableOrViewNotFoundDbException(Parser.java:8397)
	at org.h2.command.Parser.getTableOrViewNotFoundDbException(Parser.java:8381)
	at org.h2.command.Parser.readTableOrView(Parser.java:8370)
	at org.h2.command.Parser.readTablePrimary(Parser.java:1866)
	at org.h2.command.Parser.readTableReference(Parser.java:2342)
	at org.h2.command.Parser.parseSelectFromPart(Parser.java:2793)
	at org.h2.command.Parser.parseSelect(Parser.java:2900)
	at org.h2.command.Parser.parseQueryPrimary(Parser.java:2783)
	at org.h2.command.Parser.parseQueryTerm(Parser.java:2650)
	at org.h2.command.Parser.parseQueryExpressionBody(Parser.java:2629)
	at org.h2.command.Parser.parseQueryExpressionBodyAndEndOfQuery(Parser.java:2622)
	at org.h2.command.Parser.parseQueryExpression(Parser.java:2615)
	at org.h2.command.Parser.parseQuery(Parser.java:2576)
	at org.h2.command.Parser.parsePrepared(Parser.java:707)
	at org.h2.command.Parser.parse(Parser.java:674)
	at org.h2.command.Parser.parse(Parser.java:644)
	at org.h2.command.Parser.prepareCommand(Parser.java:551)
	at org.h2.engine.SessionLocal.prepareLocal(SessionLocal.java:615)
	at org.h2.engine.SessionLocal.prepareCommand(SessionLocal.java:553)
	at org.h2.jdbc.JdbcConnection.prepareCommand(JdbcConnection.java:1116)
	at org.h2.jdbc.JdbcPreparedStatement.<init>(JdbcPreparedStatement.java:92)
	at org.h2.jdbc.JdbcConnection.prepareStatement(JdbcConnection.java:288)
	at com.zaxxer.hikari.pool.ProxyConnection.prepareStatement(ProxyConnection.java:311)
	at com.zaxxer.hikari.pool.HikariProxyConnection.prepareStatement(HikariProxyConnection.java)
	at anorm.SimpleSql.$anonfun$prepareNoGeneratedKeys$1(SimpleSql.scala:55)
	at anorm.SimpleSql.unsafeStatement(SimpleSql.scala:85)
	at anorm.SimpleSql.unsafeStatement(SimpleSql.scala:68)
	at anorm.Sql.$anonfun$preparedStatement$1(Anorm.scala:77)
	at resource.DefaultManagedResource.open(AbstractManagedResource.scala:107)
	at resource.AbstractManagedResource.acquireFor(AbstractManagedResource.scala:84)
	at resource.ManagedResourceOperations$$anon$1.acquireFor(ManagedResourceOperations.scala:47)
	at resource.DeferredExtractableManagedResource.acquireFor(AbstractManagedResource.scala:25)
	at resource.ManagedResourceOperations.apply(ManagedResourceOperations.scala:31)
	at resource.ManagedResourceOperations.apply$(ManagedResourceOperations.scala:31)
	at resource.DeferredExtractableManagedResource.apply(AbstractManagedResource.scala:22)
	at resource.ManagedResourceOperations.acquireAndGet(ManagedResourceOperations.scala:29)
	at resource.ManagedResourceOperations.acquireAndGet$(ManagedResourceOperations.scala:29)
	at resource.DeferredExtractableManagedResource.acquireAndGet(AbstractManagedResource.scala:22)
	at anorm.Sql$.$anonfun$asTry$1(Anorm.scala:263)
	at scala.util.Try$.apply(Try.scala:210)
	at anorm.Sql$.asTry(Anorm.scala:263)
	at anorm.WithResult.asTry(SqlResult.scala:215)
	at anorm.WithResult.asTry$(SqlResult.scala:213)
	at anorm.SimpleSql.asTry(SimpleSql.scala:6)
	at anorm.WithResult.as(SqlResult.scala:205)
	at anorm.WithResult.as$(SqlResult.scala:204)
	at anorm.SimpleSql.as(SimpleSql.scala:6)
	at com.digitalasset.canton.platform.store.backend.common.PackageStorageBackendTemplate.lfPackages(PackageStorageBackendTemplate.scala:54)
	at com.digitalasset.canton.platform.store.dao.JdbcLedgerDao.$anonfun$listLfPackages$1(JdbcLedgerDao.scala:311)
	at com.digitalasset.canton.platform.store.dao.DataSourceConnectionProvider$$anon$1.$anonfun$runSQL$1(HikariJdbcConnectionProvider.scala:80)
	at com.daml.metrics.api.opentelemetry.OpenTelemetryTimer.time(OpenTelemetryMetricsFactory.scala:180)
	at com.daml.metrics.Timed$.value(Timed.scala:18)
	at com.digitalasset.canton.platform.store.dao.DataSourceConnectionProvider$$anon$1.runSQL(HikariJdbcConnectionProvider.scala:80)
	at com.digitalasset.canton.platform.store.dao.DbDispatcherImpl.$anonfun$executeSql$2(DbDispatcher.scala:87)
	at scala.concurrent.Future$.$anonfun$apply$1(Future.scala:687)
	at scala.concurrent.impl.Promise$Transformation.run(Promise.scala:467)
	at com.daml.executors.QueueAwareExecutorService$TrackingRunnable.run(QueueAwareExecutorService.scala:98)
	at com.daml.metrics.InstrumentedExecutorServiceMetrics$InstrumentedExecutorService$InstrumentedRunnable.run(InstrumentedExecutorServiceMetrics.scala:202)
	at java.base/java.util.concurrent.ThreadPoolExecutor.runWorker(ThreadPoolExecutor.java:1136)
	at java.base/java.util.concurrent.ThreadPoolExecutor$Worker.run(ThreadPoolExecutor.java:635)
	at java.base/java.lang.Thread.run(Thread.java:840)
2026-01-20 15:16:39,511 [daml.index.db.threadpool.connection.api-server-4] DEBUG c.d.c.n.g.ApiRequestLogger:participant=sandbox tid:85515046335310dae88b7f60cf61b27c - Request c.d.l.a.v.PackageService/GetPackageStatus by /127.0.0.1:50289: received a message 
  Request tid:85515046335310dae88b7f60cf61b27c
2026-01-20 15:16:39,513 [canton-env-ec-105] INFO  c.d.c.p.a.s.ApiPackageService:participant=sandbox tid:85515046335310dae88b7f60cf61b27c - Received request for a package status: GetPackageStatusRequest(sandbox,d14e08374fc7197d6a0de468c968ae8ba3aadbf9315476fd39071831f5923662), packageId -> 'd14e08374fc7197d6a0de468c968ae8ba3aadbf9315476fd39071831f5923662'.
2026-01-20 15:16:39,684 [daml.index.db.threadpool.connection.api-server-4] ERROR c.d.c.p.s.d.DbDispatcherImpl:participant=sandbox tid:85515046335310dae88b7f60cf61b27c - INDEX_DB_SQL_NON_TRANSIENT_ERROR(4,85515046): Processing the request failed due to a non-transient database error: Table "PACKAGES" not found (this database is empty); SQL statement:

      select packages.package_id, packages.source_description, packages.known_since, packages.package_size
      from packages
      where packages.ledger_offset <= ?
     [42104-210] err-context:{location=DatabaseSelfServiceError.scala:53} 
org.h2.jdbc.JdbcSQLSyntaxErrorException: Table "PACKAGES" not found (this database is empty); SQL statement:

      select packages.package_id, packages.source_description, packages.known_since, packages.package_size
      from packages
      where packages.ledger_offset <= ?
     [42104-210]
	at org.h2.message.DbException.getJdbcSQLException(DbException.java:521)
	at org.h2.message.DbException.getJdbcSQLException(DbException.java:496)
	at org.h2.message.DbException.get(DbException.java:227)
	at org.h2.message.DbException.get(DbException.java:203)
	at org.h2.command.Parser.getTableOrViewNotFoundDbException(Parser.java:8397)
	at org.h2.command.Parser.getTableOrViewNotFoundDbException(Parser.java:8381)
	at org.h2.command.Parser.readTableOrView(Parser.java:8370)
	at org.h2.command.Parser.readTablePrimary(Parser.java:1866)
	at org.h2.command.Parser.readTableReference(Parser.java:2342)
	at org.h2.command.Parser.parseSelectFromPart(Parser.java:2793)
	at org.h2.command.Parser.parseSelect(Parser.java:2900)
	at org.h2.command.Parser.parseQueryPrimary(Parser.java:2783)
	at org.h2.command.Parser.parseQueryTerm(Parser.java:2650)
	at org.h2.command.Parser.parseQueryExpressionBody(Parser.java:2629)
	at org.h2.command.Parser.parseQueryExpressionBodyAndEndOfQuery(Parser.java:2622)
	at org.h2.command.Parser.parseQueryExpression(Parser.java:2615)
	at org.h2.command.Parser.parseQuery(Parser.java:2576)
	at org.h2.command.Parser.parsePrepared(Parser.java:707)
	at org.h2.command.Parser.parse(Parser.java:674)
	at org.h2.command.Parser.parse(Parser.java:644)
	at org.h2.command.Parser.prepareCommand(Parser.java:551)
	at org.h2.engine.SessionLocal.prepareLocal(SessionLocal.java:615)
	at org.h2.engine.SessionLocal.prepareCommand(SessionLocal.java:553)
	at org.h2.jdbc.JdbcConnection.prepareCommand(JdbcConnection.java:1116)
	at org.h2.jdbc.JdbcPreparedStatement.<init>(JdbcPreparedStatement.java:92)
	at org.h2.jdbc.JdbcConnection.prepareStatement(JdbcConnection.java:288)
	at com.zaxxer.hikari.pool.ProxyConnection.prepareStatement(ProxyConnection.java:311)
	at com.zaxxer.hikari.pool.HikariProxyConnection.prepareStatement(HikariProxyConnection.java)
	at anorm.SimpleSql.$anonfun$prepareNoGeneratedKeys$1(SimpleSql.scala:55)
	at anorm.SimpleSql.unsafeStatement(SimpleSql.scala:85)
	at anorm.SimpleSql.unsafeStatement(SimpleSql.scala:68)
	at anorm.Sql.$anonfun$preparedStatement$1(Anorm.scala:77)
	at resource.DefaultManagedResource.open(AbstractManagedResource.scala:107)
	at resource.AbstractManagedResource.acquireFor(AbstractManagedResource.scala:84)
	at resource.ManagedResourceOperations$$anon$1.acquireFor(ManagedResourceOperations.scala:47)
	at resource.DeferredExtractableManagedResource.acquireFor(AbstractManagedResource.scala:25)
	at resource.ManagedResourceOperations.apply(ManagedResourceOperations.scala:31)
	at resource.ManagedResourceOperations.apply$(ManagedResourceOperations.scala:31)
	at resource.DeferredExtractableManagedResource.apply(AbstractManagedResource.scala:22)
	at resource.ManagedResourceOperations.acquireAndGet(ManagedResourceOperations.scala:29)
	at resource.ManagedResourceOperations.acquireAndGet$(ManagedResourceOperations.scala:29)
	at resource.DeferredExtractableManagedResource.acquireAndGet(AbstractManagedResource.scala:22)
	at anorm.Sql$.$anonfun$asTry$1(Anorm.scala:263)
	at scala.util.Try$.apply(Try.scala:210)
	at anorm.Sql$.asTry(Anorm.scala:263)
	at anorm.WithResult.asTry(SqlResult.scala:215)
	at anorm.WithResult.asTry$(SqlResult.scala:213)
	at anorm.SimpleSql.asTry(SimpleSql.scala:6)
	at anorm.WithResult.as(SqlResult.scala:205)
	at anorm.WithResult.as$(SqlResult.scala:204)
	at anorm.SimpleSql.as(SimpleSql.scala:6)
	at com.digitalasset.canton.platform.store.backend.common.PackageStorageBackendTemplate.lfPackages(PackageStorageBackendTemplate.scala:54)
	at com.digitalasset.canton.platform.store.dao.JdbcLedgerDao.$anonfun$listLfPackages$1(JdbcLedgerDao.scala:311)
	at com.digitalasset.canton.platform.store.dao.DataSourceConnectionProvider$$anon$1.$anonfun$runSQL$1(HikariJdbcConnectionProvider.scala:80)
	at com.daml.metrics.api.opentelemetry.OpenTelemetryTimer.time(OpenTelemetryMetricsFactory.scala:180)
	at com.daml.metrics.Timed$.value(Timed.scala:18)
	at com.digitalasset.canton.platform.store.dao.DataSourceConnectionProvider$$anon$1.runSQL(HikariJdbcConnectionProvider.scala:80)
	at com.digitalasset.canton.platform.store.dao.DbDispatcherImpl.$anonfun$executeSql$2(DbDispatcher.scala:87)
	at scala.concurrent.Future$.$anonfun$apply$1(Future.scala:687)
	at scala.concurrent.impl.Promise$Transformation.run(Promise.scala:467)
	at com.daml.executors.QueueAwareExecutorService$TrackingRunnable.run(QueueAwareExecutorService.scala:98)
	at com.daml.metrics.InstrumentedExecutorServiceMetrics$InstrumentedExecutorService$InstrumentedRunnable.run(InstrumentedExecutorServiceMetrics.scala:202)
	at java.base/java.util.concurrent.ThreadPoolExecutor.runWorker(ThreadPoolExecutor.java:1136)
	at java.base/java.util.concurrent.ThreadPoolExecutor$Worker.run(ThreadPoolExecutor.java:635)
	at java.base/java.lang.Thread.run(Thread.java:840)
2026-01-20 15:16:39,508 [daml.index.db.threadpool.connection.api-server-4] DEBUG c.d.c.n.g.ApiRequestLogger:participant=participant1 tid:0ba28067b1faf16ad03d8d7e7166b659 - Request c.d.l.a.v.PackageService/GetPackageStatus by /127.0.0.1:50290: received a message 
  Request tid:0ba28067b1faf16ad03d8d7e7166b659
2026-01-20 15:16:39,511 [canton-env-ec-121] INFO  c.d.c.p.a.s.ApiPackageService:participant=participant1 tid:0ba28067b1faf16ad03d8d7e7166b659 - Received request for a package status: GetPackageStatusRequest(participant1,d14e08374fc7197d6a0de468c968ae8ba3aadbf9315476fd39071831f5923662), packageId -> 'd14e08374fc7197d6a0de468c968ae8ba3aadbf9315476fd39071831f5923662'.
2026-01-20 15:16:39,681 [daml.index.db.threadpool.connection.api-server-4] ERROR c.d.c.p.s.d.DbDispatcherImpl:participant=participant1 tid:0ba28067b1faf16ad03d8d7e7166b659 - INDEX_DB_SQL_NON_TRANSIENT_ERROR(4,0ba28067): Processing the request failed due to a non-transient database error: Table "PACKAGES" not found (this database is empty); SQL statement:

      select packages.package_id, packages.source_description, packages.known_since, packages.package_size
      from packages
      where packages.ledger_offset <= ?
     [42104-210] err-context:{location=DatabaseSelfServiceError.scala:53} 
org.h2.jdbc.JdbcSQLSyntaxErrorException: Table "PACKAGES" not found (this database is empty); SQL statement:

      select packages.package_id, packages.source_description, packages.known_since, packages.package_size
      from packages
      where packages.ledger_offset <= ?
     [42104-210]
	at org.h2.message.DbException.getJdbcSQLException(DbException.java:521)
	at org.h2.message.DbException.getJdbcSQLException(DbException.java:496)
	at org.h2.message.DbException.get(DbException.java:227)
	at org.h2.message.DbException.get(DbException.java:203)
	at org.h2.command.Parser.getTableOrViewNotFoundDbException(Parser.java:8397)
	at org.h2.command.Parser.getTableOrViewNotFoundDbException(Parser.java:8381)
	at org.h2.command.Parser.readTableOrView(Parser.java:8370)
	at org.h2.command.Parser.readTablePrimary(Parser.java:1866)
	at org.h2.command.Parser.readTableReference(Parser.java:2342)
	at org.h2.command.Parser.parseSelectFromPart(Parser.java:2793)
	at org.h2.command.Parser.parseSelect(Parser.java:2900)
	at org.h2.command.Parser.parseQueryPrimary(Parser.java:2783)
	at org.h2.command.Parser.parseQueryTerm(Parser.java:2650)
	at org.h2.command.Parser.parseQueryExpressionBody(Parser.java:2629)
	at org.h2.command.Parser.parseQueryExpressionBodyAndEndOfQuery(Parser.java:2622)
	at org.h2.command.Parser.parseQueryExpression(Parser.java:2615)
	at org.h2.command.Parser.parseQuery(Parser.java:2576)
	at org.h2.command.Parser.parsePrepared(Parser.java:707)
	at org.h2.command.Parser.parse(Parser.java:674)
	at org.h2.command.Parser.parse(Parser.java:644)
	at org.h2.command.Parser.prepareCommand(Parser.java:551)
	at org.h2.engine.SessionLocal.prepareLocal(SessionLocal.java:615)
	at org.h2.engine.SessionLocal.prepareCommand(SessionLocal.java:553)
	at org.h2.jdbc.JdbcConnection.prepareCommand(JdbcConnection.java:1116)
	at org.h2.jdbc.JdbcPreparedStatement.<init>(JdbcPreparedStatement.java:92)
	at org.h2.jdbc.JdbcConnection.prepareStatement(JdbcConnection.java:288)
	at com.zaxxer.hikari.pool.ProxyConnection.prepareStatement(ProxyConnection.java:311)
	at com.zaxxer.hikari.pool.HikariProxyConnection.prepareStatement(HikariProxyConnection.java)
	at anorm.SimpleSql.$anonfun$prepareNoGeneratedKeys$1(SimpleSql.scala:55)
	at anorm.SimpleSql.unsafeStatement(SimpleSql.scala:85)
	at anorm.SimpleSql.unsafeStatement(SimpleSql.scala:68)
	at anorm.Sql.$anonfun$preparedStatement$1(Anorm.scala:77)
	at resource.DefaultManagedResource.open(AbstractManagedResource.scala:107)
	at resource.AbstractManagedResource.acquireFor(AbstractManagedResource.scala:84)
	at resource.ManagedResourceOperations$$anon$1.acquireFor(ManagedResourceOperations.scala:47)
	at resource.DeferredExtractableManagedResource.acquireFor(AbstractManagedResource.scala:25)
	at resource.ManagedResourceOperations.apply(ManagedResourceOperations.scala:31)
	at resource.ManagedResourceOperations.apply$(ManagedResourceOperations.scala:31)
	at resource.DeferredExtractableManagedResource.apply(AbstractManagedResource.scala:22)
	at resource.ManagedResourceOperations.acquireAndGet(ManagedResourceOperations.scala:29)
	at resource.ManagedResourceOperations.acquireAndGet$(ManagedResourceOperations.scala:29)
	at resource.DeferredExtractableManagedResource.acquireAndGet(AbstractManagedResource.scala:22)
	at anorm.Sql$.$anonfun$asTry$1(Anorm.scala:263)
	at scala.util.Try$.apply(Try.scala:210)
	at anorm.Sql$.asTry(Anorm.scala:263)
	at anorm.WithResult.asTry(SqlResult.scala:215)
	at anorm.WithResult.asTry$(SqlResult.scala:213)
	at anorm.SimpleSql.asTry(SimpleSql.scala:6)
	at anorm.WithResult.as(SqlResult.scala:205)
	at anorm.WithResult.as$(SqlResult.scala:204)
	at anorm.SimpleSql.as(SimpleSql.scala:6)
	at com.digitalasset.canton.platform.store.backend.common.PackageStorageBackendTemplate.lfPackages(PackageStorageBackendTemplate.scala:54)
	at com.digitalasset.canton.platform.store.dao.JdbcLedgerDao.$anonfun$listLfPackages$1(JdbcLedgerDao.scala:311)
	at com.digitalasset.canton.platform.store.dao.DataSourceConnectionProvider$$anon$1.$anonfun$runSQL$1(HikariJdbcConnectionProvider.scala:80)
	at com.daml.metrics.api.opentelemetry.OpenTelemetryTimer.time(OpenTelemetryMetricsFactory.scala:180)
	at com.daml.metrics.Timed$.value(Timed.scala:18)
	at com.digitalasset.canton.platform.store.dao.DataSourceConnectionProvider$$anon$1.runSQL(HikariJdbcConnectionProvider.scala:80)
	at com.digitalasset.canton.platform.store.dao.DbDispatcherImpl.$anonfun$executeSql$2(DbDispatcher.scala:87)
	at scala.concurrent.Future$.$anonfun$apply$1(Future.scala:687)
	at scala.concurrent.impl.Promise$Transformation.run(Promise.scala:467)
	at com.daml.executors.QueueAwareExecutorService$TrackingRunnable.run(QueueAwareExecutorService.scala:98)
	at com.daml.metrics.InstrumentedExecutorServiceMetrics$InstrumentedExecutorService$InstrumentedRunnable.run(InstrumentedExecutorServiceMetrics.scala:202)
	at java.base/java.util.concurrent.ThreadPoolExecutor.runWorker(ThreadPoolExecutor.java:1136)
	at java.base/java.util.concurrent.ThreadPoolExecutor$Worker.run(ThreadPoolExecutor.java:635)
	at java.base/java.lang.Thread.run(Thread.java:840)
2026-01-20 15:16:39,509 [daml.index.db.threadpool.connection.api-server-0] DEBUG c.d.c.n.g.ApiRequestLogger:participant=sandbox tid:302bb9a20d2bfb010de1fa40ac430da5 - Request c.d.l.a.v.PackageService/GetPackageStatus by /127.0.0.1:50289: received a message 
  Request tid:302bb9a20d2bfb010de1fa40ac430da5
2026-01-20 15:16:39,513 [canton-env-ec-110] INFO  c.d.c.p.a.s.ApiPackageService:participant=sandbox tid:302bb9a20d2bfb010de1fa40ac430da5 - Received request for a package status: GetPackageStatusRequest(sandbox,852d8e3a8ccf952acc73e17522846bc1eb41498e840d637e519ddcca7dbc7671), packageId -> '852d8e3a8ccf952acc73e17522846bc1eb41498e840d637e519ddcca7dbc7671'.
2026-01-20 15:16:39,674 [daml.index.db.threadpool.connection.api-server-0] ERROR c.d.c.p.s.d.DbDispatcherImpl:participant=sandbox tid:302bb9a20d2bfb010de1fa40ac430da5 - INDEX_DB_SQL_NON_TRANSIENT_ERROR(4,302bb9a2): Processing the request failed due to a non-transient database error: Table "PACKAGES" not found (this database is empty); SQL statement:

      select packages.package_id, packages.source_description, packages.known_since, packages.package_size
      from packages
      where packages.ledger_offset <= ?
     [42104-210] err-context:{location=DatabaseSelfServiceError.scala:53} 
org.h2.jdbc.JdbcSQLSyntaxErrorException: Table "PACKAGES" not found (this database is empty); SQL statement:

      select packages.package_id, packages.source_description, packages.known_since, packages.package_size
      from packages
      where packages.ledger_offset <= ?
     [42104-210]
	at org.h2.message.DbException.getJdbcSQLException(DbException.java:521)
	at org.h2.message.DbException.getJdbcSQLException(DbException.java:496)
	at org.h2.message.DbException.get(DbException.java:227)
	at org.h2.message.DbException.get(DbException.java:203)
	at org.h2.command.Parser.getTableOrViewNotFoundDbException(Parser.java:8397)
	at org.h2.command.Parser.getTableOrViewNotFoundDbException(Parser.java:8381)
	at org.h2.command.Parser.readTableOrView(Parser.java:8370)
	at org.h2.command.Parser.readTablePrimary(Parser.java:1866)
	at org.h2.command.Parser.readTableReference(Parser.java:2342)
	at org.h2.command.Parser.parseSelectFromPart(Parser.java:2793)
	at org.h2.command.Parser.parseSelect(Parser.java:2900)
	at org.h2.command.Parser.parseQueryPrimary(Parser.java:2783)
	at org.h2.command.Parser.parseQueryTerm(Parser.java:2650)
	at org.h2.command.Parser.parseQueryExpressionBody(Parser.java:2629)
	at org.h2.command.Parser.parseQueryExpressionBodyAndEndOfQuery(Parser.java:2622)
	at org.h2.command.Parser.parseQueryExpression(Parser.java:2615)
	at org.h2.command.Parser.parseQuery(Parser.java:2576)
	at org.h2.command.Parser.parsePrepared(Parser.java:707)
	at org.h2.command.Parser.parse(Parser.java:674)
	at org.h2.command.Parser.parse(Parser.java:644)
	at org.h2.command.Parser.prepareCommand(Parser.java:551)
	at org.h2.engine.SessionLocal.prepareLocal(SessionLocal.java:615)
	at org.h2.engine.SessionLocal.prepareCommand(SessionLocal.java:553)
	at org.h2.jdbc.JdbcConnection.prepareCommand(JdbcConnection.java:1116)
	at org.h2.jdbc.JdbcPreparedStatement.<init>(JdbcPreparedStatement.java:92)
	at org.h2.jdbc.JdbcConnection.prepareStatement(JdbcConnection.java:288)
	at com.zaxxer.hikari.pool.ProxyConnection.prepareStatement(ProxyConnection.java:311)
	at com.zaxxer.hikari.pool.HikariProxyConnection.prepareStatement(HikariProxyConnection.java)
	at anorm.SimpleSql.$anonfun$prepareNoGeneratedKeys$1(SimpleSql.scala:55)
	at anorm.SimpleSql.unsafeStatement(SimpleSql.scala:85)
	at anorm.SimpleSql.unsafeStatement(SimpleSql.scala:68)
	at anorm.Sql.$anonfun$preparedStatement$1(Anorm.scala:77)
	at resource.DefaultManagedResource.open(AbstractManagedResource.scala:107)
	at resource.AbstractManagedResource.acquireFor(AbstractManagedResource.scala:84)
	at resource.ManagedResourceOperations$$anon$1.acquireFor(ManagedResourceOperations.scala:47)
	at resource.DeferredExtractableManagedResource.acquireFor(AbstractManagedResource.scala:25)
	at resource.ManagedResourceOperations.apply(ManagedResourceOperations.scala:31)
	at resource.ManagedResourceOperations.apply$(ManagedResourceOperations.scala:31)
	at resource.DeferredExtractableManagedResource.apply(AbstractManagedResource.scala:22)
	at resource.ManagedResourceOperations.acquireAndGet(ManagedResourceOperations.scala:29)
	at resource.ManagedResourceOperations.acquireAndGet$(ManagedResourceOperations.scala:29)
	at resource.DeferredExtractableManagedResource.acquireAndGet(AbstractManagedResource.scala:22)
	at anorm.Sql$.$anonfun$asTry$1(Anorm.scala:263)
	at scala.util.Try$.apply(Try.scala:210)
	at anorm.Sql$.asTry(Anorm.scala:263)
	at anorm.WithResult.asTry(SqlResult.scala:215)
	at anorm.WithResult.asTry$(SqlResult.scala:213)
	at anorm.SimpleSql.asTry(SimpleSql.scala:6)
	at anorm.WithResult.as(SqlResult.scala:205)
	at anorm.WithResult.as$(SqlResult.scala:204)
	at anorm.SimpleSql.as(SimpleSql.scala:6)
	at com.digitalasset.canton.platform.store.backend.common.PackageStorageBackendTemplate.lfPackages(PackageStorageBackendTemplate.scala:54)
	at com.digitalasset.canton.platform.store.dao.JdbcLedgerDao.$anonfun$listLfPackages$1(JdbcLedgerDao.scala:311)
	at com.digitalasset.canton.platform.store.dao.DataSourceConnectionProvider$$anon$1.$anonfun$runSQL$1(HikariJdbcConnectionProvider.scala:80)
	at com.daml.metrics.api.opentelemetry.OpenTelemetryTimer.time(OpenTelemetryMetricsFactory.scala:180)
	at com.daml.metrics.Timed$.value(Timed.scala:18)
	at com.digitalasset.canton.platform.store.dao.DataSourceConnectionProvider$$anon$1.runSQL(HikariJdbcConnectionProvider.scala:80)
	at com.digitalasset.canton.platform.store.dao.DbDispatcherImpl.$anonfun$executeSql$2(DbDispatcher.scala:87)
	at scala.concurrent.Future$.$anonfun$apply$1(Future.scala:687)
	at scala.concurrent.impl.Promise$Transformation.run(Promise.scala:467)
	at com.daml.executors.QueueAwareExecutorService$TrackingRunnable.run(QueueAwareExecutorService.scala:98)
	at com.daml.metrics.InstrumentedExecutorServiceMetrics$InstrumentedExecutorService$InstrumentedRunnable.run(InstrumentedExecutorServiceMetrics.scala:202)
	at java.base/java.util.concurrent.ThreadPoolExecutor.runWorker(ThreadPoolExecutor.java:1136)
	at java.base/java.util.concurrent.ThreadPoolExecutor$Worker.run(ThreadPoolExecutor.java:635)
	at java.base/java.lang.Thread.run(Thread.java:840)
2026-01-20 15:16:39,507 [daml.index.db.threadpool.connection.api-server-2] DEBUG c.d.c.n.g.ApiRequestLogger:participant=participant1 tid:e0bfd29a3c79c232ec815bf123090f80 - Request c.d.l.a.v.PackageService/GetPackageStatus by /127.0.0.1:50290: received a message 
  Request tid:e0bfd29a3c79c232ec815bf123090f80
2026-01-20 15:16:39,511 [canton-env-ec-108] INFO  c.d.c.p.a.s.ApiPackageService:participant=participant1 tid:e0bfd29a3c79c232ec815bf123090f80 - Received request for a package status: GetPackageStatusRequest(participant1,76bf0fd12bd945762a01f8fc5bbcdfa4d0ff20f8762af490f8f41d6237c6524f), packageId -> '76bf0fd12bd945762a01f8fc5bbcdfa4d0ff20f8762af490f8f41d6237c6524f'.
2026-01-20 15:16:39,668 [daml.index.db.threadpool.connection.api-server-2] ERROR c.d.c.p.s.d.DbDispatcherImpl:participant=participant1 tid:e0bfd29a3c79c232ec815bf123090f80 - INDEX_DB_SQL_NON_TRANSIENT_ERROR(4,e0bfd29a): Processing the request failed due to a non-transient database error: Table "PACKAGES" not found (this database is empty); SQL statement:

      select packages.package_id, packages.source_description, packages.known_since, packages.package_size
      from packages
      where packages.ledger_offset <= ?
     [42104-210] err-context:{location=DatabaseSelfServiceError.scala:53} 
org.h2.jdbc.JdbcSQLSyntaxErrorException: Table "PACKAGES" not found (this database is empty); SQL statement:

      select packages.package_id, packages.source_description, packages.known_since, packages.package_size
      from packages
      where packages.ledger_offset <= ?
     [42104-210]
	at org.h2.message.DbException.getJdbcSQLException(DbException.java:521)
	at org.h2.message.DbException.getJdbcSQLException(DbException.java:496)
	at org.h2.message.DbException.get(DbException.java:227)
	at org.h2.message.DbException.get(DbException.java:203)
	at org.h2.command.Parser.getTableOrViewNotFoundDbException(Parser.java:8397)
	at org.h2.command.Parser.getTableOrViewNotFoundDbException(Parser.java:8381)
	at org.h2.command.Parser.readTableOrView(Parser.java:8370)
	at org.h2.command.Parser.readTablePrimary(Parser.java:1866)
	at org.h2.command.Parser.readTableReference(Parser.java:2342)
	at org.h2.command.Parser.parseSelectFromPart(Parser.java:2793)
	at org.h2.command.Parser.parseSelect(Parser.java:2900)
	at org.h2.command.Parser.parseQueryPrimary(Parser.java:2783)
	at org.h2.command.Parser.parseQueryTerm(Parser.java:2650)
	at org.h2.command.Parser.parseQueryExpressionBody(Parser.java:2629)
	at org.h2.command.Parser.parseQueryExpressionBodyAndEndOfQuery(Parser.java:2622)
	at org.h2.command.Parser.parseQueryExpression(Parser.java:2615)
	at org.h2.command.Parser.parseQuery(Parser.java:2576)
	at org.h2.command.Parser.parsePrepared(Parser.java:707)
	at org.h2.command.Parser.parse(Parser.java:674)
	at org.h2.command.Parser.parse(Parser.java:644)
	at org.h2.command.Parser.prepareCommand(Parser.java:551)
	at org.h2.engine.SessionLocal.prepareLocal(SessionLocal.java:615)
	at org.h2.engine.SessionLocal.prepareCommand(SessionLocal.java:553)
	at org.h2.jdbc.JdbcConnection.prepareCommand(JdbcConnection.java:1116)
	at org.h2.jdbc.JdbcPreparedStatement.<init>(JdbcPreparedStatement.java:92)
	at org.h2.jdbc.JdbcConnection.prepareStatement(JdbcConnection.java:288)
	at com.zaxxer.hikari.pool.ProxyConnection.prepareStatement(ProxyConnection.java:311)
	at com.zaxxer.hikari.pool.HikariProxyConnection.prepareStatement(HikariProxyConnection.java)
	at anorm.SimpleSql.$anonfun$prepareNoGeneratedKeys$1(SimpleSql.scala:55)
	at anorm.SimpleSql.unsafeStatement(SimpleSql.scala:85)
	at anorm.SimpleSql.unsafeStatement(SimpleSql.scala:68)
	at anorm.Sql.$anonfun$preparedStatement$1(Anorm.scala:77)
	at resource.DefaultManagedResource.open(AbstractManagedResource.scala:107)
	at resource.AbstractManagedResource.acquireFor(AbstractManagedResource.scala:84)
	at resource.ManagedResourceOperations$$anon$1.acquireFor(ManagedResourceOperations.scala:47)
	at resource.DeferredExtractableManagedResource.acquireFor(AbstractManagedResource.scala:25)
	at resource.ManagedResourceOperations.apply(ManagedResourceOperations.scala:31)
	at resource.ManagedResourceOperations.apply$(ManagedResourceOperations.scala:31)
	at resource.DeferredExtractableManagedResource.apply(AbstractManagedResource.scala:22)
	at resource.ManagedResourceOperations.acquireAndGet(ManagedResourceOperations.scala:29)
	at resource.ManagedResourceOperations.acquireAndGet$(ManagedResourceOperations.scala:29)
	at resource.DeferredExtractableManagedResource.acquireAndGet(AbstractManagedResource.scala:22)
	at anorm.Sql$.$anonfun$asTry$1(Anorm.scala:263)
	at scala.util.Try$.apply(Try.scala:210)
	at anorm.Sql$.asTry(Anorm.scala:263)
	at anorm.WithResult.asTry(SqlResult.scala:215)
	at anorm.WithResult.asTry$(SqlResult.scala:213)
	at anorm.SimpleSql.asTry(SimpleSql.scala:6)
	at anorm.WithResult.as(SqlResult.scala:205)
	at anorm.WithResult.as$(SqlResult.scala:204)
	at anorm.SimpleSql.as(SimpleSql.scala:6)
	at com.digitalasset.canton.platform.store.backend.common.PackageStorageBackendTemplate.lfPackages(PackageStorageBackendTemplate.scala:54)
	at com.digitalasset.canton.platform.store.dao.JdbcLedgerDao.$anonfun$listLfPackages$1(JdbcLedgerDao.scala:311)
	at com.digitalasset.canton.platform.store.dao.DataSourceConnectionProvider$$anon$1.$anonfun$runSQL$1(HikariJdbcConnectionProvider.scala:80)
	at com.daml.metrics.api.opentelemetry.OpenTelemetryTimer.time(OpenTelemetryMetricsFactory.scala:180)
	at com.daml.metrics.Timed$.value(Timed.scala:18)
	at com.digitalasset.canton.platform.store.dao.DataSourceConnectionProvider$$anon$1.runSQL(HikariJdbcConnectionProvider.scala:80)
	at com.digitalasset.canton.platform.store.dao.DbDispatcherImpl.$anonfun$executeSql$2(DbDispatcher.scala:87)
	at scala.concurrent.Future$.$anonfun$apply$1(Future.scala:687)
	at scala.concurrent.impl.Promise$Transformation.run(Promise.scala:467)
	at com.daml.executors.QueueAwareExecutorService$TrackingRunnable.run(QueueAwareExecutorService.scala:98)
	at com.daml.metrics.InstrumentedExecutorServiceMetrics$InstrumentedExecutorService$InstrumentedRunnable.run(InstrumentedExecutorServiceMetrics.scala:202)
	at java.base/java.util.concurrent.ThreadPoolExecutor.runWorker(ThreadPoolExecutor.java:1136)
	at java.base/java.util.concurrent.ThreadPoolExecutor$Worker.run(ThreadPoolExecutor.java:635)
	at java.base/java.lang.Thread.run(Thread.java:840)
2026-01-20 15:16:39,508 [daml.index.db.threadpool.connection.api-server-2] DEBUG c.d.c.n.g.ApiRequestLogger:participant=sandbox tid:592d4f0f04e832df65be3171383e9d00 - Request c.d.l.a.v.PackageService/GetPackageStatus by /127.0.0.1:50289: received a message 
  Request tid:592d4f0f04e832df65be3171383e9d00
2026-01-20 15:16:39,511 [canton-env-ec-22] INFO  c.d.c.p.a.s.ApiPackageService:participant=sandbox tid:592d4f0f04e832df65be3171383e9d00 - Received request for a package status: GetPackageStatusRequest(sandbox,cb0552debf219cc909f51cbb5c3b41e9981d39f8f645b1f35e2ef5be2e0b858a), packageId -> 'cb0552debf219cc909f51cbb5c3b41e9981d39f8f645b1f35e2ef5be2e0b858a'.
2026-01-20 15:16:39,663 [daml.index.db.threadpool.connection.api-server-2] ERROR c.d.c.p.s.d.DbDispatcherImpl:participant=sandbox tid:592d4f0f04e832df65be3171383e9d00 - INDEX_DB_SQL_NON_TRANSIENT_ERROR(4,592d4f0f): Processing the request failed due to a non-transient database error: Table "PACKAGES" not found (this database is empty); SQL statement:

      select packages.package_id, packages.source_description, packages.known_since, packages.package_size
      from packages
      where packages.ledger_offset <= ?
     [42104-210] err-context:{location=DatabaseSelfServiceError.scala:53} 
org.h2.jdbc.JdbcSQLSyntaxErrorException: Table "PACKAGES" not found (this database is empty); SQL statement:

      select packages.package_id, packages.source_description, packages.known_since, packages.package_size
      from packages
      where packages.ledger_offset <= ?
     [42104-210]
	at org.h2.message.DbException.getJdbcSQLException(DbException.java:521)
	at org.h2.message.DbException.getJdbcSQLException(DbException.java:496)
	at org.h2.message.DbException.get(DbException.java:227)
	at org.h2.message.DbException.get(DbException.java:203)
	at org.h2.command.Parser.getTableOrViewNotFoundDbException(Parser.java:8397)
	at org.h2.command.Parser.getTableOrViewNotFoundDbException(Parser.java:8381)
	at org.h2.command.Parser.readTableOrView(Parser.java:8370)
	at org.h2.command.Parser.readTablePrimary(Parser.java:1866)
	at org.h2.command.Parser.readTableReference(Parser.java:2342)
	at org.h2.command.Parser.parseSelectFromPart(Parser.java:2793)
	at org.h2.command.Parser.parseSelect(Parser.java:2900)
	at org.h2.command.Parser.parseQueryPrimary(Parser.java:2783)
	at org.h2.command.Parser.parseQueryTerm(Parser.java:2650)
	at org.h2.command.Parser.parseQueryExpressionBody(Parser.java:2629)
	at org.h2.command.Parser.parseQueryExpressionBodyAndEndOfQuery(Parser.java:2622)
	at org.h2.command.Parser.parseQueryExpression(Parser.java:2615)
	at org.h2.command.Parser.parseQuery(Parser.java:2576)
	at org.h2.command.Parser.parsePrepared(Parser.java:707)
	at org.h2.command.Parser.parse(Parser.java:674)
	at org.h2.command.Parser.parse(Parser.java:644)
	at org.h2.command.Parser.prepareCommand(Parser.java:551)
	at org.h2.engine.SessionLocal.prepareLocal(SessionLocal.java:615)
	at org.h2.engine.SessionLocal.prepareCommand(SessionLocal.java:553)
	at org.h2.jdbc.JdbcConnection.prepareCommand(JdbcConnection.java:1116)
	at org.h2.jdbc.JdbcPreparedStatement.<init>(JdbcPreparedStatement.java:92)
	at org.h2.jdbc.JdbcConnection.prepareStatement(JdbcConnection.java:288)
	at com.zaxxer.hikari.pool.ProxyConnection.prepareStatement(ProxyConnection.java:311)
	at com.zaxxer.hikari.pool.HikariProxyConnection.prepareStatement(HikariProxyConnection.java)
	at anorm.SimpleSql.$anonfun$prepareNoGeneratedKeys$1(SimpleSql.scala:55)
	at anorm.SimpleSql.unsafeStatement(SimpleSql.scala:85)
	at anorm.SimpleSql.unsafeStatement(SimpleSql.scala:68)
	at anorm.Sql.$anonfun$preparedStatement$1(Anorm.scala:77)
	at resource.DefaultManagedResource.open(AbstractManagedResource.scala:107)
	at resource.AbstractManagedResource.acquireFor(AbstractManagedResource.scala:84)
	at resource.ManagedResourceOperations$$anon$1.acquireFor(ManagedResourceOperations.scala:47)
	at resource.DeferredExtractableManagedResource.acquireFor(AbstractManagedResource.scala:25)
	at resource.ManagedResourceOperations.apply(ManagedResourceOperations.scala:31)
	at resource.ManagedResourceOperations.apply$(ManagedResourceOperations.scala:31)
	at resource.DeferredExtractableManagedResource.apply(AbstractManagedResource.scala:22)
	at resource.ManagedResourceOperations.acquireAndGet(ManagedResourceOperations.scala:29)
	at resource.ManagedResourceOperations.acquireAndGet$(ManagedResourceOperations.scala:29)
	at resource.DeferredExtractableManagedResource.acquireAndGet(AbstractManagedResource.scala:22)
	at anorm.Sql$.$anonfun$asTry$1(Anorm.scala:263)
	at scala.util.Try$.apply(Try.scala:210)
	at anorm.Sql$.asTry(Anorm.scala:263)
	at anorm.WithResult.asTry(SqlResult.scala:215)
	at anorm.WithResult.asTry$(SqlResult.scala:213)
	at anorm.SimpleSql.asTry(SimpleSql.scala:6)
	at anorm.WithResult.as(SqlResult.scala:205)
	at anorm.WithResult.as$(SqlResult.scala:204)
	at anorm.SimpleSql.as(SimpleSql.scala:6)
	at com.digitalasset.canton.platform.store.backend.common.PackageStorageBackendTemplate.lfPackages(PackageStorageBackendTemplate.scala:54)
	at com.digitalasset.canton.platform.store.dao.JdbcLedgerDao.$anonfun$listLfPackages$1(JdbcLedgerDao.scala:311)
	at com.digitalasset.canton.platform.store.dao.DataSourceConnectionProvider$$anon$1.$anonfun$runSQL$1(HikariJdbcConnectionProvider.scala:80)
	at com.daml.metrics.api.opentelemetry.OpenTelemetryTimer.time(OpenTelemetryMetricsFactory.scala:180)
	at com.daml.metrics.Timed$.value(Timed.scala:18)
	at com.digitalasset.canton.platform.store.dao.DataSourceConnectionProvider$$anon$1.runSQL(HikariJdbcConnectionProvider.scala:80)
	at com.digitalasset.canton.platform.store.dao.DbDispatcherImpl.$anonfun$executeSql$2(DbDispatcher.scala:87)
	at scala.concurrent.Future$.$anonfun$apply$1(Future.scala:687)
	at scala.concurrent.impl.Promise$Transformation.run(Promise.scala:467)
	at com.daml.executors.QueueAwareExecutorService$TrackingRunnable.run(QueueAwareExecutorService.scala:98)
	at com.daml.metrics.InstrumentedExecutorServiceMetrics$InstrumentedExecutorService$InstrumentedRunnable.run(InstrumentedExecutorServiceMetrics.scala:202)
	at java.base/java.util.concurrent.ThreadPoolExecutor.runWorker(ThreadPoolExecutor.java:1136)
	at java.base/java.util.concurrent.ThreadPoolExecutor$Worker.run(ThreadPoolExecutor.java:635)
	at java.base/java.lang.Thread.run(Thread.java:840)
2026-01-20 15:16:39,511 [daml.index.db.threadpool.connection.api-server-0] DEBUG c.d.c.n.g.ApiRequestLogger:participant=participant1 tid:4bb86e086fe5da236433a8277ae5e2e9 - Request c.d.l.a.v.PackageService/GetPackageStatus by /127.0.0.1:50290: received a message 
  Request tid:4bb86e086fe5da236433a8277ae5e2e9
2026-01-20 15:16:39,513 [canton-env-ec-20] INFO  c.d.c.p.a.s.ApiPackageService:participant=participant1 tid:4bb86e086fe5da236433a8277ae5e2e9 - Received request for a package status: GetPackageStatusRequest(participant1,e491352788e56ca4603acc411ffe1a49fefd76ed8b163af86cf5ee5f4c38645b), packageId -> 'e491352788e56ca4603acc411ffe1a49fefd76ed8b163af86cf5ee5f4c38645b'.
2026-01-20 15:16:39,696 [daml.index.db.threadpool.connection.api-server-0] ERROR c.d.c.p.s.d.DbDispatcherImpl:participant=participant1 tid:4bb86e086fe5da236433a8277ae5e2e9 - INDEX_DB_SQL_NON_TRANSIENT_ERROR(4,4bb86e08): Processing the request failed due to a non-transient database error: Table "PACKAGES" not found (this database is empty); SQL statement:

      select packages.package_id, packages.source_description, packages.known_since, packages.package_size
      from packages
      where packages.ledger_offset <= ?
     [42104-210] err-context:{location=DatabaseSelfServiceError.scala:53} 
org.h2.jdbc.JdbcSQLSyntaxErrorException: Table "PACKAGES" not found (this database is empty); SQL statement:

      select packages.package_id, packages.source_description, packages.known_since, packages.package_size
      from packages
      where packages.ledger_offset <= ?
     [42104-210]
	at org.h2.message.DbException.getJdbcSQLException(DbException.java:521)
	at org.h2.message.DbException.getJdbcSQLException(DbException.java:496)
	at org.h2.message.DbException.get(DbException.java:227)
	at org.h2.message.DbException.get(DbException.java:203)
	at org.h2.command.Parser.getTableOrViewNotFoundDbException(Parser.java:8397)
	at org.h2.command.Parser.getTableOrViewNotFoundDbException(Parser.java:8381)
	at org.h2.command.Parser.readTableOrView(Parser.java:8370)
	at org.h2.command.Parser.readTablePrimary(Parser.java:1866)
	at org.h2.command.Parser.readTableReference(Parser.java:2342)
	at org.h2.command.Parser.parseSelectFromPart(Parser.java:2793)
	at org.h2.command.Parser.parseSelect(Parser.java:2900)
	at org.h2.command.Parser.parseQueryPrimary(Parser.java:2783)
	at org.h2.command.Parser.parseQueryTerm(Parser.java:2650)
	at org.h2.command.Parser.parseQueryExpressionBody(Parser.java:2629)
	at org.h2.command.Parser.parseQueryExpressionBodyAndEndOfQuery(Parser.java:2622)
	at org.h2.command.Parser.parseQueryExpression(Parser.java:2615)
	at org.h2.command.Parser.parseQuery(Parser.java:2576)
	at org.h2.command.Parser.parsePrepared(Parser.java:707)
	at org.h2.command.Parser.parse(Parser.java:674)
	at org.h2.command.Parser.parse(Parser.java:644)
	at org.h2.command.Parser.prepareCommand(Parser.java:551)
	at org.h2.engine.SessionLocal.prepareLocal(SessionLocal.java:615)
	at org.h2.engine.SessionLocal.prepareCommand(SessionLocal.java:553)
	at org.h2.jdbc.JdbcConnection.prepareCommand(JdbcConnection.java:1116)
	at org.h2.jdbc.JdbcPreparedStatement.<init>(JdbcPreparedStatement.java:92)
	at org.h2.jdbc.JdbcConnection.prepareStatement(JdbcConnection.java:288)
	at com.zaxxer.hikari.pool.ProxyConnection.prepareStatement(ProxyConnection.java:311)
	at com.zaxxer.hikari.pool.HikariProxyConnection.prepareStatement(HikariProxyConnection.java)
	at anorm.SimpleSql.$anonfun$prepareNoGeneratedKeys$1(SimpleSql.scala:55)
	at anorm.SimpleSql.unsafeStatement(SimpleSql.scala:85)
	at anorm.SimpleSql.unsafeStatement(SimpleSql.scala:68)
	at anorm.Sql.$anonfun$preparedStatement$1(Anorm.scala:77)
	at resource.DefaultManagedResource.open(AbstractManagedResource.scala:107)
	at resource.AbstractManagedResource.acquireFor(AbstractManagedResource.scala:84)
	at resource.ManagedResourceOperations$$anon$1.acquireFor(ManagedResourceOperations.scala:47)
	at resource.DeferredExtractableManagedResource.acquireFor(AbstractManagedResource.scala:25)
	at resource.ManagedResourceOperations.apply(ManagedResourceOperations.scala:31)
	at resource.ManagedResourceOperations.apply$(ManagedResourceOperations.scala:31)
	at resource.DeferredExtractableManagedResource.apply(AbstractManagedResource.scala:22)
	at resource.ManagedResourceOperations.acquireAndGet(ManagedResourceOperations.scala:29)
	at resource.ManagedResourceOperations.acquireAndGet$(ManagedResourceOperations.scala:29)
	at resource.DeferredExtractableManagedResource.acquireAndGet(AbstractManagedResource.scala:22)
	at anorm.Sql$.$anonfun$asTry$1(Anorm.scala:263)
	at scala.util.Try$.apply(Try.scala:210)
	at anorm.Sql$.asTry(Anorm.scala:263)
	at anorm.WithResult.asTry(SqlResult.scala:215)
	at anorm.WithResult.asTry$(SqlResult.scala:213)
	at anorm.SimpleSql.asTry(SimpleSql.scala:6)
	at anorm.WithResult.as(SqlResult.scala:205)
	at anorm.WithResult.as$(SqlResult.scala:204)
	at anorm.SimpleSql.as(SimpleSql.scala:6)
	at com.digitalasset.canton.platform.store.backend.common.PackageStorageBackendTemplate.lfPackages(PackageStorageBackendTemplate.scala:54)
	at com.digitalasset.canton.platform.store.dao.JdbcLedgerDao.$anonfun$listLfPackages$1(JdbcLedgerDao.scala:311)
	at com.digitalasset.canton.platform.store.dao.DataSourceConnectionProvider$$anon$1.$anonfun$runSQL$1(HikariJdbcConnectionProvider.scala:80)
	at com.daml.metrics.api.opentelemetry.OpenTelemetryTimer.time(OpenTelemetryMetricsFactory.scala:180)
	at com.daml.metrics.Timed$.value(Timed.scala:18)
	at com.digitalasset.canton.platform.store.dao.DataSourceConnectionProvider$$anon$1.runSQL(HikariJdbcConnectionProvider.scala:80)
	at com.digitalasset.canton.platform.store.dao.DbDispatcherImpl.$anonfun$executeSql$2(DbDispatcher.scala:87)
	at scala.concurrent.Future$.$anonfun$apply$1(Future.scala:687)
	at scala.concurrent.impl.Promise$Transformation.run(Promise.scala:467)
	at com.daml.executors.QueueAwareExecutorService$TrackingRunnable.run(QueueAwareExecutorService.scala:98)
	at com.daml.metrics.InstrumentedExecutorServiceMetrics$InstrumentedExecutorService$InstrumentedRunnable.run(InstrumentedExecutorServiceMetrics.scala:202)
	at java.base/java.util.concurrent.ThreadPoolExecutor.runWorker(ThreadPoolExecutor.java:1136)
	at java.base/java.util.concurrent.ThreadPoolExecutor$Worker.run(ThreadPoolExecutor.java:635)
	at java.base/java.lang.Thread.run(Thread.java:840)
2026-01-20 15:16:39,695 [canton-env-ec-76] ERROR c.d.c.p.a.s.ApiPackageService:participant=participant1 tid:5d637eb457afe5818c0bd02a617ea318 - Unhandled internal error
com.digitalasset.canton.ledger.error.IndexErrors$IndexDbException: INTERNAL: An error occurred. Please contact the operator and inquire about the request 5d637eb457afe5818c0bd02a617ea318 with tid 5d637eb457afe5818c0bd02a617ea318
2026-01-20 15:16:39,695 [canton-env-ec-26] ERROR c.d.c.p.a.s.ApiPackageService:participant=participant1 tid:2bc8c0e897eef8ab6a9c63682fa6cbef - Unhandled internal error
com.digitalasset.canton.ledger.error.IndexErrors$IndexDbException: INTERNAL: An error occurred. Please contact the operator and inquire about the request 2bc8c0e897eef8ab6a9c63682fa6cbef with tid 2bc8c0e897eef8ab6a9c63682fa6cbef
2026-01-20 15:16:39,722 [canton-env-ec-26] ERROR c.d.c.n.g.ApiRequestLogger:participant=participant1 tid:2bc8c0e897eef8ab6a9c63682fa6cbef - Request c.d.l.a.v.PackageService/GetPackageStatus by /127.0.0.1:50290: failed with INTERNAL/An error occurred. Please contact the operator and inquire about the request 2bc8c0e897eef8ab6a9c63682fa6cbef with tid 2bc8c0e897eef8ab6a9c63682fa6cbef
2026-01-20 15:16:39,695 [canton-env-ec-106] ERROR c.d.c.n.g.ApiRequestLogger:participant=sandbox tid:e7c520b5ccbc852a77c4e9f1b5bc3fad - Request c.d.l.a.v.PackageService/GetPackageStatus by /127.0.0.1:50289: failed with INTERNAL/An error occurred. Please contact the operator and inquire about the request e7c520b5ccbc852a77c4e9f1b5bc3fad with tid e7c520b5ccbc852a77c4e9f1b5bc3fad
2026-01-20 15:16:39,695 [canton-env-ec-104] ERROR c.d.c.p.a.s.ApiPackageService:participant=participant1 tid:7c851ad3ab46d0e2af789564e1fa6cec - Unhandled internal error
com.digitalasset.canton.ledger.error.IndexErrors$IndexDbException: INTERNAL: An error occurred. Please contact the operator and inquire about the request 7c851ad3ab46d0e2af789564e1fa6cec with tid 7c851ad3ab46d0e2af789564e1fa6cec
2026-01-20 15:16:39,722 [canton-env-ec-106] ERROR c.d.c.p.a.s.ApiPackageService:participant=sandbox tid:85515046335310dae88b7f60cf61b27c - Unhandled internal error
com.digitalasset.canton.ledger.error.IndexErrors$IndexDbException: INTERNAL: An error occurred. Please contact the operator and inquire about the request 85515046335310dae88b7f60cf61b27c with tid 85515046335310dae88b7f60cf61b27c
2026-01-20 15:16:39,695 [canton-env-ec-107] ERROR c.d.c.n.g.ApiRequestLogger:participant=sandbox tid:760fe2939e623647630cd6318930db69 - Request c.d.l.a.v.PackageService/GetPackageStatus by /127.0.0.1:50289: failed with INTERNAL/An error occurred. Please contact the operator and inquire about the request 760fe2939e623647630cd6318930db69 with tid 760fe2939e623647630cd6318930db69
2026-01-20 15:16:39,694 [canton-env-ec-28] ERROR c.d.c.p.a.s.ApiPackageService:participant=participant1 tid:f18f0d4ee45a0625b53974ec6afbf6a9 - Unhandled internal error
com.digitalasset.canton.ledger.error.IndexErrors$IndexDbException: INTERNAL: An error occurred. Please contact the operator and inquire about the request f18f0d4ee45a0625b53974ec6afbf6a9 with tid f18f0d4ee45a0625b53974ec6afbf6a9
2026-01-20 15:16:39,723 [canton-env-ec-28] ERROR c.d.c.n.g.ApiRequestLogger:participant=participant1 tid:f18f0d4ee45a0625b53974ec6afbf6a9 - Request c.d.l.a.v.PackageService/GetPackageStatus by /127.0.0.1:50290: failed with INTERNAL/An error occurred. Please contact the operator and inquire about the request f18f0d4ee45a0625b53974ec6afbf6a9 with tid f18f0d4ee45a0625b53974ec6afbf6a9
2026-01-20 15:16:39,694 [canton-env-ec-22] ERROR c.d.c.p.a.s.ApiPackageService:participant=participant1 tid:a2b7ab07cf768c841901dac7889866f5 - Unhandled internal error
com.digitalasset.canton.ledger.error.IndexErrors$IndexDbException: INTERNAL: An error occurred. Please contact the operator and inquire about the request a2b7ab07cf768c841901dac7889866f5 with tid a2b7ab07cf768c841901dac7889866f5
2026-01-20 15:16:39,694 [canton-env-ec-29] ERROR c.d.c.n.g.ApiRequestLogger:participant=participant1 tid:68f4480ee86b218069b097b14c990009 - Request c.d.l.a.v.PackageService/GetPackageStatus by /127.0.0.1:50290: failed with INTERNAL/An error occurred. Please contact the operator and inquire about the request 68f4480ee86b218069b097b14c990009 with tid 68f4480ee86b218069b097b14c990009
2026-01-20 15:16:39,723 [canton-env-ec-22] ERROR c.d.c.n.g.ApiRequestLogger:participant=participant1 tid:a2b7ab07cf768c841901dac7889866f5 - Request c.d.l.a.v.PackageService/GetPackageStatus by /127.0.0.1:50290: failed with INTERNAL/An error occurred. Please contact the operator and inquire about the request a2b7ab07cf768c841901dac7889866f5 with tid a2b7ab07cf768c841901dac7889866f5
2026-01-20 15:16:39,694 [canton-env-ec-20] ERROR c.d.c.n.g.ApiRequestLogger:participant=sandbox tid:f857ec438bfcacb265a752f4225b9ccb - Request c.d.l.a.v.PackageService/GetPackageStatus by /127.0.0.1:50289: failed with INTERNAL/An error occurred. Please contact the operator and inquire about the request f857ec438bfcacb265a752f4225b9ccb with tid f857ec438bfcacb265a752f4225b9ccb
2026-01-20 15:16:39,693 [canton-env-ec-121] ERROR c.d.c.n.g.ApiRequestLogger:participant=participant1 tid:311b442a43376c346fc08cd2141f4cc7 - Request c.d.l.a.v.PackageService/GetPackageStatus by /127.0.0.1:50290: failed with INTERNAL/An error occurred. Please contact the operator and inquire about the request 311b442a43376c346fc08cd2141f4cc7 with tid 311b442a43376c346fc08cd2141f4cc7
2026-01-20 15:16:39,693 [canton-env-ec-112] ERROR c.d.c.n.g.ApiRequestLogger:participant=sandbox tid:29ead61ff37dd66cea4ab079be463daa - Request c.d.l.a.v.PackageService/GetPackageStatus by /127.0.0.1:50289: failed with INTERNAL/An error occurred. Please contact the operator and inquire about the request 29ead61ff37dd66cea4ab079be463daa with tid 29ead61ff37dd66cea4ab079be463daa
2026-01-20 15:16:39,693 [canton-env-ec-21] ERROR c.d.c.n.g.ApiRequestLogger:participant=sandbox tid:ddb0433e758d895cc16ec7bad6842594 - Request c.d.l.a.v.PackageService/GetPackageStatus by /127.0.0.1:50289: failed with INTERNAL/An error occurred. Please contact the operator and inquire about the request ddb0433e758d895cc16ec7bad6842594 with tid ddb0433e758d895cc16ec7bad6842594
2026-01-20 15:16:39,693 [canton-env-ec-32] ERROR c.d.c.n.g.ApiRequestLogger:participant=participant1 tid:24ad5838e60dd7fbb885c42ba70e5db7 - Request c.d.l.a.v.PackageService/GetPackageStatus by /127.0.0.1:50290: failed with INTERNAL/An error occurred. Please contact the operator and inquire about the request 24ad5838e60dd7fbb885c42ba70e5db7 with tid 24ad5838e60dd7fbb885c42ba70e5db7
2026-01-20 15:16:39,509 [daml.index.db.threadpool.connection.api-server-3] DEBUG c.d.c.n.g.ApiRequestLogger:participant=sandbox tid:19445a2ce21e7a937acff2864d156089 - Request c.d.l.a.v.PackageService/GetPackageStatus by /127.0.0.1:50289: received a message 
  Request tid:19445a2ce21e7a937acff2864d156089
2026-01-20 15:16:39,522 [canton-env-ec-28] INFO  c.d.c.p.a.s.ApiPackageService:participant=sandbox tid:19445a2ce21e7a937acff2864d156089 - Received request for a package status: GetPackageStatusRequest(sandbox,38e6274601b21d7202bb995bc5ec147decda5a01b68d57dda422425038772af7), packageId -> '38e6274601b21d7202bb995bc5ec147decda5a01b68d57dda422425038772af7'.
2026-01-20 15:16:39,693 [daml.index.db.threadpool.connection.api-server-3] ERROR c.d.c.p.s.d.DbDispatcherImpl:participant=sandbox tid:19445a2ce21e7a937acff2864d156089 - INDEX_DB_SQL_NON_TRANSIENT_ERROR(4,19445a2c): Processing the request failed due to a non-transient database error: Table "PACKAGES" not found (this database is empty); SQL statement:

      select packages.package_id, packages.source_description, packages.known_since, packages.package_size
      from packages
      where packages.ledger_offset <= ?
     [42104-210] err-context:{location=DatabaseSelfServiceError.scala:53} 
org.h2.jdbc.JdbcSQLSyntaxErrorException: Table "PACKAGES" not found (this database is empty); SQL statement:

      select packages.package_id, packages.source_description, packages.known_since, packages.package_size
      from packages
      where packages.ledger_offset <= ?
     [42104-210]
	at org.h2.message.DbException.getJdbcSQLException(DbException.java:521)
	at org.h2.message.DbException.getJdbcSQLException(DbException.java:496)
	at org.h2.message.DbException.get(DbException.java:227)
	at org.h2.message.DbException.get(DbException.java:203)
	at org.h2.command.Parser.getTableOrViewNotFoundDbException(Parser.java:8397)
	at org.h2.command.Parser.getTableOrViewNotFoundDbException(Parser.java:8381)
	at org.h2.command.Parser.readTableOrView(Parser.java:8370)
	at org.h2.command.Parser.readTablePrimary(Parser.java:1866)
	at org.h2.command.Parser.readTableReference(Parser.java:2342)
	at org.h2.command.Parser.parseSelectFromPart(Parser.java:2793)
	at org.h2.command.Parser.parseSelect(Parser.java:2900)
	at org.h2.command.Parser.parseQueryPrimary(Parser.java:2783)
	at org.h2.command.Parser.parseQueryTerm(Parser.java:2650)
	at org.h2.command.Parser.parseQueryExpressionBody(Parser.java:2629)
	at org.h2.command.Parser.parseQueryExpressionBodyAndEndOfQuery(Parser.java:2622)
	at org.h2.command.Parser.parseQueryExpression(Parser.java:2615)
	at org.h2.command.Parser.parseQuery(Parser.java:2576)
	at org.h2.command.Parser.parsePrepared(Parser.java:707)
	at org.h2.command.Parser.parse(Parser.java:674)
	at org.h2.command.Parser.parse(Parser.java:644)
	at org.h2.command.Parser.prepareCommand(Parser.java:551)
	at org.h2.engine.SessionLocal.prepareLocal(SessionLocal.java:615)
	at org.h2.engine.SessionLocal.prepareCommand(SessionLocal.java:553)
	at org.h2.jdbc.JdbcConnection.prepareCommand(JdbcConnection.java:1116)
	at org.h2.jdbc.JdbcPreparedStatement.<init>(JdbcPreparedStatement.java:92)
	at org.h2.jdbc.JdbcConnection.prepareStatement(JdbcConnection.java:288)
	at com.zaxxer.hikari.pool.ProxyConnection.prepareStatement(ProxyConnection.java:311)
	at com.zaxxer.hikari.pool.HikariProxyConnection.prepareStatement(HikariProxyConnection.java)
	at anorm.SimpleSql.$anonfun$prepareNoGeneratedKeys$1(SimpleSql.scala:55)
	at anorm.SimpleSql.unsafeStatement(SimpleSql.scala:85)
	at anorm.SimpleSql.unsafeStatement(SimpleSql.scala:68)
	at anorm.Sql.$anonfun$preparedStatement$1(Anorm.scala:77)
	at resource.DefaultManagedResource.open(AbstractManagedResource.scala:107)
	at resource.AbstractManagedResource.acquireFor(AbstractManagedResource.scala:84)
	at resource.ManagedResourceOperations$$anon$1.acquireFor(ManagedResourceOperations.scala:47)
	at resource.DeferredExtractableManagedResource.acquireFor(AbstractManagedResource.scala:25)
	at resource.ManagedResourceOperations.apply(ManagedResourceOperations.scala:31)
	at resource.ManagedResourceOperations.apply$(ManagedResourceOperations.scala:31)
	at resource.DeferredExtractableManagedResource.apply(AbstractManagedResource.scala:22)
	at resource.ManagedResourceOperations.acquireAndGet(ManagedResourceOperations.scala:29)
	at resource.ManagedResourceOperations.acquireAndGet$(ManagedResourceOperations.scala:29)
	at resource.DeferredExtractableManagedResource.acquireAndGet(AbstractManagedResource.scala:22)
	at anorm.Sql$.$anonfun$asTry$1(Anorm.scala:263)
	at scala.util.Try$.apply(Try.scala:210)
	at anorm.Sql$.asTry(Anorm.scala:263)
	at anorm.WithResult.asTry(SqlResult.scala:215)
	at anorm.WithResult.asTry$(SqlResult.scala:213)
	at anorm.SimpleSql.asTry(SimpleSql.scala:6)
	at anorm.WithResult.as(SqlResult.scala:205)
	at anorm.WithResult.as$(SqlResult.scala:204)
	at anorm.SimpleSql.as(SimpleSql.scala:6)
	at com.digitalasset.canton.platform.store.backend.common.PackageStorageBackendTemplate.lfPackages(PackageStorageBackendTemplate.scala:54)
	at com.digitalasset.canton.platform.store.dao.JdbcLedgerDao.$anonfun$listLfPackages$1(JdbcLedgerDao.scala:311)
	at com.digitalasset.canton.platform.store.dao.DataSourceConnectionProvider$$anon$1.$anonfun$runSQL$1(HikariJdbcConnectionProvider.scala:80)
	at com.daml.metrics.api.opentelemetry.OpenTelemetryTimer.time(OpenTelemetryMetricsFactory.scala:180)
	at com.daml.metrics.Timed$.value(Timed.scala:18)
	at com.digitalasset.canton.platform.store.dao.DataSourceConnectionProvider$$anon$1.runSQL(HikariJdbcConnectionProvider.scala:80)
	at com.digitalasset.canton.platform.store.dao.DbDispatcherImpl.$anonfun$executeSql$2(DbDispatcher.scala:87)
	at scala.concurrent.Future$.$anonfun$apply$1(Future.scala:687)
	at scala.concurrent.impl.Promise$Transformation.run(Promise.scala:467)
	at com.daml.executors.QueueAwareExecutorService$TrackingRunnable.run(QueueAwareExecutorService.scala:98)
	at com.daml.metrics.InstrumentedExecutorServiceMetrics$InstrumentedExecutorService$InstrumentedRunnable.run(InstrumentedExecutorServiceMetrics.scala:202)
	at java.base/java.util.concurrent.ThreadPoolExecutor.runWorker(ThreadPoolExecutor.java:1136)
	at java.base/java.util.concurrent.ThreadPoolExecutor$Worker.run(ThreadPoolExecutor.java:635)
	at java.base/java.lang.Thread.run(Thread.java:840)
2026-01-20 15:16:39,692 [canton-env-ec-123] ERROR c.d.c.n.g.ApiRequestLogger:participant=participant1 tid:38ab4585fa0ece91e87450f44da98d65 - Request c.d.l.a.v.PackageService/GetPackageStatus by /127.0.0.1:50290: failed with INTERNAL/An error occurred. Please contact the operator and inquire about the request 38ab4585fa0ece91e87450f44da98d65 with tid 38ab4585fa0ece91e87450f44da98d65
2026-01-20 15:16:39,691 [canton-env-ec-120] ERROR c.d.c.n.g.ApiRequestLogger:participant=participant1 tid:7d5ca5c79030169f87dab9c1f48d7f31 - Request c.d.l.a.v.PackageService/GetPackageStatus by /127.0.0.1:50290: failed with INTERNAL/An error occurred. Please contact the operator and inquire about the request 7d5ca5c79030169f87dab9c1f48d7f31 with tid 7d5ca5c79030169f87dab9c1f48d7f31
2026-01-20 15:16:39,726 [canton-env-ec-123] ERROR c.d.c.p.a.s.ApiPackageService:participant=participant1 tid:62e82bfb474bbe01cc94fc4257ae936d - Unhandled internal error
com.digitalasset.canton.ledger.error.IndexErrors$IndexDbException: INTERNAL: An error occurred. Please contact the operator and inquire about the request 62e82bfb474bbe01cc94fc4257ae936d with tid 62e82bfb474bbe01cc94fc4257ae936d
2026-01-20 15:16:39,691 [canton-env-ec-108] ERROR c.d.c.n.g.ApiRequestLogger:participant=sandbox tid:940ea20d7549c085f1af867b28ca3a5b - Request c.d.l.a.v.PackageService/GetPackageStatus by /127.0.0.1:50289: failed with INTERNAL/An error occurred. Please contact the operator and inquire about the request 940ea20d7549c085f1af867b28ca3a5b with tid 940ea20d7549c085f1af867b28ca3a5b
2026-01-20 15:16:39,691 [canton-env-ec-67] ERROR c.d.c.n.g.ApiRequestLogger:participant=sandbox tid:6071ae04dfbe24058280dd11051483a1 - Request c.d.l.a.v.PackageService/GetPackageStatus by /127.0.0.1:50289: failed with INTERNAL/An error occurred. Please contact the operator and inquire about the request 6071ae04dfbe24058280dd11051483a1 with tid 6071ae04dfbe24058280dd11051483a1
2026-01-20 15:16:39,726 [canton-env-ec-108] ERROR c.d.c.p.a.s.ApiPackageService:participant=sandbox tid:e0f4783b9f8632d53afe29aee6589211 - Unhandled internal error
com.digitalasset.canton.ledger.error.IndexErrors$IndexDbException: INTERNAL: An error occurred. Please contact the operator and inquire about the request e0f4783b9f8632d53afe29aee6589211 with tid e0f4783b9f8632d53afe29aee6589211
2026-01-20 15:16:39,726 [canton-env-ec-108] ERROR c.d.c.n.g.ApiRequestLogger:participant=sandbox tid:e0f4783b9f8632d53afe29aee6589211 - Request c.d.l.a.v.PackageService/GetPackageStatus by /127.0.0.1:50289: failed with INTERNAL/An error occurred. Please contact the operator and inquire about the request e0f4783b9f8632d53afe29aee6589211 with tid e0f4783b9f8632d53afe29aee6589211
2026-01-20 15:16:39,509 [daml.index.db.threadpool.connection.api-server-3] DEBUG c.d.c.n.g.ApiRequestLogger:participant=participant1 tid:9f07331a2cf802dc3b0ff5095f5c4a8c - Request c.d.l.a.v.PackageService/GetPackageStatus by /127.0.0.1:50290: received a message 
  Request tid:9f07331a2cf802dc3b0ff5095f5c4a8c
2026-01-20 15:16:39,511 [canton-env-ec-123] INFO  c.d.c.p.a.s.ApiPackageService:participant=participant1 tid:9f07331a2cf802dc3b0ff5095f5c4a8c - Received request for a package status: GetPackageStatusRequest(participant1,97b883cd8a2b7f49f90d5d39c981cf6e110cf1f1c64427a28a6d58ec88c43657), packageId -> '97b883cd8a2b7f49f90d5d39c981cf6e110cf1f1c64427a28a6d58ec88c43657'.
2026-01-20 15:16:39,691 [daml.index.db.threadpool.connection.api-server-3] ERROR c.d.c.p.s.d.DbDispatcherImpl:participant=participant1 tid:9f07331a2cf802dc3b0ff5095f5c4a8c - INDEX_DB_SQL_NON_TRANSIENT_ERROR(4,9f07331a): Processing the request failed due to a non-transient database error: Table "PACKAGES" not found (this database is empty); SQL statement:

      select packages.package_id, packages.source_description, packages.known_since, packages.package_size
      from packages
      where packages.ledger_offset <= ?
     [42104-210] err-context:{location=DatabaseSelfServiceError.scala:53} 
org.h2.jdbc.JdbcSQLSyntaxErrorException: Table "PACKAGES" not found (this database is empty); SQL statement:

      select packages.package_id, packages.source_description, packages.known_since, packages.package_size
      from packages
      where packages.ledger_offset <= ?
     [42104-210]
	at org.h2.message.DbException.getJdbcSQLException(DbException.java:521)
	at org.h2.message.DbException.getJdbcSQLException(DbException.java:496)
	at org.h2.message.DbException.get(DbException.java:227)
	at org.h2.message.DbException.get(DbException.java:203)
	at org.h2.command.Parser.getTableOrViewNotFoundDbException(Parser.java:8397)
	at org.h2.command.Parser.getTableOrViewNotFoundDbException(Parser.java:8381)
	at org.h2.command.Parser.readTableOrView(Parser.java:8370)
	at org.h2.command.Parser.readTablePrimary(Parser.java:1866)
	at org.h2.command.Parser.readTableReference(Parser.java:2342)
	at org.h2.command.Parser.parseSelectFromPart(Parser.java:2793)
	at org.h2.command.Parser.parseSelect(Parser.java:2900)
	at org.h2.command.Parser.parseQueryPrimary(Parser.java:2783)
	at org.h2.command.Parser.parseQueryTerm(Parser.java:2650)
	at org.h2.command.Parser.parseQueryExpressionBody(Parser.java:2629)
	at org.h2.command.Parser.parseQueryExpressionBodyAndEndOfQuery(Parser.java:2622)
	at org.h2.command.Parser.parseQueryExpression(Parser.java:2615)
	at org.h2.command.Parser.parseQuery(Parser.java:2576)
	at org.h2.command.Parser.parsePrepared(Parser.java:707)
	at org.h2.command.Parser.parse(Parser.java:674)
	at org.h2.command.Parser.parse(Parser.java:644)
	at org.h2.command.Parser.prepareCommand(Parser.java:551)
	at org.h2.engine.SessionLocal.prepareLocal(SessionLocal.java:615)
	at org.h2.engine.SessionLocal.prepareCommand(SessionLocal.java:553)
	at org.h2.jdbc.JdbcConnection.prepareCommand(JdbcConnection.java:1116)
	at org.h2.jdbc.JdbcPreparedStatement.<init>(JdbcPreparedStatement.java:92)
	at org.h2.jdbc.JdbcConnection.prepareStatement(JdbcConnection.java:288)
	at com.zaxxer.hikari.pool.ProxyConnection.prepareStatement(ProxyConnection.java:311)
	at com.zaxxer.hikari.pool.HikariProxyConnection.prepareStatement(HikariProxyConnection.java)
	at anorm.SimpleSql.$anonfun$prepareNoGeneratedKeys$1(SimpleSql.scala:55)
	at anorm.SimpleSql.unsafeStatement(SimpleSql.scala:85)
	at anorm.SimpleSql.unsafeStatement(SimpleSql.scala:68)
	at anorm.Sql.$anonfun$preparedStatement$1(Anorm.scala:77)
	at resource.DefaultManagedResource.open(AbstractManagedResource.scala:107)
	at resource.AbstractManagedResource.acquireFor(AbstractManagedResource.scala:84)
	at resource.ManagedResourceOperations$$anon$1.acquireFor(ManagedResourceOperations.scala:47)
	at resource.DeferredExtractableManagedResource.acquireFor(AbstractManagedResource.scala:25)
	at resource.ManagedResourceOperations.apply(ManagedResourceOperations.scala:31)
	at resource.ManagedResourceOperations.apply$(ManagedResourceOperations.scala:31)
	at resource.DeferredExtractableManagedResource.apply(AbstractManagedResource.scala:22)
	at resource.ManagedResourceOperations.acquireAndGet(ManagedResourceOperations.scala:29)
	at resource.ManagedResourceOperations.acquireAndGet$(ManagedResourceOperations.scala:29)
	at resource.DeferredExtractableManagedResource.acquireAndGet(AbstractManagedResource.scala:22)
	at anorm.Sql$.$anonfun$asTry$1(Anorm.scala:263)
	at scala.util.Try$.apply(Try.scala:210)
	at anorm.Sql$.asTry(Anorm.scala:263)
	at anorm.WithResult.asTry(SqlResult.scala:215)
	at anorm.WithResult.asTry$(SqlResult.scala:213)
	at anorm.SimpleSql.asTry(SimpleSql.scala:6)
	at anorm.WithResult.as(SqlResult.scala:205)
	at anorm.WithResult.as$(SqlResult.scala:204)
	at anorm.SimpleSql.as(SimpleSql.scala:6)
	at com.digitalasset.canton.platform.store.backend.common.PackageStorageBackendTemplate.lfPackages(PackageStorageBackendTemplate.scala:54)
	at com.digitalasset.canton.platform.store.dao.JdbcLedgerDao.$anonfun$listLfPackages$1(JdbcLedgerDao.scala:311)
	at com.digitalasset.canton.platform.store.dao.DataSourceConnectionProvider$$anon$1.$anonfun$runSQL$1(HikariJdbcConnectionProvider.scala:80)
	at com.daml.metrics.api.opentelemetry.OpenTelemetryTimer.time(OpenTelemetryMetricsFactory.scala:180)
	at com.daml.metrics.Timed$.value(Timed.scala:18)
	at com.digitalasset.canton.platform.store.dao.DataSourceConnectionProvider$$anon$1.runSQL(HikariJdbcConnectionProvider.scala:80)
	at com.digitalasset.canton.platform.store.dao.DbDispatcherImpl.$anonfun$executeSql$2(DbDispatcher.scala:87)
	at scala.concurrent.Future$.$anonfun$apply$1(Future.scala:687)
	at scala.concurrent.impl.Promise$Transformation.run(Promise.scala:467)
	at com.daml.executors.QueueAwareExecutorService$TrackingRunnable.run(QueueAwareExecutorService.scala:98)
	at com.daml.metrics.InstrumentedExecutorServiceMetrics$InstrumentedExecutorService$InstrumentedRunnable.run(InstrumentedExecutorServiceMetrics.scala:202)
	at java.base/java.util.concurrent.ThreadPoolExecutor.runWorker(ThreadPoolExecutor.java:1136)
	at java.base/java.util.concurrent.ThreadPoolExecutor$Worker.run(ThreadPoolExecutor.java:635)
	at java.base/java.lang.Thread.run(Thread.java:840)
2026-01-20 15:16:39,691 [canton-env-ec-30] ERROR c.d.c.n.g.ApiRequestLogger:participant=sandbox tid:d8b020abcaa6f4535e46f2812fdd5eb8 - Request c.d.l.a.v.PackageService/GetPackageStatus by /127.0.0.1:50289: failed with INTERNAL/An error occurred. Please contact the operator and inquire about the request d8b020abcaa6f4535e46f2812fdd5eb8 with tid d8b020abcaa6f4535e46f2812fdd5eb8
2026-01-20 15:16:39,691 [canton-env-ec-110] ERROR c.d.c.n.g.ApiRequestLogger:participant=sandbox tid:e1c0f266a790b97a166edaa45d9e820b - Request c.d.l.a.v.PackageService/GetPackageStatus by /127.0.0.1:50289: failed with INTERNAL/An error occurred. Please contact the operator and inquire about the request e1c0f266a790b97a166edaa45d9e820b with tid e1c0f266a790b97a166edaa45d9e820b
2026-01-20 15:16:39,691 [canton-env-ec-113] ERROR c.d.c.p.a.s.ApiPackageService:participant=sandbox tid:5ce2e0ed5fbf3fa5dfb4a9a547e4151f - Unhandled internal error
com.digitalasset.canton.ledger.error.IndexErrors$IndexDbException: INTERNAL: An error occurred. Please contact the operator and inquire about the request 5ce2e0ed5fbf3fa5dfb4a9a547e4151f with tid 5ce2e0ed5fbf3fa5dfb4a9a547e4151f
2026-01-20 15:16:39,728 [canton-env-ec-110] ERROR c.d.c.p.a.s.ApiPackageService:participant=participant1 tid:9f07331a2cf802dc3b0ff5095f5c4a8c - Unhandled internal error
com.digitalasset.canton.ledger.error.IndexErrors$IndexDbException: INTERNAL: An error occurred. Please contact the operator and inquire about the request 9f07331a2cf802dc3b0ff5095f5c4a8c with tid 9f07331a2cf802dc3b0ff5095f5c4a8c
2026-01-20 15:16:39,727 [canton-env-ec-108] ERROR c.d.c.p.a.s.ApiPackageService:participant=participant1 tid:4bb86e086fe5da236433a8277ae5e2e9 - Unhandled internal error
com.digitalasset.canton.ledger.error.IndexErrors$IndexDbException: INTERNAL: An error occurred. Please contact the operator and inquire about the request 4bb86e086fe5da236433a8277ae5e2e9 with tid 4bb86e086fe5da236433a8277ae5e2e9
2026-01-20 15:16:39,728 [canton-env-ec-108] ERROR c.d.c.n.g.ApiRequestLogger:participant=participant1 tid:4bb86e086fe5da236433a8277ae5e2e9 - Request c.d.l.a.v.PackageService/GetPackageStatus by /127.0.0.1:50290: failed with INTERNAL/An error occurred. Please contact the operator and inquire about the request 4bb86e086fe5da236433a8277ae5e2e9 with tid 4bb86e086fe5da236433a8277ae5e2e9
2026-01-20 15:16:39,726 [canton-env-ec-67] ERROR c.d.c.p.a.s.ApiPackageService:participant=sandbox tid:19445a2ce21e7a937acff2864d156089 - Unhandled internal error
com.digitalasset.canton.ledger.error.IndexErrors$IndexDbException: INTERNAL: An error occurred. Please contact the operator and inquire about the request 19445a2ce21e7a937acff2864d156089 with tid 19445a2ce21e7a937acff2864d156089
2026-01-20 15:16:39,729 [canton-env-ec-67] ERROR c.d.c.n.g.ApiRequestLogger:participant=sandbox tid:19445a2ce21e7a937acff2864d156089 - Request c.d.l.a.v.PackageService/GetPackageStatus by /127.0.0.1:50289: failed with INTERNAL/An error occurred. Please contact the operator and inquire about the request 19445a2ce21e7a937acff2864d156089 with tid 19445a2ce21e7a937acff2864d156089
2026-01-20 15:16:39,726 [canton-env-ec-123] ERROR c.d.c.n.g.ApiRequestLogger:participant=participant1 tid:62e82bfb474bbe01cc94fc4257ae936d - Request c.d.l.a.v.PackageService/GetPackageStatus by /127.0.0.1:50290: failed with INTERNAL/An error occurred. Please contact the operator and inquire about the request 62e82bfb474bbe01cc94fc4257ae936d with tid 62e82bfb474bbe01cc94fc4257ae936d
2026-01-20 15:16:39,726 [canton-env-ec-120] ERROR c.d.c.p.a.s.ApiPackageService:participant=sandbox tid:302bb9a20d2bfb010de1fa40ac430da5 - Unhandled internal error
com.digitalasset.canton.ledger.error.IndexErrors$IndexDbException: INTERNAL: An error occurred. Please contact the operator and inquire about the request 302bb9a20d2bfb010de1fa40ac430da5 with tid 302bb9a20d2bfb010de1fa40ac430da5
2026-01-20 15:16:39,729 [canton-env-ec-120] ERROR c.d.c.n.g.ApiRequestLogger:participant=sandbox tid:302bb9a20d2bfb010de1fa40ac430da5 - Request c.d.l.a.v.PackageService/GetPackageStatus by /127.0.0.1:50289: failed with INTERNAL/An error occurred. Please contact the operator and inquire about the request 302bb9a20d2bfb010de1fa40ac430da5 with tid 302bb9a20d2bfb010de1fa40ac430da5
2026-01-20 15:16:39,724 [canton-env-ec-21] ERROR c.d.c.p.a.s.ApiPackageService:participant=participant1 tid:ab395d9b79f1ad76d4a39ef7a1027e7e - Unhandled internal error
com.digitalasset.canton.ledger.error.IndexErrors$IndexDbException: INTERNAL: An error occurred. Please contact the operator and inquire about the request ab395d9b79f1ad76d4a39ef7a1027e7e with tid ab395d9b79f1ad76d4a39ef7a1027e7e
2026-01-20 15:16:39,724 [canton-env-ec-112] ERROR c.d.c.p.a.s.ApiPackageService:participant=sandbox tid:9d7b524787baa496cb55e74d6ed8d091 - Unhandled internal error
com.digitalasset.canton.ledger.error.IndexErrors$IndexDbException: INTERNAL: An error occurred. Please contact the operator and inquire about the request 9d7b524787baa496cb55e74d6ed8d091 with tid 9d7b524787baa496cb55e74d6ed8d091
2026-01-20 15:16:39,724 [canton-env-ec-20] ERROR c.d.c.p.a.s.ApiPackageService:participant=participant1 tid:36cdaf786bee21d34ca823411628f578 - Unhandled internal error
com.digitalasset.canton.ledger.error.IndexErrors$IndexDbException: INTERNAL: An error occurred. Please contact the operator and inquire about the request 36cdaf786bee21d34ca823411628f578 with tid 36cdaf786bee21d34ca823411628f578
2026-01-20 15:16:39,723 [canton-env-ec-29] ERROR c.d.c.p.a.s.ApiPackageService:participant=participant1 tid:fccb5bde5a55cef3d5066e45d87874a9 - Unhandled internal error
com.digitalasset.canton.ledger.error.IndexErrors$IndexDbException: INTERNAL: An error occurred. Please contact the operator and inquire about the request fccb5bde5a55cef3d5066e45d87874a9 with tid fccb5bde5a55cef3d5066e45d87874a9
2026-01-20 15:16:39,731 [canton-env-ec-29] ERROR c.d.c.n.g.ApiRequestLogger:participant=participant1 tid:fccb5bde5a55cef3d5066e45d87874a9 - Request c.d.l.a.v.PackageService/GetPackageStatus by /127.0.0.1:50290: failed with INTERNAL/An error occurred. Please contact the operator and inquire about the request fccb5bde5a55cef3d5066e45d87874a9 with tid fccb5bde5a55cef3d5066e45d87874a9
2026-01-20 15:16:39,723 [canton-env-ec-28] ERROR c.d.c.p.a.s.ApiPackageService:participant=participant1 tid:0cab0cc264425916b444de07f2def08d - Unhandled internal error
com.digitalasset.canton.ledger.error.IndexErrors$IndexDbException: INTERNAL: An error occurred. Please contact the operator and inquire about the request 0cab0cc264425916b444de07f2def08d with tid 0cab0cc264425916b444de07f2def08d
2026-01-20 15:16:39,723 [canton-env-ec-107] ERROR c.d.c.p.a.s.ApiPackageService:participant=sandbox tid:592d4f0f04e832df65be3171383e9d00 - Unhandled internal error
com.digitalasset.canton.ledger.error.IndexErrors$IndexDbException: INTERNAL: An error occurred. Please contact the operator and inquire about the request 592d4f0f04e832df65be3171383e9d00 with tid 592d4f0f04e832df65be3171383e9d00
2026-01-20 15:16:39,722 [canton-env-ec-106] ERROR c.d.c.n.g.ApiRequestLogger:participant=sandbox tid:85515046335310dae88b7f60cf61b27c - Request c.d.l.a.v.PackageService/GetPackageStatus by /127.0.0.1:50289: failed with INTERNAL/An error occurred. Please contact the operator and inquire about the request 85515046335310dae88b7f60cf61b27c with tid 85515046335310dae88b7f60cf61b27c
2026-01-20 15:16:39,732 [canton-env-ec-107] ERROR c.d.c.n.g.ApiRequestLogger:participant=sandbox tid:592d4f0f04e832df65be3171383e9d00 - Request c.d.l.a.v.PackageService/GetPackageStatus by /127.0.0.1:50289: failed with INTERNAL/An error occurred. Please contact the operator and inquire about the request 592d4f0f04e832df65be3171383e9d00 with tid 592d4f0f04e832df65be3171383e9d00
2026-01-20 15:16:39,722 [canton-env-ec-104] ERROR c.d.c.n.g.ApiRequestLogger:participant=participant1 tid:7c851ad3ab46d0e2af789564e1fa6cec - Request c.d.l.a.v.PackageService/GetPackageStatus by /127.0.0.1:50290: failed with INTERNAL/An error occurred. Please contact the operator and inquire about the request 7c851ad3ab46d0e2af789564e1fa6cec with tid 7c851ad3ab46d0e2af789564e1fa6cec
2026-01-20 15:16:39,722 [canton-env-ec-26] ERROR c.d.c.p.a.s.ApiPackageService:participant=participant1 tid:0606f0103d451ea85864a56bac36a488 - Unhandled internal error
com.digitalasset.canton.ledger.error.IndexErrors$IndexDbException: INTERNAL: An error occurred. Please contact the operator and inquire about the request 0606f0103d451ea85864a56bac36a488 with tid 0606f0103d451ea85864a56bac36a488
2026-01-20 15:16:39,722 [canton-env-ec-111] ERROR c.d.c.p.a.s.ApiPackageService:participant=participant1 tid:0ba28067b1faf16ad03d8d7e7166b659 - Unhandled internal error
com.digitalasset.canton.ledger.error.IndexErrors$IndexDbException: INTERNAL: An error occurred. Please contact the operator and inquire about the request 0ba28067b1faf16ad03d8d7e7166b659 with tid 0ba28067b1faf16ad03d8d7e7166b659
2026-01-20 15:16:39,722 [canton-env-ec-117] ERROR c.d.c.p.a.s.ApiPackageService:participant=participant1 tid:e0bfd29a3c79c232ec815bf123090f80 - Unhandled internal error
com.digitalasset.canton.ledger.error.IndexErrors$IndexDbException: INTERNAL: An error occurred. Please contact the operator and inquire about the request e0bfd29a3c79c232ec815bf123090f80 with tid e0bfd29a3c79c232ec815bf123090f80
2026-01-20 15:16:39,722 [canton-env-ec-76] ERROR c.d.c.n.g.ApiRequestLogger:participant=participant1 tid:5d637eb457afe5818c0bd02a617ea318 - Request c.d.l.a.v.PackageService/GetPackageStatus by /127.0.0.1:50290: failed with INTERNAL/An error occurred. Please contact the operator and inquire about the request 5d637eb457afe5818c0bd02a617ea318 with tid 5d637eb457afe5818c0bd02a617ea318
2026-01-20 15:16:39,733 [canton-env-ec-117] ERROR c.d.c.n.g.ApiRequestLogger:participant=participant1 tid:e0bfd29a3c79c232ec815bf123090f80 - Request c.d.l.a.v.PackageService/GetPackageStatus by /127.0.0.1:50290: failed with INTERNAL/An error occurred. Please contact the operator and inquire about the request e0bfd29a3c79c232ec815bf123090f80 with tid e0bfd29a3c79c232ec815bf123090f80
2026-01-20 15:16:39,733 [canton-env-ec-111] ERROR c.d.c.n.g.ApiRequestLogger:participant=participant1 tid:0ba28067b1faf16ad03d8d7e7166b659 - Request c.d.l.a.v.PackageService/GetPackageStatus by /127.0.0.1:50290: failed with INTERNAL/An error occurred. Please contact the operator and inquire about the request 0ba28067b1faf16ad03d8d7e7166b659 with tid 0ba28067b1faf16ad03d8d7e7166b659
2026-01-20 15:16:39,733 [canton-env-ec-26] ERROR c.d.c.n.g.ApiRequestLogger:participant=participant1 tid:0606f0103d451ea85864a56bac36a488 - Request c.d.l.a.v.PackageService/GetPackageStatus by /127.0.0.1:50290: failed with INTERNAL/An error occurred. Please contact the operator and inquire about the request 0606f0103d451ea85864a56bac36a488 with tid 0606f0103d451ea85864a56bac36a488
2026-01-20 15:16:39,731 [canton-env-ec-28] ERROR c.d.c.n.g.ApiRequestLogger:participant=participant1 tid:0cab0cc264425916b444de07f2def08d - Request c.d.l.a.v.PackageService/GetPackageStatus by /127.0.0.1:50290: failed with INTERNAL/An error occurred. Please contact the operator and inquire about the request 0cab0cc264425916b444de07f2def08d with tid 0cab0cc264425916b444de07f2def08d
2026-01-20 15:16:39,730 [canton-env-ec-20] ERROR c.d.c.n.g.ApiRequestLogger:participant=participant1 tid:36cdaf786bee21d34ca823411628f578 - Request c.d.l.a.v.PackageService/GetPackageStatus by /127.0.0.1:50290: failed with INTERNAL/An error occurred. Please contact the operator and inquire about the request 36cdaf786bee21d34ca823411628f578 with tid 36cdaf786bee21d34ca823411628f578
2026-01-20 15:16:39,734 [canton-env-ec-107] INFO  c.d.c.n.g.ApiRequestLogger:participant=sandbox tid:9d7b524787baa496cb55e74d6ed8d091 - Request c.d.l.a.v.PackageService/GetPackageStatus by /127.0.0.1:50289: cancelled. Cancellations can be caused by timeouts, explicit cancellation by the client, network errors, etc.
2026-01-20 15:16:39,730 [canton-env-ec-112] ERROR c.d.c.n.g.ApiRequestLogger:participant=sandbox tid:9d7b524787baa496cb55e74d6ed8d091 - Request c.d.l.a.v.PackageService/GetPackageStatus by /127.0.0.1:50289: failed with INTERNAL/An error occurred. Please contact the operator and inquire about the request 9d7b524787baa496cb55e74d6ed8d091 with tid 9d7b524787baa496cb55e74d6ed8d091
2026-01-20 15:16:39,730 [canton-env-ec-21] ERROR c.d.c.n.g.ApiRequestLogger:participant=participant1 tid:ab395d9b79f1ad76d4a39ef7a1027e7e - Request c.d.l.a.v.PackageService/GetPackageStatus by /127.0.0.1:50290: failed with INTERNAL/An error occurred. Please contact the operator and inquire about the request ab395d9b79f1ad76d4a39ef7a1027e7e with tid ab395d9b79f1ad76d4a39ef7a1027e7e
2026-01-20 15:16:39,728 [canton-env-ec-110] ERROR c.d.c.n.g.ApiRequestLogger:participant=participant1 tid:9f07331a2cf802dc3b0ff5095f5c4a8c - Request c.d.l.a.v.PackageService/GetPackageStatus by /127.0.0.1:50290: failed with INTERNAL/An error occurred. Please contact the operator and inquire about the request 9f07331a2cf802dc3b0ff5095f5c4a8c with tid 9f07331a2cf802dc3b0ff5095f5c4a8c
2026-01-20 15:16:39,728 [canton-env-ec-113] ERROR c.d.c.n.g.ApiRequestLogger:participant=sandbox tid:5ce2e0ed5fbf3fa5dfb4a9a547e4151f - Request c.d.l.a.v.PackageService/GetPackageStatus by /127.0.0.1:50289: failed with INTERNAL/An error occurred. Please contact the operator and inquire about the request 5ce2e0ed5fbf3fa5dfb4a9a547e4151f with tid 5ce2e0ed5fbf3fa5dfb4a9a547e4151f
2026-01-20 15:29:13,493 [canton-env-ec-32] WARN  c.d.c.a.AuthServiceJWT:participant=sandbox tid:5d24f2e0bee944cc7d94a528814d2878 - Authorization error: Could not verify JWT token: token lifetime (2026-01-21T23:29:13Z) too long
2026-01-20 15:29:13,497 [canton-env-ec-29] DEBUG c.d.c.n.g.ApiRequestLogger:participant=sandbox tid:5d24f2e0bee944cc7d94a528814d2878 - Request c.d.l.a.v.a.UserManagementService/GetUser by /127.0.0.1:51731: received a message 
  Request tid:5d24f2e0bee944cc7d94a528814d2878
2026-01-20 15:29:13,504 [canton-env-ec-29] WARN  c.d.c.a.Authorizer:participant=sandbox tid:5d24f2e0bee944cc7d94a528814d2878 - UNAUTHENTICATED(6,5d24f2e0): The command is missing a (valid) JWT token err-context:{location=Authorizer.scala:177} 
2026-01-20 15:29:13,532 [canton-env-ec-29] WARN  c.d.c.a.AuthServiceJWT:participant=sandbox tid:2abbd5306393cd400d43020caa2dc5b2 - Authorization error: Could not verify JWT token: token lifetime (2026-01-21T23:29:13Z) too long
2026-01-20 15:29:13,545 [canton-env-ec-21] DEBUG c.d.c.n.g.ApiRequestLogger:participant=sandbox tid:2abbd5306393cd400d43020caa2dc5b2 - Request c.d.l.a.v.a.PartyManagementService/AllocateParty by /127.0.0.1:51731: received a message 
  Request tid:2abbd5306393cd400d43020caa2dc5b2
2026-01-20 15:29:13,548 [canton-env-ec-21] WARN  c.d.c.a.Authorizer:participant=sandbox tid:2abbd5306393cd400d43020caa2dc5b2 - UNAUTHENTICATED(6,2abbd530): The command is missing a (valid) JWT token err-context:{location=Authorizer.scala:177} 
2026-01-20 15:30:37,247 [canton-env-ec-26] WARN  c.d.c.a.AuthInterceptor:participant=sandbox tid:2a42db5f66463db67547ec989a87836c - PERMISSION_DENIED(7,2a42db5f): Could not resolve is_deactivated status for user 'ledger-api-user' and identity_provider_id 'Default' due to 'UserNotFound(ledger-api-user)' err-context:{location=UserBasedClaimResolver.scala:105} 
2026-01-20 15:30:37,269 [canton-env-ec-26] WARN  c.d.c.a.AuthInterceptor:participant=sandbox tid:d9c6f8ce5cac2cc8ec521052820dad20 - PERMISSION_DENIED(7,d9c6f8ce): Could not resolve is_deactivated status for user 'ledger-api-user' and identity_provider_id 'Default' due to 'UserNotFound(ledger-api-user)' err-context:{location=UserBasedClaimResolver.scala:105} 
2026-01-20 15:31:20,047 [canton-env-ec-29] WARN  c.d.c.a.AuthInterceptor:participant=sandbox tid:0211adfef91ecc9c1fdaa7ea5364f374 - PERMISSION_DENIED(7,0211adfe): Could not resolve is_deactivated status for user 'ledger-api-user' and identity_provider_id 'Default' due to 'UserNotFound(ledger-api-user)' err-context:{location=UserBasedClaimResolver.scala:105} 
2026-01-20 15:31:20,069 [canton-env-ec-23] WARN  c.d.c.a.AuthInterceptor:participant=sandbox tid:4fca0d455c4173b25e67384e1970eee0 - PERMISSION_DENIED(7,4fca0d45): Could not resolve is_deactivated status for user 'ledger-api-user' and identity_provider_id 'Default' due to 'UserNotFound(ledger-api-user)' err-context:{location=UserBasedClaimResolver.scala:105} 
2026-01-20 15:33:25,496 [canton-env-ec-21] WARN  c.d.c.a.AuthInterceptor:participant=sandbox tid:77de9b37afdc0e1629d2814312ba8897 - PERMISSION_DENIED(7,77de9b37): Could not resolve is_deactivated status for user 'ledger-api-user' and identity_provider_id 'Default' due to 'UserNotFound(ledger-api-user)' err-context:{location=UserBasedClaimResolver.scala:105} 
2026-01-20 15:33:25,527 [canton-env-ec-21] WARN  c.d.c.a.AuthInterceptor:participant=sandbox tid:7ce96749d6edb749d90e0e6f5c7c1d9b - PERMISSION_DENIED(7,7ce96749): Could not resolve is_deactivated status for user 'ledger-api-user' and identity_provider_id 'Default' due to 'UserNotFound(ledger-api-user)' err-context:{location=UserBasedClaimResolver.scala:105} 
2026-01-20 15:36:25,160 [canton-env-ec-28] WARN  c.d.c.a.AuthInterceptor:participant=sandbox tid:e3c45aa851aeecc8762893da2883c866 - PERMISSION_DENIED(7,e3c45aa8): Could not resolve is_deactivated status for user 'ledger-api-user' and identity_provider_id 'Default' due to 'UserNotFound(ledger-api-user)' err-context:{location=UserBasedClaimResolver.scala:105} 
2026-01-20 15:36:25,190 [canton-env-ec-22] WARN  c.d.c.a.AuthInterceptor:participant=sandbox tid:9c568f1573a1cce553fddeeb31cda4e6 - PERMISSION_DENIED(7,9c568f15): Could not resolve is_deactivated status for user 'ledger-api-user' and identity_provider_id 'Default' due to 'UserNotFound(ledger-api-user)' err-context:{location=UserBasedClaimResolver.scala:105} 
2026-01-20 15:37:38,281 [canton-env-ec-29] WARN  c.d.c.a.AuthInterceptor:participant=sandbox tid:e689d42441c30fb7bf373b0ef737ba57 - PERMISSION_DENIED(7,e689d424): Could not resolve is_deactivated status for user 'ledger-api-user' and identity_provider_id 'Default' due to 'UserNotFound(ledger-api-user)' err-context:{location=UserBasedClaimResolver.scala:105} 
2026-01-20 15:37:38,314 [canton-env-ec-33] WARN  c.d.c.a.AuthInterceptor:participant=sandbox tid:5a25b4bf8de2ec4e60d996308d8193a9 - PERMISSION_DENIED(7,5a25b4bf): Could not resolve is_deactivated status for user 'ledger-api-user' and identity_provider_id 'Default' due to 'UserNotFound(ledger-api-user)' err-context:{location=UserBasedClaimResolver.scala:105} 
2026-01-20 15:38:39,003 [canton-env-ec-29] WARN  c.d.c.a.AuthInterceptor:participant=sandbox tid:ec94073f44a576a225501ec6d1d63c9c - PERMISSION_DENIED(7,ec94073f): Could not resolve is_deactivated status for user 'ledger-api-user' and identity_provider_id 'Default' due to 'UserNotFound(ledger-api-user)' err-context:{location=UserBasedClaimResolver.scala:105} 
2026-01-20 15:39:48,410 [canton-env-ec-21] WARN  c.d.c.a.AuthInterceptor:participant=sandbox tid:8824b9991a26f82085651e49d33b6550 - PERMISSION_DENIED(7,8824b999): Could not resolve is_deactivated status for user 'ledger-api-user' and identity_provider_id 'Default' due to 'UserNotFound(ledger-api-user)' err-context:{location=UserBasedClaimResolver.scala:105} 
2026-01-20 15:43:07,852 [canton-env-ec-29] WARN  c.d.c.a.AuthInterceptor:participant=sandbox tid:b68ac2df074331bbe78843003c0c7093 - PERMISSION_DENIED(7,b68ac2df): Could not resolve is_deactivated status for user 'ledger-api-user' and identity_provider_id 'Default' due to 'UserNotFound(ledger-api-user)' err-context:{location=UserBasedClaimResolver.scala:105} 
2026-01-20 15:43:17,765 [canton-env-ec-23] WARN  c.d.c.a.AuthInterceptor:participant=sandbox tid:1b984360264b2f348bfd5dee50a9a3ff - PERMISSION_DENIED(7,1b984360): Could not resolve is_deactivated status for user 'ledger-api-user' and identity_provider_id 'Default' due to 'UserNotFound(ledger-api-user)' err-context:{location=UserBasedClaimResolver.scala:105} 
2026-01-20 15:44:06,302 [canton-env-ec-26] WARN  c.d.c.a.AuthInterceptor:participant=sandbox tid:1b5d9839929ce7abd3f8b6ec24781787 - PERMISSION_DENIED(7,1b5d9839): Could not resolve is_deactivated status for user 'ledger-api-user' and identity_provider_id 'Default' due to 'UserNotFound(ledger-api-user)' err-context:{location=UserBasedClaimResolver.scala:105} 
2026-01-20 15:44:17,122 [canton-env-ec-30] WARN  c.d.c.a.AuthInterceptor:participant=sandbox tid:e246c7e0084cbc4c034efa27fdcf7c0b - PERMISSION_DENIED(7,e246c7e0): Could not resolve is_deactivated status for user 'ledger-api-user' and identity_provider_id 'Default' due to 'UserNotFound(ledger-api-user)' err-context:{location=UserBasedClaimResolver.scala:105} 
2026-01-20 15:44:47,651 [canton-env-ec-21] WARN  c.d.c.a.AuthInterceptor:participant=sandbox tid:17dfa29f8ae3cc9b618d41bcc0cdd789 - PERMISSION_DENIED(7,17dfa29f): Could not resolve is_deactivated status for user 'ledger-api-user' and identity_provider_id 'Default' due to 'UserNotFound(ledger-api-user)' err-context:{location=UserBasedClaimResolver.scala:105} 
2026-01-20 15:44:58,608 [canton-env-ec-21] WARN  c.d.c.a.AuthInterceptor:participant=sandbox tid:abeddc90e837752431f9a30806c0ad61 - PERMISSION_DENIED(7,abeddc90): Could not resolve is_deactivated status for user 'ledger-api-user' and identity_provider_id 'Default' due to 'UserNotFound(ledger-api-user)' err-context:{location=UserBasedClaimResolver.scala:105} 
2026-01-20 15:46:30,699 [canton-env-ec-29] WARN  c.d.c.a.AuthInterceptor:participant=sandbox tid:8230ff2ce5328bb70134f8fbbdb613a3 - PERMISSION_DENIED(7,8230ff2c): Could not resolve is_deactivated status for user 'ledger-api-user' and identity_provider_id 'Default' due to 'UserNotFound(ledger-api-user)' err-context:{location=UserBasedClaimResolver.scala:105} 
2026-01-20 15:46:43,225 [canton-env-ec-29] WARN  c.d.c.a.AuthInterceptor:participant=sandbox tid:45258ee9e0195783ca4e3378fdd43e7b - PERMISSION_DENIED(7,45258ee9): Could not resolve is_deactivated status for user 'ledger-api-user' and identity_provider_id 'Default' due to 'UserNotFound(ledger-api-user)' err-context:{location=UserBasedClaimResolver.scala:105} 
2026-01-20 15:47:34,627 [canton-env-ec-21] WARN  c.d.c.a.AuthInterceptor:participant=sandbox tid:9e1044d1391bf7fea47377539720ff9f - PERMISSION_DENIED(7,9e1044d1): Could not resolve is_deactivated status for user 'ledger-api-user' and identity_provider_id 'Default' due to 'UserNotFound(ledger-api-user)' err-context:{location=UserBasedClaimResolver.scala:105} 
